0 0.000000 0.000000 20.000000 20.000000 20.000000 20.000000 20.000000 20.000000 20.000000 20.000000 100.000000
1 0.000100 0.000000 19.838409 20.000000 20.000000 20.000000 20.000000 20.000000 20.000000 20.646364 100.000000
2 0.000200 0.000000 19.679429 19.998694 20.000000 20.000000 20.000000 20.000000 20.005222 21.282283 100.000000
3 0.000300 0.000000 19.523008 19.996125 19.999989 20.000000 20.000000 20.000042 20.015498 21.907968 100.000000
4 0.000400 0.000000 19.369094 19.992334 19.999958 20.000000 20.000000 20.000167 20.030664 22.523626 100.000000
5 0.000500 0.000000 19.217636 19.987360 19.999897 20.000000 20.000002 20.000412 20.050559 23.129458 100.000000
6 0.000600 0.000000 19.068585 19.981242 19.999797 19.999999 20.000005 20.000814 20.075030 23.725661 100.000000
7 0.000700 0.000000 18.921893 19.974019 19.999648 19.999997 20.000011 20.001407 20.103926 24.312427 100.000000
8 0.000800 0.000000 18.777514 19.965725 19.999444 19.999994 20.000023 20.002224 20.137100 24.889946 100.000000
9 0.000900 0.000000 18.635400 19.956397 19.999176 19.999990 20.000040 20.003296 20.174411 25.458400 100.000000
10 0.001000 0.000000 18.495508 19.946070 19.998837 19.999984 20.000066 20.004652 20.215721 26.017970 100.000000
11 0.001100 0.000000 18.357792 19.934776 19.998420 19.999975 20.000102 20.006320 20.260895 26.568831 100.000000
12 0.001200 0.000000 18.222211 19.922549 19.997918 19.999964 20.000152 20.008327 20.309804 27.111157 100.000000
13 0.001300 0.000000 18.088722 19.909420 19.997326 19.999949 20.000216 20.010697 20.362320 27.645114 100.000000
14 0.001400 0.000000 17.957283 19.895420 19.996637 19.999930 20.000299 20.013453 20.418321 28.170867 100.000000
15 0.001500 0.000000 17.827856 19.880578 19.995846 19.999906 20.000402 20.016618 20.477686 28.688576 100.000000
16 0.001600 0.000000 17.700400 19.864925 19.994947 19.999877 20.000529 20.020212 20.540301 29.198400 100.000000
17 0.001700 0.000000 17.574877 19.848487 19.993936 19.999843 20.000683 20.024255 20.606053 29.700491 100.000000
18 0.001800 0.000000 17.451250 19.831292 19.992809 19.999802 20.000866 20.028765 20.674831 30.195000 100.000000
19 0.001900 0.000000 17.329481 19.813368 19.991561 19.999754 20.001083 20.033760 20.746530 30.682074 100.000000
20 0.002000 0.000000 17.209536 19.794739 19.990187 19.999699 20.001337 20.039255 20.821046 31.161857 100.000000
21 0.002100 0.000000 17.091378 19.775430 19.988685 19.999635 20.001630 20.045265 20.898278 31.634489 100.000000
22 0.002200 0.000000 16.974973 19.755468 19.987050 19.999563 20.001966 20.051804 20.978130 32.100107 100.000000
23 0.002300 0.000000 16.860288 19.734873 19.985280 19.999481 20.002349 20.058886 21.060506 32.558847 100.000000
24 0.002400 0.000000 16.747290 19.713671 19.983372 19.999389 20.002783 20.066522 21.145315 33.010840 100.000000
25 0.002500 0.000000 16.635947 19.691883 19.981322 19.999287 20.003271 20.074723 21.232467 33.456213 100.000000
26 0.002600 0.000000 16.526226 19.669531 19.979129 19.999174 20.003816 20.083500 21.321875 33.895095 100.000000
27 0.002700 0.000000 16.418098 19.646636 19.976789 19.999050 20.004422 20.092861 21.413455 34.327606 100.000000
28 0.002800 0.000000 16.311533 19.623219 19.974302 19.998914 20.005093 20.102817 21.507126 34.753869 100.000000
29 0.002900 0.000000 16.206500 19.599298 19.971664 19.998765 20.005833 20.113373 21.602808 35.174000 100.000000
30 0.003000 0.000000 16.102971 19.574895 19.968874 19.998603 20.006645 20.124538 21.700423 35.588116 100.000000
31 0.003100 0.000000 16.000918 19.550026 19.965931 19.998428 20.007532 20.136318 21.799897 35.996328 100.000000
32 0.003200 0.000000 15.900313 19.524711 19.962834 19.998239 20.008499 20.148719 21.901156 36.398748 100.000000
33 0.003300 0.000000 15.801129 19.498968 19.959580 19.998035 20.009549 20.161745 22.004131 36.795484 100.000000
34 0.003400 0.000000 15.703340 19.472812 19.956169 19.997818 20.010686 20.175401 22.108753 37.186640 100.000000
35 0.003500 0.000000 15.606920 19.446262 19.952600 19.997585 20.011913 20.189690 22.214955 37.572321 100.000000
36 0.003600 0.000000 15.511843 19.419333 19.948873 19.997337 20.013233 20.204617 22.322672 37.952628 100.000000
37 0.003700 0.000000 15.418085 19.392041 19.944986 19.997074 20.014651 20.220184 22.431842 38.327659 100.000000
38 0.003800 0.000000 15.325622 19.364400 19.940939 19.996795 20.016170 20.236392 22.542404 38.697513 100.000000
39 0.003900 0.000000 15.234429 19.336427 19.936732 19.996501 20.017792 20.253245 22.654298 39.062283 100.000000
40 0.004000 0.000000 15.144484 19.308135 19.932365 19.996190 20.019523 20.270742 22.767468 39.422063 100.000000
41 0.004100 0.000000 15.055764 19.279538 19.927837 19.995863 20.021364 20.288884 22.881857 39.776944 100.000000
42 0.004200 0.000000 14.968247 19.250650 19.923149 19.995519 20.023319 20.307673 22.997412 40.127014 100.000000
43 0.004300 0.000000 14.881910 19.221483 19.918300 19.995159 20.025392 20.327107 23.114079 40.472361 100.000000
44 0.004400 0.000000 14.796733 19.192052 19.913291 19.994782 20.027586 20.347187 23.231809 40.813070 100.000000
45 0.004500 0.000000 14.712694 19.162367 19.908122 19.994389 20.029903 20.367911 23.350551 41.149225 100.000000
46 0.004600 0.000000 14.629773 19.132441 19.902794 19.993979 20.032347 20.389279 23.470258 41.480908 100.000000
47 0.004700 0.000000 14.547951 19.102285 19.897306 19.993552 20.034921 20.411288 23.590883 41.808197 100.000000
48 0.004800 0.000000 14.467207 19.071912 19.891661 19.993109 20.037627 20.433937 23.712381 42.131173 100.000000
49 0.004900 0.000000 14.387523 19.041331 19.885857 19.992649 20.040470 20.457223 23.834708 42.449911 100.000000
50 0.005000 0.000000 14.308879 19.010554 19.879897 19.992172 20.043450 20.481144 23.957822 42.764488 100.000000
51 0.005100 0.000000 14.231257 18.979590 19.873780 19.991679 20.046573 20.505698 24.081681 43.074975 100.000000
52 0.005200 0.000000 14.154639 18.948451 19.867508 19.991170 20.049839 20.530881 24.206246 43.381446 100.000000
53 0.005300 0.000000 14.079008 18.917144 19.861081 19.990645 20.053251 20.556689 24.331478 43.683972 100.000000
54 0.005400 0.000000 14.004346 18.885681 19.854502 19.990104 20.056813 20.583120 24.457338 43.982620 100.000000
55 0.005500 0.000000 13.930636 18.854070 19.847770 19.989548 20.060526 20.610170 24.583792 44.277460 100.000000
56 0.005600 0.000000 13.857862 18.822319 19.840886 19.988976 20.064394 20.637834 24.710803 44.568557 100.000000
57 0.005700 0.000000 13.786007 18.790438 19.833853 19.988389 20.068417 20.666109 24.838337 44.855976 100.000000
58 0.005800 0.000000 13.715056 18.758435 19.826672 19.987787 20.072600 20.694989 24.966360 45.139781 100.000000
59 0.005900 0.000000 13.644993 18.726318 19.819343 19.987170 20.076943 20.724472 25.094842 45.420035 100.000000
60 0.006000 0.000000 13.575802 18.694094 19.811867 19.986539 20.081450 20.754551 25.223749 45.696798 100.000000
61 0.006100 0.000000 13.507470 18.661772 19.804248 19.985895 20.086121 20.785221 25.353053 45.970130 100.000000
62 0.006200 0.000000 13.439980 18.629358 19.796485 19.985237 20.090960 20.816479 25.482724 46.240090 100.000000
63 0.006300 0.000000 13.373319 18.596860 19.788580 19.984566 20.095968 20.848318 25.612733 46.506736 100.000000
64 0.006400 0.000000 13.307472 18.564285 19.780535 19.983883 20.101146 20.880734 25.743053 46.770123 100.000000
65 0.006500 0.000000 13.242427 18.531639 19.772351 19.983188 20.106498 20.913721 25.873657 47.030307 100.000000
66 0.006600 0.000000 13.178168 18.498929 19.764030 19.982480 20.112023 20.947273 26.004519 47.287342 100.000000
67 0.006700 0.000000 13.114684 18.466161 19.755574 19.981762 20.117725 20.981384 26.135614 47.541281 100.000000
68 0.006800 0.000000 13.051961 18.433341 19.746983 19.981033 20.123605 21.016050 26.266918 47.792175 100.000000
69 0.006900 0.000000 12.989986 18.400476 19.738261 19.980294 20.129663 21.051264 26.398408 48.040077 100.000000
70 0.007000 0.000000 12.928747 18.367570 19.729408 19.979545 20.135903 21.087021 26.530060 48.285034 100.000000
71 0.007100 0.000000 12.868232 18.334630 19.720426 19.978788 20.142324 21.123314 26.661853 48.527098 100.000000
72 0.007200 0.000000 12.808429 18.301661 19.711317 19.978022 20.148929 21.160137 26.793766 48.766314 100.000000
73 0.007300 0.000000 12.749325 18.268668 19.702082 19.977248 20.155718 21.197484 26.925777 49.002731 100.000000
74 0.007400 0.000000 12.690910 18.235655 19.692724 19.976467 20.162693 21.235349 27.057867 49.236394 100.000000
75 0.007500 0.000000 12.633173 18.202629 19.683244 19.975679 20.169855 21.273726 27.190016 49.467348 100.000000
76 0.007600 0.000000 12.576101 18.169593 19.673644 19.974885 20.177205 21.312608 27.322206 49.695638 100.000000
77 0.007700 0.000000 12.519685 18.136552 19.663926 19.974086 20.184744 21.351989 27.454418 49.921308 100.000000
78 0.007800 0.000000 12.463913 18.103511 19.654092 19.973282 20.192473 21.391863 27.586636 50.144399 100.000000
79 0.007900 0.000000 12.408776 18.070474 19.644143 19.972474 20.200393 21.432224 27.718841 50.364953 100.000000
80 0.008000 0.000000 12.354263 18.037444 19.634081 19.971663 20.208504 21.473064 27.851019 50.583011 100.000000
81 0.008100 0.000000 12.300364 18.004427 19.623909 19.970849 20.216808 21.514379 27.983152 50.798614 100.000000
82 0.008200 0.000000 12.247069 17.971426 19.613627 19.970034 20.225304 21.556160 28.115226 51.011800 100.000000
83 0.008300 0.000000 12.194368 17.938444 19.603239 19.969217 20.233995 21.598401 28.247226 51.222609 100.000000
84 0.008400 0.000000 12.142253 17.905485 19.592745 19.968399 20.242880 21.641097 28.379137 51.431078 100.000000
85 0.008500 0.000000 12.090713 17.872554 19.582148 19.967582 20.251959 21.684241 28.510946 51.637243 100.000000
86 0.008600 0.000000 12.039741 17.839652 19.571450 19.966766 20.261234 21.727826 28.642640 51.841143 100.000000
87 0.008700 0.000000 11.989326 17.806784 19.560652 19.965951 20.270704 21.771845 28.774205 52.042811 100.000000
88 0.008800 0.000000 11.939460 17.773952 19.549756 19.965139 20.280371 21.816293 28.905629 52.242284 100.000000
89 0.008900 0.000000 11.890135 17.741160 19.538765 19.964330 20.290234 21.861162 29.036900 52.439595 100.000000
90 0.009000 0.000000 11.841342 17.708410 19.527680 19.963525 20.300293 21.906447 29.168007 52.634778 100.000000
91 0.009100 0.000000 11.793073 17.675706 19.516503 19.962725 20.310550 21.952140 29.298938 52.827867 100.000000
92 0.009200 0.000000 11.745319 17.643050 19.505236 19.961930 20.321003 21.998236 29.429683 53.018894 100.000000
93 0.009300 0.000000 11.698074 17.610445 19.493880 19.961142 20.331654 22.044728 29.560230 53.207890 100.000000
94 0.009400 0.000000 11.651328 17.577894 19.482439 19.960361 20.342501 22.091609 29.690571 53.394887 100.000000
95 0.009500 0.000000 11.605075 17.545398 19.470913 19.959587 20.353546 22.138874 29.820696 53.579915 100.000000
96 0.009600 0.000000 11.559307 17.512961 19.459304 19.958823 20.364788 22.186515 29.950594 53.763005 100.000000
97 0.009700 0.000000 11.514016 17.480584 19.447615 19.958067 20.376228 22.234527 30.080258 53.944186 100.000000
98 0.009800 0.000000 11.469195 17.448270 19.435847 19.957322 20.387864 22.282903 30.209678 54.123486 100.000000
99 0.009900 0.000000 11.424838 17.416021 19.424002 19.956588 20.399697 22.331638 30.338846 54.300935 100.000000
100 0.010000 0.000000 11.380937 17.383839 19.412082 19.955866 20.411727 22.380724 30.467755 54.476561 100.000000
101 0.010100 0.000000 11.337485 17.351727 19.400089 19.955156 20.423953 22.430155 30.596397 54.650390 100.000000
102 0.010200 0.000000 11.294477 17.319685 19.388025 19.954460 20.436375 22.479926 30.724763 54.822449 100.000000
103 0.010300 0.000000 11.251904 17.287716 19.375891 19.953778 20.448993 22.530031 30.852848 54.992765 100.000000
104 0.010400 0.000000 11.209761 17.255821 19.363689 19.953111 20.461807 22.580462 30.980643 55.161364 100.000000
105 0.010500 0.000000 11.168041 17.224003 19.351422 19.952460 20.474816 22.631215 31.108144 55.328271 100.000000
106 0.010600 0.000000 11.126738 17.192263 19.339091 19.951825 20.488019 22.682283 31.235342 55.493511 100.000000
107 0.010700 0.000000 11.085847 17.160603 19.326697 19.951207 20.501416 22.733660 31.362233 55.657109 100.000000
108 0.010800 0.000000 11.045360 17.129024 19.314243 19.950608 20.515008 22.785341 31.488811 55.819089 100.000000
109 0.010900 0.000000 11.005272 17.097527 19.301730 19.950028 20.528792 22.837319 31.615070 55.979473 100.000000
110 0.011000 0.000000 10.965578 17.066115 19.289160 19.949467 20.542769 22.889588 31.741004 56.138287 100.000000
111 0.011100 0.000000 10.926272 17.034788 19.276535 19.948927 20.556938 22.942144 31.866608 56.295551 100.000000
112 0.011200 0.000000 10.887347 17.003547 19.263857 19.948409 20.571298 22.994980 31.991879 56.451289 100.000000
113 0.011300 0.000000 10.848799 16.972395 19.251127 19.947912 20.585849 23.048090 32.116810 56.605523 100.000000
114 0.011400 0.000000 10.810623 16.941331 19.238347 19.947438 20.600590 23.101468 32.241398 56.758274 100.000000
115 0.011500 0.000000 10.772812 16.910358 19.225519 19.946988 20.615521 23.155111 32.365638 56.909563 100.000000
116 0.011600 0.000000 10.735363 16.879477 19.212644 19.946562 20.630640 23.209011 32.489527 57.059411 100.000000
117 0.011700 0.000000 10.698269 16.848688 19.199725 19.946161 20.645947 23.263163 32.613059 57.207839 100.000000
118 0.011800 0.000000 10.661525 16.817992 19.186763 19.945786 20.661441 23.317562 32.736233 57.354867 100.000000
119 0.011900 0.000000 10.625128 16.787391 19.173759 19.945438 20.677121 23.372202 32.859043 57.500514 100.000000
120 0.012000 0.000000 10.589071 16.756886 19.160715 19.945117 20.692987 23.427078 32.981488 57.644800 100.000000
121 0.012100 0.000000 10.553351 16.726477 19.147633 19.944824 20.709037 23.482186 33.103563 57.787743 100.000000
122 0.012200 0.000000 10.517962 16.696165 19.134515 19.944560 20.725271 23.537519 33.225265 57.929364 100.000000
123 0.012300 0.000000 10.482900 16.665951 19.121361 19.944326 20.741687 23.593072 33.346593 58.069679 100.000000
124 0.012400 0.000000 10.448161 16.635835 19.108174 19.944122 20.758285 23.648841 33.467543 58.208707 100.000000
125 0.012500 0.000000 10.413740 16.605820 19.094956 19.943949 20.775065 23.704820 33.588112 58.346466 100.000000
126 0.012600 0.000000 10.379633 16.575904 19.081707 19.943807 20.792024 23.761004 33.708298 58.482973 100.000000
127 0.012700 0.000000 10.345835 16.546090 19.068430 19.943698 20.809162 23.817389 33.828099 58.618245 100.000000
128 0.012800 0.000000 10.312342 16.516377 19.055126 19.943623 20.826478 23.873969 33.947513 58.752299 100.000000
129 0.012900 0.000000 10.279151 16.486766 19.041796 19.943581 20.843970 23.930740 34.066538 58.885152 100.000000
130 0.013000 0.000000 10.246257 16.457258 19.028442 19.943573 20.861639 23.987696 34.185171 59.016820 100.000000
131 0.013100 0.000000 10.213656 16.427854 19.015066 19.943601 20.879483 24.044834 34.303412 59.147320 100.000000
132 0.013200 0.000000 10.181345 16.398553 19.001669 19.943664 20.897500 24.102148 34.421258 59.276665 100.000000
133 0.013300 0.000000 10.149319 16.369356 18.988252 19.943764 20.915690 24.159634 34.538709 59.404873 100.000000
134 0.013400 0.000000 10.117575 16.340265 18.974817 19.943901 20.934051 24.217287 34.655761 59.531958 100.000000
135 0.013500 0.000000 10.086109 16.311278 18.961365 19.944076 20.952583 24.275102 34.772416 59.657936 100.000000
136 0.013600 0.000000 10.054917 16.282398 18.947898 19.944290 20.971284 24.333076 34.888670 59.782820 100.000000
137 0.013700 0.000000 10.023996 16.253623 18.934418 19.944542 20.990153 24.391204 35.004523 59.906626 100.000000
138 0.013800 0.000000 9.993342 16.224955 18.920925 19.944834 21.009190 24.449481 35.119974 60.029367 100.000000
139 0.013900 0.000000 9.962952 16.196393 18.907421 19.945167 21.028392 24.507903 35.235023 60.151058 100.000000
140 0.014000 0.000000 9.932823 16.167939 18.893907 19.945540 21.047759 24.566466 35.349668 60.271712 100.000000
141 0.014100 0.000000 9.902950 16.139592 18.880386 19.945955 21.067289 24.625166 35.463908 60.391343 100.000000
142 0.014200 0.000000 9.873332 16.111353 18.866857 19.946412 21.086982 24.683998 35.577744 60.509964 100.000000
143 0.014300 0.000000 9.843964 16.083222 18.853323 19.946912 21.106835 24.742959 35.691174 60.627587 100.000000
144 0.014400 0.000000 9.814844 16.055198 18.839784 19.947455 21.126849 24.802044 35.804198 60.744227 100.000000
145 0.014500 0.000000 9.785967 16.027284 18.826243 19.948042 21.147021 24.861250 35.916816 60.859896 100.000000
146 0.014600 0.000000 9.757333 15.999478 18.812699 19.948673 21.167351 24.920572 36.029027 60.974605 100.000000
147 0.014700 0.000000 9.728936 15.971781 18.799156 19.949350 21.187837 24.980006 36.140831 61.088367 100.000000
148 0.014800 0.000000 9.700774 15.944192 18.785613 19.950071 21.208478 25.039549 36.252228 61.201195 100.000000
149 0.014900 0.000000 9.672845 15.916713 18.772073 19.950839 21.229273 25.099198 36.363218 61.313100 100.000000
150 0.015000 0.000000 9.645146 15.889343 18.758535 19.951653 21.250220 25.158947 36.473801 61.424093 100.000000
151 0.015100 0.000000 9.617673 15.862083 18.745003 19.952515 21.271318 25.218794 36.583976 61.534186 100.000000
152 0.015200 0.000000 9.590424 15.834932 18.731476 19.953424 21.292566 25.278735 36.693745 61.643391 100.000000
153 0.015300 0.000000 9.563396 15.807891 18.717956 19.954381 21.313963 25.338767 36.803107 61.751718 100.000000
154 0.015400 0.000000 9.536586 15.780959 18.704444 19.955387 21.335508 25.398885 36.912062 61.859178 100.000000
155 0.015500 0.000000 9.509993 15.754137 18.690941 19.956442 21.357198 25.459086 37.020611 61.965783 100.000000
156 0.015600 0.000000 9.483612 15.727425 18.677449 19.957546 21.379034 25.519368 37.128754 62.071542 100.000000
157 0.015700 0.000000 9.457443 15.700823 18.663968 19.958700 21.401013 25.579725 37.236491 62.176466 100.000000
158 0.015800 0.000000 9.431481 15.674331 18.650500 19.959905 21.423134 25.640156 37.343823 62.280565 100.000000
159 0.015900 0.000000 9.405725 15.647948 18.637046 19.961161 21.445396 25.700657 37.450751 62.383849 100.000000
160 0.016000 0.000000 9.380173 15.621676 18.623607 19.962468 21.467798 25.761225 37.557274 62.486329 100.000000
161 0.016100 0.000000 9.354821 15.595513 18.610183 19.963827 21.490338 25.821855 37.663394 62.588013 100.000000
162 0.016200 0.000000 9.329668 15.569461 18.596777 19.965238 21.513016 25.882547 37.769110 62.688912 100.000000
163 0.016300 0.000000 9.304711 15.543518 18.583388 19.966702 21.535829 25.943295 37.874425 62.789035 100.000000
164 0.016400 0.000000 9.279948 15.517685 18.570019 19.968218 21.558777 26.004097 37.979337 62.888391 100.000000
165 0.016500 0.000000 9.255377 15.491962 18.556670 19.969789 21.581858 26.064950 38.083849 62.986990 100.000000
166 0.016600 0.000000 9.230995 15.466349 18.543342 19.971413 21.605071 26.125852 38.187961 63.084840 100.000000
167 0.016700 0.000000 9.206801 15.440845 18.530036 19.973091 21.628415 26.186798 38.291673 63.181950 100.000000
168 0.016800 0.000000 9.182792 15.415451 18.516753 19.974824 21.651888 26.247787 38.394988 63.278329 100.000000
169 0.016900 0.000000 9.158966 15.390166 18.503494 19.976612 21.675489 26.308816 38.497904 63.373986 100.000000
170 0.017000 0.000000 9.135321 15.364991 18.490261 19.978455 21.699217 26.369880 38.600424 63.468929 100.000000
171 0.017100 0.000000 9.111855 15.339926 18.477053 19.980353 21.723070 26.430979 38.702548 63.563166 100.000000
172 0.017200 0.000000 9.088566 15.314969 18.463872 19.982308 21.747048 26.492109 38.804278 63.656706 100.000000
173 0.017300 0.000000 9.065451 15.290122 18.450719 19.984319 21.771148 26.553268 38.905614 63.749556 100.000000
174 0.017400 0.000000 9.042511 15.265384 18.437594 19.986387 21.795371 26.614452 39.006557 63.841725 100.000000
175 0.017500 0.000000 9.019741 15.240754 18.424500 19.988512 21.819713 26.675659 39.107108 63.933221 100.000000
176 0.017600 0.000000 8.997140 15.216234 18.411435 19.990694 21.844175 26.736888 39.207269 64.024051 100.000000
177 0.017700 0.000000 8.974707 15.191822 18.398402 19.992933 21.868754 26.798134 39.307041 64.114223 100.000000
178 0.017800 0.000000 8.952440 15.167519 18.385402 19.995231 21.893450 26.859396 39.406425 64.203744 100.000000
179 0.017900 0.000000 8.930336 15.143324 18.372434 19.997587 21.918261 26.920672 39.505421 64.292622 100.000000
180 0.018000 0.000000 8.908395 15.119238 18.359500 20.000001 21.943186 26.981958 39.604031 64.380864 100.000000
181 0.018100 0.000000 8.886614 15.095259 18.346601 20.002473 21.968224 27.043253 39.702257 64.468477 100.000000
182 0.018200 0.000000 8.864991 15.071389 18.333737 20.005005 21.993374 27.104554 39.800099 64.555468 100.000000
183 0.018300 0.000000 8.843526 15.047626 18.320910 20.007596 22.018633 27.165859 39.897559 64.641844 100.000000
184 0.018400 0.000000 8.822216 15.023971 18.308119 20.010247 22.044002 27.227166 39.994638 64.727613 100.000000
185 0.018500 0.000000 8.801059 15.000423 18.295367 20.012957 22.069478 27.288472 40.091337 64.812780 100.000000
186 0.018600 0.000000 8.780055 14.976983 18.282653 20.015727 22.095061 27.349776 40.187658 64.897353 100.000000
187 0.018700 0.000000 8.759201 14.953650 18.269979 20.018557 22.120749 27.411074 40.283601 64.981337 100.000000
188 0.018800 0.000000 8.738496 14.930424 18.257344 20.021448 22.146541 27.472366 40.379169 65.064740 100.000000
189 0.018900 0.000000 8.717938 14.907304 18.244750 20.024399 22.172435 27.533649 40.474362 65.147568 100.000000
190 0.019000 0.000000 8.697526 14.884291 18.232198 20.027411 22.198432 27.594921 40.569182 65.229827 100.000000
191 0.019100 0.000000 8.677259 14.861384 18.219688 20.030484 22.224528 27.656179 40.663630 65.311524 100.000000
192 0.019200 0.000000 8.657134 14.838584 18.207221 20.033618 22.250724 27.717423 40.757708 65.392663 100.000000
193 0.019300 0.000000 8.637151 14.815889 18.194798 20.036814 22.277018 27.778650 40.851417 65.473253 100.000000
194 0.019400 0.000000 8.617308 14.793301 18.182419 20.040071 22.303408 27.839858 40.944758 65.553297 100.000000
195 0.019500 0.000000 8.597604 14.770817 18.170085 20.043390 22.329894 27.901045 41.037733 65.632803 100.000000
196 0.019600 0.000000 8.578037 14.748440 18.157796 20.046771 22.356474 27.962210 41.130343 65.711775 100.000000
197 0.019700 0.000000 8.558606 14.726167 18.145554 20.050213 22.383148 28.023351 41.222589 65.790220 100.000000
198 0.019800 0.000000 8.539309 14.703999 18.133358 20.053718 22.409913 28.084465 41.314474 65.868143 100.000000
199 0.019900 0.000000 8.520146 14.681936 18.121210 20.057285 22.436769 28.145552 41.405998 65.945550 100.000000
200 0.020000 0.000000 8.501115 14.659978 18.109110 20.060915 22.463715 28.206609 41.497163 66.022447 100.000000
201 0.020100 0.000000 8.482214 14.638123 18.097058 20.064607 22.490749 28.267635 41.587970 66.098837 100.000000
202 0.020200 0.000000 8.463443 14.616373 18.085056 20.068362 22.517870 28.328628 41.678422 66.174728 100.000000
203 0.020300 0.000000 8.444800 14.594727 18.073103 20.072180 22.545078 28.389587 41.768518 66.250123 100.000000
204 0.020400 0.000000 8.426284 14.573184 18.061201 20.076060 22.572371 28.450509 41.858261 66.325028 100.000000
205 0.020500 0.000000 8.407894 14.551745 18.049350 20.080004 22.599748 28.511394 41.947652 66.399449 100.000000
206 0.020600 0.000000 8.389629 14.530409 18.037550 20.084010 22.627207 28.572240 42.036693 66.473390 100.000000
207 0.020700 0.000000 8.371487 14.509176 18.025802 20.088080 22.654748 28.633045 42.125386 66.546856 100.000000
208 0.020800 0.000000 8.353467 14.488046 18.014107 20.092214 22.682370 28.693808 42.213731 66.619852 100.000000
209 0.020900 0.000000 8.335568 14.467018 18.002465 20.096410 22.710071 28.754527 42.301730 66.692383 100.000000
210 0.021000 0.000000 8.317789 14.446093 17.990877 20.100670 22.737850 28.815201 42.389385 66.764454 100.000000
211 0.021100 0.000000 8.300129 14.425269 17.979342 20.104994 22.765707 28.875829 42.476696 66.836069 100.000000
212 0.021200 0.000000 8.282587 14.404547 17.967862 20.109381 22.793640 28.936409 42.563667 66.907232 100.000000
213 0.021300 0.000000 8.265162 14.383927 17.956437 20.113831 22.821647 28.996940 42.650298 66.977949 100.000000
214 0.021400 0.000000 8.247853 14.363409 17.945068 20.118346 22.849729 29.057420 42.736590 67.048223 100.000000
215 0.021500 0.000000 8.230658 14.342991 17.933754 20.122924 22.877884 29.117849 42.822546 67.118060 100.000000
216 0.021600 0.000000 8.213577 14.322674 17.922497 20.127565 22.906111 29.178225 42.908166 67.187464 100.000000
217 0.021700 0.000000 8.196608 14.302458 17.911297 20.132271 22.934409 29.238546 42.993452 67.256438 100.000000
218 0.021800 0.000000 8.179751 14.282343 17.900154 20.137041 22.962776 29.298812 43.078406 67.324988 100.000000
219 0.021900 0.000000 8.163005 14.262327 17.889068 20.141874 22.991212 29.359021 43.163030 67.393117 100.000000
220 0.022000 0.000000 8.146368 14.242412 17.878041 20.146771 23.019716 29.419172 43.247324 67.460829 100.000000
221 0.022100 0.000000 8.129840 14.222596 17.867073 20.151732 23.048287 29.479265 43.331290 67.528129 100.000000
222 0.022200 0.000000 8.113420 14.202879 17.856163 20.156757 23.076924 29.539297 43.414930 67.595021 100.000000
223 0.022300 0.000000 8.097107 14.183262 17.845313 20.161846 23.105625 29.599267 43.498245 67.661508 100.000000
224 0.022400 0.000000 8.080900 14.163744 17.834522 20.166998 23.134390 29.659176 43.581237 67.727595 100.000000
225 0.022500 0.000000 8.064798 14.144325 17.823792 20.172215 23.163217 29.719021 43.663907 67.793285 100.000000
226 0.022600 0.000000 8.048800 14.125004 17.813122 20.177495 23.192107 29.778801 43.746256 67.858582 100.000000
227 0.022700 0.000000 8.032905 14.105781 17.802513 20.182840 23.221057 29.838516 43.828287 67.923490 100.000000
228 0.022800 0.000000 8.017113 14.086657 17.791965 20.188248 23.250067 29.898165 43.910001 67.988013 100.000000
229 0.022900 0.000000 8.001422 14.067630 17.781479 20.193720 23.279136 29.957746 43.991399 68.052154 100.000000
230 0.023000 0.000000 7.985832 14.048700 17.771054 20.199256 23.308262 30.017259 44.072483 68.115917 100.000000
231 0.023100 0.000000 7.970342 14.029868 17.760692 20.204855 23.337446 30.076702 44.153253 68.179306 100.000000
232 0.023200 0.000000 7.954951 14.011133 17.750392 20.210519 23.366686 30.136075 44.233713 68.242324 100.000000
233 0.023300 0.000000 7.939658 13.992495 17.740155 20.216246 23.395981 30.195377 44.313863 68.304974 100.000000
234 0.023400 0.000000 7.924463 13.973954 17.729982 20.222036 23.425330 30.254606 44.393704 68.367261 100.000000
235 0.023500 0.000000 7.909364 13.955509 17.719871 20.227890 23.454732 30.313763 44.473238 68.429186 100.000000
236 0.023600 0.000000 7.894362 13.937160 17.709825 20.233808 23.484187 30.372846 44.552467 68.490755 100.000000
237 0.023700 0.000000 7.879454 13.918907 17.699843 20.239789 23.513693 30.431854 44.631393 68.551969 100.000000
238 0.023800 0.000000 7.864641 13.900749 17.689924 20.245834 23.543250 30.490787 44.710015 68.612833 100.000000
239 0.023900 0.000000 7.849922 13.882687 17.680071 20.251942 23.572856 30.549644 44.788337 68.673350 100.000000
240 0.024000 0.000000 7.835296 13.864720 17.670283 20.258113 23.602511 30.608424 44.866359 68.733522 100.000000
241 0.024100 0.000000 7.820762 13.846848 17.660559 20.264348 23.632214 30.667126 44.944083 68.793354 100.000000
242 0.024200 0.000000 7.806319 13.829070 17.650901 20.270645 23.661965 30.725750 45.021511 68.852847 100.000000
243 0.024300 0.000000 7.791968 13.811387 17.641309 20.277006 23.691761 30.784294 45.098643 68.912005 100.000000
244 0.024400 0.000000 7.777706 13.793799 17.631782 20.283430 23.721603 30.842759 45.175482 68.970832 100.000000
245 0.024500 0.000000 7.763534 13.776304 17.622322 20.289916 23.751489 30.901143 45.252028 69.029330 100.000000
246 0.024600 0.000000 7.749451 13.758903 17.612928 20.296466 23.781420 30.959446 45.328284 69.087502 100.000000
247 0.024700 0.000000 7.735456 13.741595 17.603601 20.303078 23.811393 31.017666 45.404250 69.145351 100.000000
248 0.024800 0.000000 7.721548 13.724381 17.594340 20.309753 23.841408 31.075805 45.479928 69.202880 100.000000
249 0.024900 0.000000 7.707727 13.707259 17.585146 20.316490 23.871464 31.133860 45.555320 69.260091 100.000000
250 0.025000 0.000000 7.693992 13.690231 17.576020 20.323290 23.901561 31.191831 45.630426 69.316989 100.000000
251 0.025100 0.000000 7.680343 13.673295 17.566961 20.330152 23.931698 31.249718 45.705249 69.373574 100.000000
252 0.025200 0.000000 7.666779 13.656451 17.557970 20.337076 23.961873 31.307520 45.779789 69.429851 100.000000
253 0.025300 0.000000 7.653299 13.639699 17.549046 20.344062 23.992087 31.365237 45.854048 69.485822 100.000000
254 0.025400 0.000000 7.639903 13.623040 17.540191 20.351111 24.022338 31.422867 45.928028 69.541489 100.000000
255 0.025500 0.000000 7.626590 13.606471 17.531403 20.358221 24.052625 31.480411 46.001730 69.596856 100.000000
256 0.025600 0.000000 7.613359 13.589995 17.522684 20.365393 24.082949 31.537868 46.075155 69.651924 100.000000
257 0.025700 0.000000 7.600210 13.573609 17.514033 20.372626 24.113307 31.595237 46.148304 69.706697 100.000000
258 0.025800 0.000000 7.587143 13.557314 17.505451 20.379921 24.143700 31.652518 46.221180 69.761177 100.000000
259 0.025900 0.000000 7.574157 13.541110 17.496938 20.387278 24.174126 31.709710 46.293783 69.815366 100.000000
260 0.026000 0.000000 7.561251 13.524996 17.488494 20.394696 24.204585 31.766813 46.366114 69.869268 100.000000
261 0.026100 0.000000 7.548424 13.508973 17.480119 20.402174 24.235077 31.823827 46.438176 69.922884 100.000000
262 0.026200 0.000000 7.535677 13.493039 17.471813 20.409714 24.265599 31.880750 46.509969 69.976217 100.000000
263 0.026300 0.000000 7.523008 13.477196 17.463577 20.417315 24.296153 31.937584 46.581495 70.029269 100.000000
264 0.026400 0.000000 7.510417 13.461442 17.455410 20.424976 24.326736 31.994326 46.652755 70.082043 100.000000
265 0.026500 0.000000 7.497904 13.445777 17.447312 20.432698 24.357349 32.050977 46.723751 70.134541 100.000000
266 0.026600 0.000000 7.485468 13.430201 17.439285 20.440481 24.387991 32.107537 46.794483 70.186766 100.000000
267 0.026700 0.000000 7.473108 13.414714 17.431327 20.448323 24.418660 32.164004 46.864953 70.238719 100.000000
268 0.026800 0.000000 7.460825 13.399316 17.423439 20.456226 24.449357 32.220379 46.935163 70.290403 100.000000
269 0.026900 0.000000 7.448617 13.384006 17.415621 20.464189 24.480080 32.276661 47.005114 70.341821 100.000000
270 0.027000 0.000000 7.436484 13.368784 17.407874 20.472211 24.510829 32.332850 47.074807 70.392974 100.000000
271 0.027100 0.000000 7.424425 13.353650 17.400196 20.480294 24.541604 32.388946 47.144243 70.443865 100.000000
272 0.027200 0.000000 7.412441 13.338604 17.392589 20.488436 24.572403 32.444948 47.213423 70.494495 100.000000
273 0.027300 0.000000 7.400530 13.323645 17.385053 20.496637 24.603226 32.500856 47.282350 70.544868 100.000000
274 0.027400 0.000000 7.388692 13.308773 17.377587 20.504897 24.634073 32.556669 47.351023 70.594985 100.000000
275 0.027500 0.000000 7.376927 13.293989 17.370191 20.513216 24.664942 32.612388 47.419446 70.644848 100.000000
276 0.027600 0.000000 7.365234 13.279291 17.362867 20.521595 24.695834 32.668011 47.487618 70.694460 100.000000
277 0.027700 0.000000 7.353613 13.264680 17.355613 20.530032 24.726747 32.723540 47.555541 70.743822 100.000000
278 0.027800 0.000000 7.342063 13.250156 17.348429 20.538527 24.757681 32.778972 47.623216 70.792936 100.000000
279 0.027900 0.000000 7.330584 13.235717 17.341317 20.547081 24.788635 32.834309 47.690645 70.841805 100.000000
280 0.028000 0.000000 7.319176 13.221365 17.334276 20.555693 24.819609 32.889550 47.757829 70.890430 100.000000
281 0.028100 0.000000 7.307837 13.207098 17.327305 20.564364 24.850602 32.944695 47.824768 70.938813 100.000000
282 0.028200 0.000000 7.296568 13.192916 17.320406 20.573092 24.881613 32.999743 47.891465 70.986957 100.000000
283 0.028300 0.000000 7.285368 13.178820 17.313577 20.581877 24.912643 33.054694 47.957921 71.034863 100.000000
284 0.028400 0.000000 7.274237 13.164809 17.306820 20.590720 24.943690 33.109549 48.024136 71.082534 100.000000
285 0.028500 0.000000 7.263174 13.150883 17.300134 20.599621 24.974754 33.164306 48.090112 71.129970 100.000000
286 0.028600 0.000000 7.252180 13.137041 17.293519 20.608579 25.005834 33.218965 48.155850 71.177174 100.000000
287 0.028700 0.000000 7.241252 13.123284 17.286975 20.617593 25.036929 33.273528 48.221351 71.224148 100.000000
288 0.028800 0.000000 7.230392 13.109611 17.280503 20.626665 25.068040 33.327992 48.286617 71.270894 100.000000
289 0.028900 0.000000 7.219599 13.096022 17.274102 20.635793 25.099166 33.382359 48.351649 71.317413 100.000000
290 0.029000 0.000000 7.208872 13.082516 17.267772 20.644977 25.130306 33.436627 48.416447 71.363707 100.000000
291 0.029100 0.000000 7.198211 13.069094 17.261513 20.654218 25.161459 33.490798 48.481014 71.409778 100.000000
292 0.029200 0.000000 7.187615 13.055756 17.255325 20.663515 25.192625 33.544870 48.545350 71.455627 100.000000
293 0.029300 0.000000 7.177085 13.042500 17.249209 20.672868 25.223804 33.598843 48.609456 71.501257 100.000000
294 0.029400 0.000000 7.166619 13.029328 17.243164 20.682276 25.254995 33.652718 48.673334 71.546669 100.000000
295 0.029500 0.000000 7.156218 13.016238 17.237191 20.691740 25.286197 33.706494 48.736985 71.591865 100.000000
296 0.029600 0.000000 7.145881 13.003230 17.231289 20.701259 25.317410 33.760171 48.800409 71.636846 100.000000
297 0.029700 0.000000 7.135608 12.990305 17.225458 20.710833 25.348634 33.813749 48.863609 71.681614 100.000000
298 0.029800 0.000000 7.125399 12.977462 17.219698 20.720462 25.379868 33.867228 48.926584 71.726171 100.000000
299 0.029900 0.000000 7.115252 12.964700 17.214010 20.730146 25.411111 33.920608 48.989337 71.770519 100.000000
300 0.030000 0.000000 7.105168 12.952021 17.208393 20.739885 25.442364 33.973888 49.051869 71.814658 100.000000
301 0.030100 0.000000 7.095147 12.939422 17.202847 20.749678 25.473625 34.027069 49.114179 71.858591 100.000000
302 0.030200 0.000000 7.085187 12.926905 17.197372 20.759524 25.504894 34.080151 49.176271 71.902318 100.000000
303 0.030300 0.000000 7.075290 12.914469 17.191969 20.769425 25.536171 34.133133 49.238144 71.945843 100.000000
304 0.030400 0.000000 7.065453 12.902114 17.186637 20.779380 25.567455 34.186016 49.299800 71.989165 100.000000
305 0.030500 0.000000 7.055678 12.889839 17.181376 20.789388 25.598745 34.238799 49.361240 72.032288 100.000000
306 0.030600 0.000000 7.045964 12.877644 17.176186 20.799449 25.630042 34.291482 49.422465 72.075211 100.000000
307 0.030700 0.000000 7.036310 12.865530 17.171067 20.809564 25.661345 34.344065 49.483477 72.117937 100.000000
308 0.030800 0.000000 7.026716 12.853495 17.166019 20.819731 25.692654 34.396549 49.544275 72.160467 100.000000
309 0.030900 0.000000 7.017181 12.841541 17.161042 20.829952 25.723967 34.448933 49.604862 72.202803 100.000000
310 0.031000 0.000000 7.007707 12.829666 17.156136 20.840224 25.755285 34.501217 49.665238 72.244946 100.000000
311 0.031100 0.000000 6.998291 12.817870 17.151301 20.850550 25.786607 34.553401 49.725404 72.286897 100.000000
312 0.031200 0.000000 6.988935 12.806153 17.146537 20.860927 25.817932 34.605486 49.785362 72.328659 100.000000
313 0.031300 0.000000 6.979636 12.794515 17.141844 20.871356 25.849262 34.657470 49.845112 72.370231 100.000000
314 0.031400 0.000000 6.970397 12.782956 17.137221 20.881837 25.880594 34.709355 49.904656 72.411616 100.000000
315 0.031500 0.000000 6.961215 12.771475 17.132669 20.892369 25.911928 34.761139 49.963994 72.452815 100.000000
316 0.031600 0.000000 6.952091 12.760073 17.128188 20.902953 25.943265 34.812824 50.023128 72.493830 100.000000
317 0.031700 0.000000 6.943024 12.748749 17.123777 20.913588 25.974603 34.864409 50.082058 72.534661 100.000000
318 0.031800 0.000000 6.934015 12.737502 17.119437 20.924274 26.005942 34.915894 50.140786 72.575310 100.000000
319 0.031900 0.000000 6.925062 12.726334 17.115168 20.935010 26.037283 34.967279 50.199313 72.615779 100.000000
320 0.032000 0.000000 6.916166 12.715243 17.110968 20.945797 26.068624 35.018564 50.257640 72.656068 100.000000
321 0.032100 0.000000 6.907326 12.704229 17.106839 20.956634 26.099966 35.069749 50.315767 72.696179 100.000000
322 0.032200 0.000000 6.898542 12.693292 17.102781 20.967522 26.131307 35.120835 50.373695 72.736113 100.000000
323 0.032300 0.000000 6.889814 12.682432 17.098792 20.978459 26.162647 35.171821 50.431427 72.775872 100.000000
324 0.032400 0.000000 6.881142 12.671649 17.094873 20.989446 26.193987 35.222707 50.488962 72.815457 100.000000
325 0.032500 0.000000 6.872524 12.660942 17.091025 21.000482 26.225325 35.273493 50.546301 72.854868 100.000000
326 0.032600 0.000000 6.863962 12.650312 17.087246 21.011568 26.256662 35.324180 50.603446 72.894108 100.000000
327 0.032700 0.000000 6.855455 12.639757 17.083537 21.022702 26.287997 35.374767 50.660398 72.933178 100.000000
328 0.032800 0.000000 6.847001 12.629279 17.079898 21.033885 26.319330 35.425255 50.717157 72.972077 100.000000
329 0.032900 0.000000 6.838602 12.618876 17.076329 21.045118 26.350660 35.475644 50.773725 73.010809 100.000000
330 0.033000 0.000000 6.830257 12.608549 17.072829 21.056398 26.381987 35.525932 50.830102 73.049374 100.000000
331 0.033100 0.000000 6.821966 12.598297 17.069399 21.067727 26.413310 35.576122 50.886289 73.087773 100.000000
332 0.033200 0.000000 6.813728 12.588120 17.066038 21.079103 26.444630 35.626213 50.942288 73.126007 100.000000
333 0.033300 0.000000 6.805544 12.578018 17.062746 21.090528 26.475946 35.676204 50.998099 73.164077 100.000000
334 0.033400 0.000000 6.797412 12.567990 17.059524 21.101999 26.507258 35.726096 51.053723 73.201986 100.000000
335 0.033500 0.000000 6.789333 12.558038 17.056371 21.113519 26.538565 35.775889 51.109161 73.239732 100.000000
336 0.033600 0.000000 6.781306 12.548159 17.053286 21.125085 26.569868 35.825584 51.164414 73.277319 100.000000
337 0.033700 0.000000 6.773332 12.538355 17.050271 21.136699 26.601165 35.875179 51.219484 73.314747 100.000000
338 0.033800 0.000000 6.765410 12.528624 17.047324 21.148359 26.632456 35.924676 51.274369 73.352017 100.000000
339 0.033900 0.000000 6.757540 12.518967 17.044446 21.160065 26.663742 35.974074 51.329073 73.389130 100.000000
340 0.034000 0.000000 6.749721 12.509384 17.041637 21.171818 26.695022 36.023373 51.383595 73.426087 100.000000
341 0.034100 0.000000 6.741953 12.499874 17.038896 21.183617 26.726295 36.072575 51.437937 73.462889 100.000000
342 0.034200 0.000000 6.734237 12.490437 17.036223 21.195462 26.757561 36.121677 51.492099 73.499537 100.000000
343 0.034300 0.000000 6.726571 12.481074 17.033619 21.207353 26.788821 36.170682 51.546083 73.536033 100.000000
344 0.034400 0.000000 6.718956 12.471782 17.031083 21.219289 26.820073 36.219588 51.599889 73.572378 100.000000
345 0.034500 0.000000 6.711392 12.462564 17.028615 21.231270 26.851318 36.268397 51.653517 73.608571 100.000000
346 0.034600 0.000000 6.703878 12.453418 17.026215 21.243297 26.882555 36.317108 51.706970 73.644615 100.000000
347 0.034700 0.000000 6.696414 12.444344 17.023882 21.255368 26.913784 36.365721 51.760248 73.680511 100.000000
348 0.034800 0.000000 6.688999 12.435342 17.021617 21.267484 26.945005 36.414236 51.813351 73.716259 100.000000
349 0.034900 0.000000 6.681635 12.426412 17.019420 21.279644 26.976217 36.462654 51.866280 73.751860 100.000000
350 0.035000 0.000000 6.674319 12.417553 17.017290 21.291849 27.007420 36.510974 51.919037 73.787316 100.000000
351 0.035100 0.000000 6.667053 12.408766 17.015227 21.304097 27.038614 36.559197 51.971622 73.822627 100.000000
352 0.035200 0.000000 6.659836 12.400050 17.013232 21.316390 27.069798 36.607323 52.024036 73.857794 100.000000
353 0.035300 0.000000 6.652667 12.391405 17.011304 21.328725 27.100973 36.655353 52.076280 73.892819 100.000000
354 0.035400 0.000000 6.645547 12.382831 17.009442 21.341105 27.132139 36.703285 52.128355 73.927701 100.000000
355 0.035500 0.000000 6.638476 12.374327 17.007648 21.353527 27.163294 36.751121 52.180261 73.962443 100.000000
356 0.035600 0.000000 6.631452 12.365894 17.005920 21.365992 27.194438 36.798860 52.232000 73.997045 100.000000
357 0.035700 0.000000 6.624477 12.357532 17.004258 21.378501 27.225572 36.846502 52.283571 74.031508 100.000000
358 0.035800 0.000000 6.617549 12.349239 17.002663 21.391051 27.256696 36.894049 52.334977 74.065832 100.000000
359 0.035900 0.000000 6.610669 12.341016 17.001134 21.403644 27.287808 36.941499 52.386217 74.100020 100.000000
360 0.036000 0.000000 6.603837 12.332863 16.999671 21.416279 27.318909 36.988853 52.437293 74.134071 100.000000
361 0.036100 0.000000 6.597051 12.324779 16.998274 21.428956 27.349998 37.036112 52.488206 74.167986 100.000000
362 0.036200 0.000000 6.590313 12.316765 16.996943 21.441675 27.381076 37.083275 52.538955 74.201767 100.000000
363 0.036300 0.000000 6.583621 12.308820 16.995678 21.454435 27.412142 37.130343 52.589542 74.235415 100.000000
364 0.036400 0.000000 6.576976 12.300944 16.994478 21.467237 27.443196 37.177315 52.639968 74.268929 100.000000
365 0.036500 0.000000 6.570377 12.293137 16.993344 21.480080 27.474237 37.224192 52.690234 74.302311 100.000000
366 0.036600 0.000000 6.563825 12.285398 16.992275 21.492963 27.505266 37.270974 52.740340 74.335562 100.000000
367 0.036700 0.000000 6.557318 12.277727 16.991271 21.505887 27.536282 37.317661 52.790287 74.368683 100.000000
368 0.036800 0.000000 6.550858 12.270125 16.990332 21.518852 27.567285 37.364253 52.840075 74.401675 100.000000
369 0.036900 0.000000 6.544443 12.262591 16.989458 21.531857 27.598274 37.410751 52.889706 74.434537 100.000000
370 0.037000 0.000000 6.538074 12.255125 16.988649 21.544902 27.629251 37.457155 52.939181 74.467272 100.000000
371 0.037100 0.000000 6.531750 12.247726 16.987904 21.557987 27.660213 37.503465 52.988500 74.499880 100.000000
372 0.037200 0.000000 6.525472 12.240395 16.987224 21.571112 27.691162 37.549680 53.037663 74.532361 100.000000
373 0.037300 0.000000 6.519238 12.233131 16.986608 21.584276 27.722098 37.595802 53.086672 74.564717 100.000000
374 0.037400 0.000000 6.513049 12.225934 16.986056 21.597479 27.753018 37.641830 53.135527 74.596948 100.000000
375 0.037500 0.000000 6.506905 12.218804 16.985568 21.610721 27.783925 37.687765 53.184230 74.629056 100.000000
376 0.037600 0.000000 6.500806 12.211740 16.985143 21.624003 27.814817 37.733606 53.232780 74.661040 100.000000
377 0.037700 0.000000 6.494750 12.204744 16.984783 21.637322 27.845694 37.779354 53.281178 74.692902 100.000000
378 0.037800 0.000000 6.488739 12.197813 16.984486 21.650681 27.876557 37.825010 53.329426 74.724642 100.000000
379 0.037900 0.000000 6.482772 12.190949 16.984252 21.664077 27.907404 37.870572 53.377524 74.756261 100.000000
380 0.038000 0.000000 6.476849 12.184151 16.984081 21.677512 27.938237 37.916042 53.425472 74.787761 100.000000
381 0.038100 0.000000 6.470969 12.177418 16.983974 21.690984 27.969054 37.961420 53.473272 74.819140 100.000000
382 0.038200 0.000000 6.465133 12.170752 16.983929 21.704494 27.999855 38.006706 53.520923 74.850402 100.000000
383 0.038300 0.000000 6.459340 12.164150 16.983947 21.718042 28.030640 38.051899 53.568428 74.881545 100.000000
384 0.038400 0.000000 6.453590 12.157614 16.984027 21.731626 28.061410 38.097001 53.615786 74.912571 100.000000
385 0.038500 0.000000 6.447884 12.151143 16.984170 21.745248 28.092164 38.142011 53.662998 74.943481 100.000000
386 0.038600 0.000000 6.442220 12.144737 16.984375 21.758907 28.122901 38.186930 53.710064 74.974275 100.000000
387 0.038700 0.000000 6.436598 12.138396 16.984643 21.772602 28.153622 38.231758 53.756987 75.004954 100.000000
388 0.038800 0.000000 6.431020 12.132119 16.984972 21.786334 28.184327 38.276494 53.803765 75.035519 100.000000
389 0.038900 0.000000 6.425484 12.125906 16.985363 21.800102 28.215015 38.321140 53.850401 75.065969 100.000000
390 0.039000 0.000000 6.419989 12.119758 16.985815 21.813906 28.245686 38.365695 53.896894 75.096307 100.000000
391 0.039100 0.000000 6.414537 12.113673 16.986329 21.827746 28.276340 38.410159 53.943245 75.126533 100.000000
392 0.039200 0.000000 6.409127 12.107653 16.986905 21.841621 28.306977 38.454534 53.989455 75.156647 100.000000
393 0.039300 0.000000 6.403759 12.101696 16.987541 21.855532 28.337597 38.498818 54.035524 75.186650 100.000000
394 0.039400 0.000000 6.398432 12.095802 16.988238 21.869479 28.368199 38.543013 54.081454 75.216543 100.000000
395 0.039500 0.000000 6.393147 12.089972 16.988996 21.883460 28.398784 38.587117 54.127245 75.246326 100.000000
396 0.039600 0.000000 6.387903 12.084205 16.989815 21.897476 28.429352 38.631133 54.172897 75.276000 100.000000
397 0.039700 0.000000 6.382700 12.078501 16.990694 21.911527 28.459901 38.675059 54.218411 75.305566 100.000000
398 0.039800 0.000000 6.377538 12.072859 16.991633 21.925613 28.490433 38.718896 54.263788 75.335024 100.000000
399 0.039900 0.000000 6.372418 12.067280 16.992633 21.939733 28.520946 38.762644 54.309029 75.364375 100.000000
400 0.040000 0.000000 6.367337 12.061763 16.993692 21.953887 28.551441 38.806304 54.354133 75.393620 100.000000
401 0.040100 0.000000 6.362298 12.056309 16.994811 21.968075 28.581919 38.849875 54.399103 75.422759 100.000000
402 0.040200 0.000000 6.357298 12.050917 16.995990 21.982296 28.612377 38.893358 54.443937 75.451793 100.000000
403 0.040300 0.000000 6.352339 12.045586 16.997228 21.996551 28.642817 38.936753 54.488638 75.480722 100.000000
404 0.040400 0.000000 6.347421 12.040317 16.998526 22.010840 28.673239 38.980060 54.533205 75.509547 100.000000
405 0.040500 0.000000 6.342542 12.035110 16.999883 22.025162 28.703641 39.023279 54.577639 75.538269 100.000000
406 0.040600 0.000000 6.337703 12.029963 17.001298 22.039516 28.734025 39.066411 54.621941 75.566888 100.000000
407 0.040700 0.000000 6.332903 12.024878 17.002772 22.053904 28.764390 39.109456 54.666112 75.595405 100.000000
408 0.040800 0.000000 6.328144 12.019854 17.004305 22.068324 28.794735 39.152414 54.710151 75.623821 100.000000
409 0.040900 0.000000 6.323423 12.014891 17.005897 22.082776 28.825062 39.195285 54.754060 75.652135 100.000000
410 0.041000 0.000000 6.318743 12.009988 17.007546 22.097261 28.855368 39.238070 54.797840 75.680350 100.000000
411 0.041100 0.000000 6.314101 12.005146 17.009254 22.111778 28.885656 39.280768 54.841490 75.708464 100.000000
412 0.041200 0.000000 6.309498 12.000364 17.011019 22.126326 28.915924 39.323380 54.885011 75.736479 100.000000
413 0.041300 0.000000 6.304934 11.995642 17.012843 22.140907 28.946172 39.365906 54.928405 75.764396 100.000000
414 0.041400 0.000000 6.300409 11.990979 17.014723 22.155519 28.976401 39.408346 54.971671 75.792214 100.000000
415 0.041500 0.000000 6.295922 11.986377 17.016662 22.170162 29.006609 39.450701 55.014810 75.819935 100.000000
416 0.041600 0.000000 6.291474 11.981834 17.018657 22.184836 29.036798 39.492970 55.057823 75.847559 100.000000
417 0.041700 0.000000 6.287064 11.977350 17.020709 22.199541 29.066967 39.535155 55.100710 75.875086 100.000000
418 0.041800 0.000000 6.282693 11.972926 17.022819 22.214277 29.097115 39.577254 55.143473 75.902518 100.000000
419 0.041900 0.000000 6.278359 11.968561 17.024985 22.229044 29.127243 39.619269 55.186110 75.929854 100.000000
420 0.042000 0.000000 6.274064 11.964254 17.027207 22.243840 29.157351 39.661199 55.228624 75.957096 100.000000
421 0.042100 0.000000 6.269806 11.960006 17.029486 22.258668 29.187439 39.703045 55.271014 75.984243 100.000000
422 0.042200 0.000000 6.265586 11.955817 17.031821 22.273525 29.217505 39.744807 55.313282 76.011296 100.000000
423 0.042300 0.000000 6.261404 11.951686 17.034212 22.288412 29.247552 39.786485 55.355427 76.038257 100.000000
424 0.042400 0.000000 6.257259 11.947613 17.036658 22.303329 29.277577 39.828079 55.397451 76.065124 100.000000
425 0.042500 0.000000 6.253151 11.943598 17.039161 22.318275 29.307582 39.869590 55.439353 76.091900 100.000000
426 0.042600 0.000000 6.249080 11.939641 17.041719 22.333250 29.337566 39.911018 55.481134 76.118584 100.000000
427 0.042700 0.000000 6.245047 11.935741 17.044332 22.348255 29.367529 39.952363 55.522796 76.145176 100.000000
428 0.042800 0.000000 6.241050 11.931899 17.047000 22.363289 29.397471 39.993625 55.564338 76.171678 100.000000
429 0.042900 0.000000 6.237090 11.928114 17.049723 22.378351 29.427391 40.034805 55.605761 76.198090 100.000000
430 0.043000 0.000000 6.233167 11.924386 17.052501 22.393442 29.457291 40.075902 55.647065 76.224412 100.000000
431 0.043100 0.000000 6.229281 11.920715 17.055334 22.408562 29.487169 40.116917 55.688252 76.250645 100.000000
432 0.043200 0.000000 6.225430 11.917101 17.058220 22.423710 29.517026 40.157850 55.729321 76.276790 100.000000
433 0.043300 0.000000 6.221616 11.913544 17.061161 22.438885 29.546862 40.198702 55.770273 76.302846 100.000000
434 0.043400 0.000000 6.217839 11.910043 17.064157 22.454089 29.576676 40.239471 55.811109 76.328815 100.000000
435 0.043500 0.000000 6.214097 11.906598 17.067206 22.469321 29.606468 40.280160 55.851829 76.354696 100.000000
436 0.043600 0.000000 6.210391 11.903209 17.070308 22.484580 29.636239 40.320768 55.892434 76.380491 100.000000
437 0.043700 0.000000 6.206721 11.899876 17.073464 22.499867 29.665988 40.361294 55.932924 76.406199 100.000000
438 0.043800 0.000000 6.203087 11.896599 17.076674 22.515180 29.695715 40.401741 55.973299 76.431822 100.000000
439 0.043900 0.000000 6.199488 11.893377 17.079937 22.530521 29.725421 40.442106 56.013561 76.457359 100.000000
440 0.044000 0.000000 6.195925 11.890211 17.083252 22.545889 29.755104 40.482392 56.053709 76.482812 100.000000
441 0.044100 0.000000 6.192397 11.887100 17.086621 22.561283 29.784766 40.522597 56.093745 76.508180 100.000000
442 0.044200 0.000000 6.188904 11.884044 17.090042 22.576704 29.814406 40.562723 56.133668 76.533464 100.000000
443 0.044300 0.000000 6.185446 11.881042 17.093515 22.592152 29.844023 40.602769 56.173480 76.558665 100.000000
444 0.044400 0.000000 6.182024 11.878096 17.097041 22.607625 29.873619 40.642736 56.213180 76.583782 100.000000
445 0.044500 0.000000 6.178636 11.875204 17.100619 22.623125 29.903192 40.682623 56.252770 76.608817 100.000000
446 0.044600 0.000000 6.175282 11.872366 17.104249 22.638651 29.932742 40.722432 56.292249 76.633770 100.000000
447 0.044700 0.000000 6.171964 11.869583 17.107930 22.654202 29.962271 40.762162 56.331618 76.658641 100.000000
448 0.044800 0.000000 6.168680 11.866854 17.111663 22.669779 29.991777 40.801813 56.370878 76.683431 100.000000
449 0.044900 0.000000 6.165430 11.864178 17.115447 22.685381 30.021261 40.841386 56.410029 76.708140 100.000000
450 0.045000 0.000000 6.162215 11.861556 17.119283 22.701008 30.050722 40.880881 56.449072 76.732769 100.000000
451 0.045100 0.000000 6.159033 11.858988 17.123170 22.716661 30.080161 40.920298 56.488007 76.757317 100.000000
452 0.045200 0.000000 6.155886 11.856473 17.127107 22.732338 30.109577 40.959638 56.526834 76.781786 100.000000
453 0.045300 0.000000 6.152773 11.854011 17.131095 22.748040 30.138970 40.998900 56.565555 76.806176 100.000000
454 0.045400 0.000000 6.149693 11.851602 17.135134 22.763767 30.168341 41.038085 56.604169 76.830487 100.000000
455 0.045500 0.000000 6.146647 11.849246 17.139223 22.779518 30.197689 41.077192 56.642677 76.854720 100.000000
456 0.045600 0.000000 6.143635 11.846943 17.143361 22.795294 30.227014 41.116223 56.681079 76.878875 100.000000
457 0.045700 0.000000 6.140656 11.844692 17.147550 22.811093 30.256316 41.155178 56.719376 76.902952 100.000000
458 0.045800 0.000000 6.137710 11.842494 17.151789 22.826916 30.285595 41.194056 56.757569 76.926953 100.000000
459 0.045900 0.000000 6.134798 11.840348 17.156077 22.842764 30.314852 41.232857 56.795657 76.950876 100.000000
460 0.046000 0.000000 6.131919 11.838253 17.160415 22.858634 30.344085 41.271583 56.833641 76.974724 100.000000
461 0.046100 0.000000 6.129073 11.836211 17.164802 22.874529 30.373296 41.310233 56.871523 76.998495 100.000000
462 0.046200 0.000000 6.126260 11.834220 17.169238 22.890446 30.402483 41.348808 56.909301 77.022191 100.000000
463 0.046300 0.000000 6.123479 11.832281 17.173723 22.906387 30.431647 41.387307 56.946977 77.045812 100.000000
464 0.046400 0.000000 6.120731 11.830393 17.178256 22.922351 30.460788 41.425731 56.984551 77.069358 100.000000
465 0.046500 0.000000 6.118016 11.828556 17.182838 22.938337 30.489906 41.464080 57.022024 77.092830 100.000000
466 0.046600 0.000000 6.115333 11.826771 17.187469 22.954346 30.519001 41.502354 57.059395 77.116227 100.000000
467 0.046700 0.000000 6.112683 11.825036 17.192147 22.970378 30.548073 41.540554 57.096666 77.139552 100.000000
468 0.046800 0.000000 6.110065 11.823352 17.196874 22.986432 30.577121 41.578680 57.133836 77.162803 100.000000
469 0.046900 0.000000 6.107479 11.821718 17.201648 23.002508 30.606145 41.616731 57.170907 77.185981 100.000000
470 0.047000 0.000000 6.104925 11.820135 17.206470 23.018606 30.635147 41.654709 57.207878 77.209086 100.000000
471 0.047100 0.000000 6.102403 11.818602 17.211340 23.034727 30.664125 41.692612 57.244751 77.232120 100.000000
472 0.047200 0.000000 6.099912 11.817118 17.216257 23.050869 30.693079 41.730443 57.281525 77.255082 100.000000
473 0.047300 0.000000 6.097454 11.815685 17.221220 23.067032 30.722011 41.768200 57.318201 77.277972 100.000000
474 0.047400 0.000000 6.095027 11.814302 17.226231 23.083217 30.750918 41.805884 57.354779 77.300792 100.000000
475 0.047500 0.000000 6.092631 11.812968 17.231289 23.099423 30.779802 41.843495 57.391260 77.323541 100.000000
476 0.047600 0.000000 6.090267 11.811683 17.236393 23.115651 30.808663 41.881034 57.427644 77.346219 100.000000
477 0.047700 0.000000 6.087935 11.810447 17.241543 23.131899 30.837499 41.918500 57.463931 77.368828 100.000000
478 0.047800 0.000000 6.085633 11.809261 17.246740 23.148169 30.866313 41.955893 57.500123 77.391367 100.000000
479 0.047900 0.000000 6.083362 11.808124 17.251983 23.164459 30.895102 41.993215 57.536219 77.413837 100.000000
480 0.048000 0.000000 6.081123 11.807035 17.257271 23.180769 30.923868 42.030465 57.572220 77.436238 100.000000
481 0.048100 0.000000 6.078914 11.805994 17.262605 23.197100 30.952610 42.067643 57.608126 77.458570 100.000000
482 0.048200 0.000000 6.076736 11.805003 17.267985 23.213451 30.981329 42.104750 57.643937 77.480834 100.000000
483 0.048300 0.000000 6.074589 11.804059 17.273410 23.229823 31.010024 42.141786 57.679655 77.503031 100.000000
484 0.048400 0.000000 6.072472 11.803163 17.278881 23.246214 31.038694 42.178750 57.715279 77.525160 100.000000
485 0.048500 0.000000 6.070385 11.802316 17.284396 23.262625 31.067342 42.215644 57.750809 77.547221 100.000000
486 0.048600 0.000000 6.068329 11.801516 17.289956 23.279056 31.095965 42.252467 57.786247 77.569216 100.000000
487 0.048700 0.000000 6.066304 11.800763 17.295561 23.295506 31.124564 42.289220 57.821592 77.591144 100.000000
488 0.048800 0.000000 6.064308 11.800059 17.301210 23.311976 31.153140 42.325903 57.856846 77.613006 100.000000
489 0.048900 0.000000 6.062342 11.799401 17.306904 23.328465 31.181691 42.362515 57.892008 77.634802 100.000000
490 0.049000 0.000000 6.060407 11.798790 17.312641 23.344973 31.210219 42.399058 57.927078 77.656533 100.000000
491 0.049100 0.000000 6.058501 11.798227 17.318423 23.361500 31.238723 42.435531 57.962057 77.678199 100.000000
492 0.049200 0.000000 6.056625 11.797710 17.324248 23.378046 31.267202 42.471934 57.996946 77.699799 100.000000
493 0.049300 0.000000 6.054778 11.797240 17.330117 23.394611 31.295658 42.508268 58.031745 77.721335 100.000000
494 0.049400 0.000000 6.052961 11.796816 17.336029 23.411194 31.324090 42.544534 58.066454 77.742807 100.000000
495 0.049500 0.000000 6.051174 11.796439 17.341985 23.427795 31.352498 42.580730 58.101074 77.764214 100.000000
496 0.049600 0.000000 6.049416 11.796107 17.347983 23.444415 31.380881 42.616858 58.135605 77.785558 100.000000
497 0.049700 0.000000 6.047687 11.795822 17.354025 23.461053 31.409241 42.652917 58.170047 77.806839 100.000000
498 0.049800 0.000000 6.045987 11.795583 17.360109 23.477709 31.437577 42.688908 58.204400 77.828057 100.000000
499 0.049900 0.000000 6.044316 11.795389 17.366236 23.494383 31.465888 42.724831 58.238666 77.849212 100.000000
500 0.050000 0.000000 6.042674 11.795241 17.372405 23.511074 31.494175 42.760687 58.272844 77.870304 100.000000
501 0.050100 0.000000 6.041061 11.795138 17.378617 23.527783 31.522439 42.796474 58.306935 77.891335 100.000000
502 0.050200 0.000000 6.039476 11.795080 17.384870 23.544510 31.550678 42.832194 58.340939 77.912303 100.000000
503 0.050300 0.000000 6.037921 11.795067 17.391166 23.561254 31.578893 42.867847 58.374857 77.933210 100.000000
504 0.050400 0.000000 6.036394 11.795100 17.397503 23.578014 31.607084 42.903433 58.408689 77.954056 100.000000
505 0.050500 0.000000 6.034895 11.795177 17.403881 23.594792 31.635250 42.938951 58.442435 77.974841 100.000000
506 0.050600 0.000000 6.033424 11.795298 17.410301 23.611587 31.663393 42.974403 58.476095 77.995565 100.000000
507 0.050700 0.000000 6.031982 11.795464 17.416762 23.628399 31.691511 43.009789 58.509670 78.016229 100.000000
508 0.050800 0.000000 6.030568 11.795674 17.423264 23.645227 31.719605 43.045108 58.543161 78.036832 100.000000
509 0.050900 0.000000 6.029182 11.795929 17.429807 23.662072 31.747675 43.080361 58.576567 78.057376 100.000000
510 0.051000 0.000000 6.027824 11.796227 17.436391 23.678933 31.775721 43.115548 58.609889 78.077861 100.000000
511 0.051100 0.000000 6.026494 11.796569 17.443015 23.695811 31.803742 43.150670 58.643128 78.098286 100.000000
512 0.051200 0.000000 6.025192 11.796955 17.449680 23.712704 31.831739 43.185726 58.676283 78.118652 100.000000
513 0.051300 0.000000 6.023917 11.797384 17.456384 23.729614 31.859712 43.220716 58.709355 78.138960 100.000000
514 0.051400 0.000000 6.022670 11.797856 17.463129 23.746539 31.887660 43.255641 58.742344 78.159209 100.000000
515 0.051500 0.000000 6.021450 11.798372 17.469913 23.763480 31.915585 43.290502 58.775251 78.179400 100.000000
516 0.051600 0.000000 6.020258 11.798931 17.476738 23.780436 31.943485 43.325297 58.808076 78.199533 100.000000
517 0.051700 0.000000 6.019092 11.799532 17.483601 23.797409 31.971361 43.360028 58.840820 78.219609 100.000000
518 0.051800 0.000000 6.017955 11.800176 17.490504 23.814396 31.999212 43.394694 58.873482 78.239627 100.000000
519 0.051900 0.000000 6.016844 11.800863 17.497446 23.831399 32.027039 43.429296 58.906063 78.259589 100.000000
520 0.052000 0.000000 6.015760 11.801592 17.504427 23.848416 32.054842 43.463834 58.938563 78.279493 100.000000
521 0.052100 0.000000 6.014703 11.802364 17.511447 23.865449 32.082621 43.498308 58.970983 78.299341 100.000000
522 0.052200 0.000000 6.013673 11.803177 17.518506 23.882496 32.110375 43.532719 59.003323 78.319133 100.000000
523 0.052300 0.000000 6.012670 11.804033 17.525603 23.899558 32.138105 43.567066 59.035583 78.338869 100.000000
524 0.052400 0.000000 6.011693 11.804930 17.532738 23.916635 32.165810 43.601349 59.067764 78.358549 100.000000
525 0.052500 0.000000 6.010743 11.805869 17.539912 23.933726 32.193491 43.635570 59.099866 78.378173 100.000000
526 0.052600 0.000000 6.009819 11.806850 17.547124 23.950832 32.221148 43.669727 59.131889 78.397743 100.000000
527 0.052700 0.000000 6.008921 11.807872 17.554373 23.967951 32.248781 43.703822 59.163833 78.417257 100.000000
528 0.052800 0.000000 6.008050 11.808935 17.561660 23.985085 32.276389 43.737854 59.195700 78.436717 100.000000
529 0.052900 0.000000 6.007205 11.810039 17.568985 24.002233 32.303973 43.771823 59.227488 78.456122 100.000000
530 0.053000 0.000000 6.006386 11.811183 17.576347 24.019394 32.331532 43.805731 59.259199 78.475473 100.000000
531 0.053100 0.000000 6.005593 11.812369 17.583746 24.036570 32.359068 43.839576 59.290833 78.494770 100.000000
532 0.053200 0.000000 6.004826 11.813595 17.591182 24.053759 32.386578 43.873359 59.322390 78.514013 100.000000
533 0.053300 0.000000 6.004085 11.814862 17.598655 24.070961 32.414065 43.907081 59.353870 78.533203 100.000000
534 0.053400 0.000000 6.003369 11.816169 17.606164 24.088177 32.441527 43.940741 59.385274 78.552340 100.000000
535 0.053500 0.000000 6.002679 11.817516 17.613710 24.105405 32.468965 43.974340 59.416602 78.571423 100.000000
536 0.053600 0.000000 6.002014 11.818903 17.621293 24.122647 32.496378 44.007877 59.447854 78.590454 100.000000
537 0.053700 0.000000 6.001375 11.820330 17.628912 24.139902 32.523767 44.041353 59.479031 78.609432 100.000000
538 0.053800 0.000000 6.000762 11.821797 17.636566 24.157170 32.551132 44.074769 59.510133 78.628358 100.000000
539 0.053900 0.000000 6.000173 11.823303 17.644257 24.174451 32.578472 44.108124 59.541160 78.647232 100.000000
540 0.054000 0.000000 5.999610 11.824848 17.651983 24.191744 32.605788 44.141419 59.572112 78.666055 100.000000
541 0.054100 0.000000 5.999071 11.826433 17.659745 24.209050 32.633080 44.174653 59.602991 78.684825 100.000000
542 0.054200 0.000000 5.998558 11.828057 17.667542 24.226368 32.660347 44.207827 59.633795 78.703545 100.000000
543 0.054300 0.000000 5.998070 11.829720 17.675375 24.243698 32.687590 44.240941 59.664526 78.722213 100.000000
544 0.054400 0.000000 5.997606 11.831422 17.683242 24.261041 32.714809 44.273995 59.695183 78.740830 100.000000
545 0.054500 0.000000 5.997167 11.833162 17.691145 24.278395 32.742003 44.306989 59.725767 78.759397 100.000000
546 0.054600 0.000000 5.996753 11.834941 17.699082 24.295762 32.769173 44.339924 59.756279 78.777913 100.000000
547 0.054700 0.000000 5.996363 11.836758 17.707054 24.313140 32.796318 44.372800 59.786718 78.796379 100.000000
548 0.054800 0.000000 5.995998 11.838613 17.715060 24.330530 32.823440 44.405617 59.817084 78.814795 100.000000
549 0.054900 0.000000 5.995657 11.840507 17.723101 24.347932 32.850537 44.438375 59.847379 78.833161 100.000000
550 0.055000 0.000000 5.995340 11.842438 17.731175 24.365345 32.877609 44.471074 59.877602 78.851478 100.000000
551 0.055100 0.000000 5.995047 11.844407 17.739284 24.382770 32.904658 44.503714 59.907754 78.869745 100.000000
552 0.055200 0.000000 5.994779 11.846414 17.747426 24.400206 32.931681 44.536296 59.937835 78.887964 100.000000
553 0.055300 0.000000 5.994535 11.848459 17.755602 24.417653 32.958681 44.568819 59.967845 78.906133 100.000000
554 0.055400 0.000000 5.994314 11.850540 17.763812 24.435111 32.985656 44.601285 59.997784 78.924254 100.000000
555 0.055500 0.000000 5.994117 11.852659 17.772055 24.452579 33.012607 44.633692 60.027653 78.942326 100.000000
556 0.055600 0.000000 5.993944 11.854815 17.780331 24.470059 33.039534 44.666042 60.057452 78.960350 100.000000
557 0.055700 0.000000 5.993795 11.857008 17.788640 24.487550 33.066437 44.698334 60.087181 78.978326 100.000000
558 0.055800 0.000000 5.993669 11.859238 17.796982 24.505050 33.093315 44.730569 60.116841 78.996254 100.000000
559 0.055900 0.000000 5.993567 11.861504 17.805357 24.522562 33.120169 44.762746 60.146431 79.014135 100.000000
560 0.056000 0.000000 5.993488 11.863807 17.813764 24.540084 33.146998 44.794866 60.175953 79.031968 100.000000
561 0.056100 0.000000 5.993432 11.866146 17.822204 24.557616 33.173804 44.826930 60.205406 79.049754 100.000000
562 0.056200 0.000000 5.993400 11.868521 17.830675 24.575158 33.200585 44.858936 60.234790 79.067493 100.000000
563 0.056300 0.000000 5.993391 11.870932 17.839179 24.592710 33.227341 44.890886 60.264107 79.085185 100.000000
564 0.056400 0.000000 5.993405 11.873380 17.847715 24.610273 33.254074 44.922779 60.293355 79.102830 100.000000
565 0.056500 0.000000 5.993442 11.875863 17.856283 24.627845 33.280782 44.954616 60.322536 79.120429 100.000000
566 0.056600 0.000000 5.993501 11.878381 17.864882 24.645427 33.307466 44.986397 60.351649 79.137982 100.000000
567 0.056700 0.000000 5.993584 11.880936 17.873513 24.663018 33.334126 45.018121 60.380696 79.155489 100.000000
568 0.056800 0.000000 5.993689 11.883525 17.882175 24.680619 33.360762 45.049790 60.409675 79.172950 100.000000
569 0.056900 0.000000 5.993817 11.886150 17.890869 24.698229 33.387373 45.081404 60.438588 79.190366 100.000000
570 0.057000 0.000000 5.993967 11.888810 17.899593 24.715849 33.413961 45.112961 60.467434 79.207736 100.000000
571 0.057100 0.000000 5.994140 11.891504 17.908348 24.733478 33.440524 45.144464 60.496214 79.225060 100.000000
572 0.057200 0.000000 5.994335 11.894234 17.917134 24.751116 33.467062 45.175911 60.524929 79.242340 100.000000
573 0.057300 0.000000 5.994553 11.896998 17.925951 24.768763 33.493577 45.207303 60.553578 79.259575 100.000000
574 0.057400 0.000000 5.994792 11.899797 17.934798 24.786419 33.520067 45.238640 60.582161 79.276766 100.000000
575 0.057500 0.000000 5.995054 11.902630 17.943675 24.804083 33.546534 45.269922 60.610679 79.293911 100.000000
576 0.057600 0.000000 5.995338 11.905497 17.952583 24.821757 33.572976 45.301150 60.639133 79.311013 100.000000
577 0.057700 0.000000 5.995644 11.908399 17.961520 24.839438 33.599394 45.332323 60.667521 79.328071 100.000000
578 0.057800 0.000000 5.995972 11.911334 17.970487 24.857129 33.625788 45.363442 60.695846 79.345084 100.000000
579 0.057900 0.000000 5.996321 11.914303 17.979484 24.874828 33.652158 45.394507 60.724106 79.362054 100.000000
580 0.058000 0.000000 5.996692 11.917306 17.988511 24.892535 33.678503 45.425518 60.752302 79.378981 100.000000
581 0.058100 0.000000 5.997085 11.920343 17.997566 24.910250 33.704825 45.456475 60.780434 79.395864 100.000000
582 0.058200 0.000000 5.997499 11.923413 18.006651 24.927973 33.731122 45.487379 60.808503 79.412704 100.000000
583 0.058300 0.000000 5.997935 11.926516 18.015766 24.945705 33.757396 45.518228 60.836509 79.429501 100.000000
584 0.058400 0.000000 5.998393 11.929652 18.024909 24.963444 33.783645 45.549025 60.864452 79.446255 100.000000
585 0.058500 0.000000 5.998871 11.932821 18.034081 24.981191 33.809870 45.579768 60.892332 79.462966 100.000000
586 0.058600 0.000000 5.999371 11.936024 18.043281 24.998945 33.836071 45.610458 60.920150 79.479635 100.000000
587 0.058700 0.000000 5.999892 11.939258 18.052511 25.016708 33.862249 45.641095 60.947905 79.496262 100.000000
588 0.058800 0.000000 6.000434 11.942526 18.061768 25.034477 33.888402 45.671680 60.975598 79.512847 100.000000
589 0.058900 0.000000 6.000996 11.945826 18.071054 25.052254 33.914531 45.702212 61.003230 79.529390 100.000000
590 0.059000 0.000000 6.001580 11.949158 18.080368 25.070039 33.940636 45.732691 61.030800 79.545891 100.000000
591 0.059100 0.000000 6.002185 11.952523 18.089709 25.087830 33.966717 45.763118 61.058308 79.562351 100.000000
592 0.059200 0.000000 6.002810 11.955919 18.099079 25.105629 33.992774 45.793492 61.085755 79.578769 100.000000
593 0.059300 0.000000 6.003456 11.959348 18.108476 25.123435 34.018807 45.823815 61.113142 79.595146 100.000000
594 0.059400 0.000000 6.004123 11.962808 18.117901 25.141248 34.044816 45.854086 61.140468 79.611481 100.000000
595 0.059500 0.000000 6.004810 11.966300 18.127353 25.159067 34.070802 45.884305 61.167733 79.627776 100.000000
596 0.059600 0.000000 6.005517 11.969823 18.136832 25.176893 34.096763 45.914472 61.194938 79.644031 100.000000
597 0.059700 0.000000 6.006245 11.973378 18.146339 25.194726 34.122700 45.944588 61.222083 79.660244 100.000000
598 0.059800 0.000000 6.006993 11.976964 18.155872 25.212565 34.148614 45.974652 61.249168 79.676418 100.000000
599 0.059900 0.000000 6.007762 11.980582 18.165432 25.230411 34.174503 46.004666 61.276193 79.692551 100.000000
600 0.060000 0.000000 6.008550 11.984230 18.175019 25.248263 34.200369 46.034628 61.303159 79.708644 100.000000
601 0.060100 0.000000 6.009358 11.987909 18.184632 25.266122 34.226211 46.064539 61.330066 79.724697 100.000000
602 0.060200 0.000000 6.010187 11.991619 18.194272 25.283986 34.252029 46.094400 61.356914 79.740710 100.000000
603 0.060300 0.000000 6.011035 11.995359 18.203938 25.301857 34.277823 46.124210 61.383703 79.756684 100.000000
604 0.060400 0.000000 6.011903 11.999130 18.213630 25.319734 34.303593 46.153969 61.410434 79.772618 100.000000
605 0.060500 0.000000 6.012790 12.002932 18.223348 25.337616 34.329339 46.183678 61.437106 79.788514 100.000000
606 0.060600 0.000000 6.013698 12.006763 18.233092 25.355505 34.355062 46.213337 61.463721 79.804370 100.000000
607 0.060700 0.000000 6.014625 12.010625 18.242861 25.373399 34.380761 46.242946 61.490277 79.820187 100.000000
608 0.060800 0.000000 6.015571 12.014516 18.252656 25.391298 34.406436 46.272505 61.516775 79.835965 100.000000
609 0.060900 0.000000 6.016537 12.018438 18.262477 25.409204 34.432087 46.302014 61.543217 79.851705 100.000000
610 0.061000 0.000000 6.017522 12.022389 18.272323 25.427114 34.457714 46.331473 61.569600 79.867406 100.000000
611 0.061100 0.000000 6.018526 12.026369 18.282194 25.445030 34.483318 46.360883 61.595927 79.883069 100.000000
612 0.061200 0.000000 6.019549 12.030380 18.292090 25.462951 34.508898 46.390243 61.622197 79.898694 100.000000
613 0.061300 0.000000 6.020592 12.034419 18.302011 25.480878 34.534454 46.419554 61.648410 79.914281 100.000000
614 0.061400 0.000000 6.021653 12.038488 18.311956 25.498809 34.559987 46.448816 61.674567 79.929830 100.000000
615 0.061500 0.000000 6.022734 12.042585 18.321926 25.516746 34.585496 46.478030 61.700668 79.945341 100.000000
616 0.061600 0.000000 6.023833 12.046712 18.331921 25.534687 34.610981 46.507194 61.726712 79.960814 100.000000
617 0.061700 0.000000 6.024951 12.050867 18.341940 25.552634 34.636442 46.536309 61.752701 79.976251 100.000000
618 0.061800 0.000000 6.026088 12.055051 18.351983 25.570585 34.661880 46.565376 61.778634 79.991650 100.000000
619 0.061900 0.000000 6.027243 12.059264 18.362050 25.588540 34.687294 46.594394 61.804511 80.007012 100.000000
620 0.062000 0.000000 6.028417 12.063505 18.372141 25.606500 34.712685 46.623365 61.830333 80.022336 100.000000
621 0.062100 0.000000 6.029610 12.067774 18.382256 25.624465 34.738052 46.652286 61.856100 80.037625 100.000000
622 0.062200 0.000000 6.030821 12.072072 18.392395 25.642434 34.763395 46.681160 61.881812 80.052876 100.000000
623 0.062300 0.000000 6.032050 12.076397 18.402557 25.660408 34.788715 46.709986 61.907470 80.068091 100.000000
624 0.062400 0.000000 6.033298 12.080751 18.412743 25.678385 34.814011 46.738764 61.933073 80.083269 100.000000
625 0.062500 0.000000 6.034563 12.085132 18.422951 25.696367 34.839284 46.767494 61.958621 80.098412 100.000000
626 0.062600 0.000000 6.035847 12.089541 18.433183 25.714353 34.864533 46.796177 61.984116 80.113518 100.000000
627 0.062700 0.000000 6.037149 12.093978 18.443438 25.732343 34.889759 46.824813 62.009556 80.128588 100.000000
628 0.062800 0.000000 6.038468 12.098442 18.453716 25.750336 34.914961 46.853401 62.034943 80.143622 100.000000
629 0.062900 0.000000 6.039806 12.102933 18.464017 25.768334 34.940139 46.881942 62.060277 80.158621 100.000000
630 0.063000 0.000000 6.041161 12.107451 18.474340 25.786335 34.965294 46.910436 62.085556 80.173584 100.000000
631 0.063100 0.000000 6.042535 12.111997 18.484686 25.804340 34.990426 46.938883 62.110783 80.188512 100.000000
632 0.063200 0.000000 6.043925 12.116569 18.495054 25.822349 35.015534 46.967283 62.135957 80.203404 100.000000
633 0.063300 0.000000 6.045334 12.121169 18.505444 25.840360 35.040619 46.995636 62.161078 80.218262 100.000000
634 0.063400 0.000000 6.046760 12.125795 18.515857 25.858376 35.065680 47.023943 62.186146 80.233084 100.000000
635 0.063500 0.000000 6.048203 12.130447 18.526291 25.876394 35.090718 47.052204 62.211162 80.247872 100.000000
636 0.063600 0.000000 6.049664 12.135126 18.536747 25.894416 35.115733 47.080418 62.236125 80.262625 100.000000
637 0.063700 0.000000 6.051142 12.139832 18.547225 25.912441 35.140724 47.108586 62.261037 80.277343 100.000000
638 0.063800 0.000000 6.052637 12.144563 18.557725 25.930470 35.165692 47.136709 62.285896 80.292026 100.000000
639 0.063900 0.000000 6.054150 12.149321 18.568246 25.948501 35.190636 47.164785 62.310704 80.306676 100.000000
640 0.064000 0.000000 6.055679 12.154104 18.578788 25.966535 35.215557 47.192815 62.335460 80.321291 100.000000
641 0.064100 0.000000 6.057226 12.158914 18.589352 25.984572 35.240455 47.220800 62.360165 80.335872 100.000000
642 0.064200 0.000000 6.058789 12.163749 18.599937 26.002611 35.265330 47.248739 62.384819 80.350419 100.000000
643 0.064300 0.000000 6.060370 12.168610 18.610542 26.020654 35.290181 47.276633 62.409422 80.364933 100.000000
644 0.064400 0.000000 6.061967 12.173496 18.621169 26.038699 35.315009 47.304481 62.433974 80.379413 100.000000
645 0.064500 0.000000 6.063581 12.178408 18.631816 26.056746 35.339814 47.332284 62.458475 80.393859 100.000000
646 0.064600 0.000000 6.065211 12.183345 18.642484 26.074796 35.364595 47.360042 62.482925 80.408272 100.000000
647 0.064700 0.000000 6.066858 12.188307 18.653172 26.092849 35.389353 47.387756 62.507326 80.422651 100.000000
648 0.064800 0.000000 6.068522 12.193294 18.663881 26.110903 35.414088 47.415424 62.531676 80.436997 100.000000
649 0.064900 0.000000 6.070202 12.198306 18.674610 26.128960 35.438800 47.443048 62.555976 80.451311 100.000000
650 0.065000 0.000000 6.071898 12.203343 18.685359 26.147019 35.463489 47.470627 62.580226 80.465591 100.000000
651 0.065100 0.000000 6.073611 12.208404 18.696128 26.165080 35.488154 47.498161 62.604427 80.479839 100.000000
652 0.065200 0.000000 6.075340 12.213490 18.706917 26.183143 35.512797 47.525651 62.628578 80.494054 100.000000
653 0.065300 0.000000 6.077085 12.218600 18.717725 26.201208 35.537416 47.553097 62.652680 80.508236 100.000000
654 0.065400 0.000000 6.078846 12.223735 18.728554 26.219275 35.562012 47.580499 62.676733 80.522386 100.000000
655 0.065500 0.000000 6.080623 12.228894 18.739401 26.237344 35.586585 47.607857 62.700736 80.536504 100.000000
656 0.065600 0.000000 6.082416 12.234077 18.750268 26.255414 35.611135 47.635171 62.724691 80.550589 100.000000
657 0.065700 0.000000 6.084225 12.239284 18.761155 26.273486 35.635662 47.662441 62.748597 80.564642 100.000000
658 0.065800 0.000000 6.086050 12.244515 18.772060 26.291559 35.660166 47.689667 62.772455 80.578664 100.000000
659 0.065900 0.000000 6.087891 12.249770 18.782985 26.309634 35.684647 47.716850 62.796265 80.592654 100.000000
660 0.066000 0.000000 6.089747 12.255048 18.793928 26.327711 35.709104 47.743989 62.820026 80.606611 100.000000
661 0.066100 0.000000 6.091619 12.260350 18.804891 26.345788 35.733539 47.771085 62.843739 80.620538 100.000000
662 0.066200 0.000000 6.093506 12.265675 18.815872 26.363867 35.757951 47.798138 62.867404 80.634433 100.000000
663 0.066300 0.000000 6.095409 12.271024 18.826871 26.381948 35.782340 47.825148 62.891022 80.648296 100.000000
664 0.066400 0.000000 6.097328 12.276395 18.837889 26.400029 35.806706 47.852114 62.914592 80.662128 100.000000
665 0.066500 0.000000 6.099261 12.281790 18.848925 26.418111 35.831049 47.879038 62.938115 80.675930 100.000000
666 0.066600 0.000000 6.101210 12.287208 18.859980 26.436195 35.855369 47.905919 62.961591 80.689700 100.000000
667 0.066700 0.000000 6.103174 12.292648 18.871052 26.454279 35.879666 47.932758 62.985019 80.703439 100.000000
668 0.066800 0.000000 6.105153 12.298111 18.882143 26.472364 35.903940 47.959554 63.008401 80.717148 100.000000
669 0.066900 0.000000 6.107148 12.303597 18.893251 26.490450 35.928191 47.986307 63.031736 80.730825 100.000000
670 0.067000 0.000000 6.109157 12.309106 18.904377 26.508536 35.952420 48.013018 63.055024 80.744473 100.000000
671 0.067100 0.000000 6.111181 12.314636 18.915521 26.526623 35.976625 48.039687 63.078266 80.758089 100.000000
672 0.067200 0.000000 6.113220 12.320189 18.926682 26.544711 36.000808 48.066313 63.101461 80.771676 100.000000
673 0.067300 0.000000 6.115274 12.325765 18.937861 26.562799 36.024968 48.092898 63.124611 80.785232 100.000000
674 0.067400 0.000000 6.117343 12.331362 18.949056 26.580887 36.049105 48.119441 63.147714 80.798758 100.000000
675 0.067500 0.000000 6.119426 12.336981 18.960269 26.598976 36.073220 48.145942 63.170772 80.812255 100.000000
676 0.067600 0.000000 6.121524 12.342622 18.971500 26.617066 36.097311 48.172401 63.193784 80.825721 100.000000
677 0.067700 0.000000 6.123636 12.348285 18.982747 26.635155 36.121380 48.198819 63.216750 80.839157 100.000000
678 0.067800 0.000000 6.125763 12.353969 18.994011 26.653244 36.145427 48.225195 63.239671 80.852564 100.000000
679 0.067900 0.000000 6.127904 12.359675 19.005291 26.671334 36.169450 48.251530 63.262547 80.865941 100.000000
680 0.068000 0.000000 6.130060 12.365403 19.016588 26.689424 36.193451 48.277823 63.285378 80.879289 100.000000
681 0.068100 0.000000 6.132230 12.371151 19.027902 26.707513 36.217429 48.304076 63.308163 80.892608 100.000000
682 0.068200 0.000000 6.134414 12.376921 19.039232 26.725603 36.241384 48.330287 63.330904 80.905897 100.000000
683 0.068300 0.000000 6.136612 12.382712 19.050579 26.743692 36.265317 48.356457 63.353600 80.919157 100.000000
684 0.068400 0.000000 6.138825 12.388524 19.061941 26.761781 36.289227 48.382587 63.376252 80.932388 100.000000
685 0.068500 0.000000 6.141051 12.394357 19.073320 26.779870 36.313115 48.408675 63.398860 80.945590 100.000000
686 0.068600 0.000000 6.143291 12.400211 19.084714 26.797958 36.336980 48.434724 63.421423 80.958763 100.000000
687 0.068700 0.000000 6.145545 12.406085 19.096125 26.816046 36.360822 48.460731 63.443942 80.971908 100.000000
688 0.068800 0.000000 6.147813 12.411980 19.107551 26.834133 36.384642 48.486698 63.466417 80.985023 100.000000
689 0.068900 0.000000 6.150095 12.417895 19.118993 26.852220 36.408439 48.512625 63.488848 80.998111 100.000000
690 0.069000 0.000000 6.152390 12.423831 19.130450 26.870306 36.432214 48.538511 63.511236 81.011170 100.000000
691 0.069100 0.000000 6.154700 12.429786 19.141922 26.888391 36.455966 48.564358 63.533580 81.024200 100.000000
692 0.069200 0.000000 6.157022 12.435762 19.153410 26.906476 36.479696 48.590164 63.555881 81.037203 100.000000
693 0.069300 0.000000 6.159358 12.441758 19.164914 26.924559 36.503403 48.615930 63.578139 81.050177 100.000000
694 0.069400 0.000000 6.161708 12.447774 19.176432 26.942642 36.527088 48.641657 63.600353 81.063123 100.000000
695 0.069500 0.000000 6.164071 12.453810 19.187965 26.960724 36.550750 48.667344 63.622525 81.076041 100.000000
696 0.069600 0.000000 6.166447 12.459865 19.199513 26.978805 36.574390 48.692991 63.644653 81.088932 100.000000
697 0.069700 0.000000 6.168837 12.465941 19.211076 26.996885 36.598007 48.718599 63.666739 81.101795 100.000000
698 0.069800 0.000000 6.171239 12.472035 19.222653 27.014963 36.621602 48.744167 63.688783 81.114630 100.000000
699 0.069900 0.000000 6.173655 12.478149 19.234245 27.033041 36.645175 48.769696 63.710784 81.127437 100.000000
700 0.070000 0.000000 6.176084 12.484282 19.245852 27.051117 36.668725 48.795185 63.732742 81.140218 100.000000
701 0.070100 0.000000 6.178526 12.490435 19.257473 27.069192 36.692253 48.820635 63.754659 81.152970 100.000000
702 0.070200 0.000000 6.180981 12.496606 19.269108 27.087265 36.715759 48.846047 63.776534 81.165696 100.000000
703 0.070300 0.000000 6.183448 12.502797 19.280757 27.105337 36.739242 48.871419 63.798366 81.178394 100.000000
704 0.070400 0.000000 6.185929 12.509007 19.292420 27.123407 36.762703 48.896753 63.820157 81.191066 100.000000
705 0.070500 0.000000 6.188422 12.515235 19.304098 27.141476 36.786142 48.922047 63.841906 81.203710 100.000000
706 0.070600 0.000000 6.190928 12.521482 19.315789 27.159543 36.809558 48.947303 63.863614 81.216328 100.000000
707 0.070700 0.000000 6.193447 12.527748 19.327493 27.177609 36.832952 48.972521 63.885281 81.228918 100.000000
708 0.070800 0.000000 6.195978 12.534032 19.339212 27.195672 36.856324 48.997700 63.906906 81.241483 100.000000
709 0.070900 0.000000 6.198522 12.540334 19.350944 27.213734 36.879674 49.022840 63.928490 81.254020 100.000000
710 0.071000 0.000000 6.201078 12.546655 19.362689 27.231794 36.903001 49.047943 63.950033 81.266531 100.000000
711 0.071100 0.000000 6.203646 12.552994 19.374448 27.249852 36.926307 49.073007 63.971535 81.279016 100.000000
712 0.071200 0.000000 6.206227 12.559351 19.386220 27.267908 36.949590 49.098033 63.992997 81.291474 100.000000
713 0.071300 0.000000 6.208820 12.565726 19.398005 27.285962 36.972851 49.123021 64.014418 81.303906 100.000000
714 0.071400 0.000000 6.211426 12.572119 19.409803 27.304014 36.996089 49.147971 64.035798 81.316312 100.000000
715 0.071500 0.000000 6.214043 12.578530 19.421614 27.322064 37.019306 49.172883 64.057139 81.328692 100.000000
716 0.071600 0.000000 6.216673 12.584958 19.433437 27.340111 37.042501 49.197757 64.078438 81.341046 100.000000
717 0.071700 0.000000 6.219314 12.591404 19.445274 27.358156 37.065673 49.222594 64.099698 81.353374 100.000000
718 0.071800 0.000000 6.221968 12.597868 19.457123 27.376199 37.088824 49.247393 64.120918 81.365676 100.000000
719 0.071900 0.000000 6.224634 12.604349 19.468985 27.394240 37.111952 49.272155 64.142098 81.377953 100.000000
720 0.072000 0.000000 6.227311 12.610847 19.480859 27.412277 37.135058 49.296879 64.163239 81.390204 100.000000
721 0.072100 0.000000 6.230000 12.617363 19.492745 27.430313 37.158143 49.321566 64.184339 81.402429 100.000000
722 0.072200 0.000000 6.232701 12.623896 19.504644 27.448346 37.181205 49.346216 64.205400 81.414629 100.000000
723 0.072300 0.000000 6.235414 12.630445 19.516555 27.466376 37.204245 49.370829 64.226422 81.426804 100.000000
724 0.072400 0.000000 6.238138 12.637012 19.528477 27.484404 37.227264 49.395404 64.247405 81.438953 100.000000
725 0.072500 0.000000 6.240874 12.643596 19.540412 27.502428 37.250260 49.419943 64.268348 81.451078 100.000000
726 0.072600 0.000000 6.243621 12.650196 19.552359 27.520450 37.273234 49.444445 64.289253 81.463177 100.000000
727 0.072700 0.000000 6.246380 12.656813 19.564317 27.538470 37.296187 49.468910 64.310118 81.475251 100.000000
728 0.072800 0.000000 6.249150 12.663446 19.576287 27.556486 37.319117 49.493339 64.330945 81.487300 100.000000
729 0.072900 0.000000 6.251931 12.670096 19.588269 27.574499 37.342026 49.517731 64.351734 81.499325 100.000000
730 0.073000 0.000000 6.254724 12.676762 19.600262 27.592510 37.364913 49.542086 64.372483 81.511324 100.000000
731 0.073100 0.000000 6.257528 12.683445 19.612266 27.610517 37.387778 49.566405 64.393194 81.523299 100.000000
732 0.073200 0.000000 6.260343 12.690144 19.624282 27.628521 37.410621 49.590688 64.413867 81.535250 100.000000
733 0.073300 0.000000 6.263170 12.696859 19.636309 27.646522 37.433442 49.614934 64.434502 81.547176 100.000000
734 0.073400 0.000000 6.266007 12.703589 19.648347 27.664520 37.456242 49.639144 64.455099 81.559077 100.000000
735 0.073500 0.000000 6.268855 12.710336 19.660396 27.682514 37.479019 49.663318 64.475658 81.570954 100.000000
736 0.073600 0.000000 6.271715 12.717099 19.672456 27.700505 37.501775 49.687457 64.496179 81.582807 100.000000
737 0.073700 0.000000 6.274585 12.723877 19.684526 27.718493 37.524509 49.711559 64.516662 81.594636 100.000000
738 0.073800 0.000000 6.277466 12.730671 19.696608 27.736477 37.547222 49.735625 64.537107 81.606441 100.000000
739 0.073900 0.000000 6.280357 12.737480 19.708700 27.754458 37.569912 49.759656 64.557516 81.618221 100.000000
740 0.074000 0.000000 6.283260 12.744305 19.720802 27.772435 37.592581 49.783651 64.577886 81.629978 100.000000
741 0.074100 0.000000 6.286173 12.751145 19.732915 27.790409 37.615228 49.807611 64.598220 81.641711 100.000000
742 0.074200 0.000000 6.289097 12.758001 19.745039 27.808379 37.637854 49.831535 64.618516 81.653420 100.000000
743 0.074300 0.000000 6.292031 12.764871 19.757172 27.826345 37.660458 49.855423 64.638775 81.665105 100.000000
744 0.074400 0.000000 6.294976 12.771757 19.769316 27.844308 37.683040 49.879277 64.658998 81.676767 100.000000
745 0.074500 0.000000 6.297931 12.778658 19.781470 27.862266 37.705601 49.903095 64.679183 81.688405 100.000000
746 0.074600 0.000000 6.300896 12.785573 19.793634 27.880221 37.728140 49.926878 64.699332 81.700020 100.000000
747 0.074700 0.000000 6.303872 12.792504 19.805808 27.898172 37.750657 49.950626 64.719444 81.711611 100.000000
748 0.074800 0.000000 6.306859 12.799449 19.817991 27.916119 37.773153 49.974338 64.739520 81.723179 100.000000
749 0.074900 0.000000 6.309855 12.806408 19.830185 27.934062 37.795627 49.998016 64.759559 81.734724 100.000000
750 0.075000 0.000000 6.312862 12.813383 19.842388 27.952001 37.818079 50.021659 64.779562 81.746245 100.000000
751 0.075100 0.000000 6.315878 12.820372 19.854600 27.969936 37.840511 50.045268 64.799529 81.757744 100.000000
752 0.075200 0.000000 6.318905 12.827375 19.866822 27.987867 37.862920 50.068842 64.819459 81.769219 100.000000
753 0.075300 0.000000 6.321942 12.834392 19.879054 28.005793 37.885308 50.092381 64.839354 81.780672 100.000000
754 0.075400 0.000000 6.324989 12.841424 19.891295 28.023716 37.907675 50.115885 64.859213 81.792102 100.000000
755 0.075500 0.000000 6.328045 12.848470 19.903544 28.041634 37.930020 50.139355 64.879036 81.803508 100.000000
756 0.075600 0.000000 6.331112 12.855529 19.915803 28.059547 37.952344 50.162791 64.898823 81.814893 100.000000
757 0.075700 0.000000 6.334188 12.862603 19.928071 28.077457 37.974646 50.186193 64.918575 81.826254 100.000000
758 0.075800 0.000000 6.337274 12.869691 19.940348 28.095361 37.996927 50.209560 64.938292 81.837593 100.000000
759 0.075900 0.000000 6.340370 12.876792 19.952634 28.113262 38.019186 50.232893 64.957973 81.848910 100.000000
760 0.076000 0.000000 6.343475 12.883907 19.964929 28.131158 38.041424 50.256192 64.977619 81.860204 100.000000
761 0.076100 0.000000 6.346590 12.891035 19.977232 28.149049 38.063641 50.279458 64.997230 81.871475 100.000000
762 0.076200 0.000000 6.349714 12.898178 19.989544 28.166935 38.085836 50.302689 65.016805 81.882725 100.000000
763 0.076300 0.000000 6.352848 12.905333 20.001865 28.184817 38.108010 50.325887 65.036346 81.893952 100.000000
764 0.076400 0.000000 6.355992 12.912502 20.014193 28.202694 38.130162 50.349050 65.055852 81.905157 100.000000
765 0.076500 0.000000 6.359145 12.919684 20.026531 28.220567 38.152294 50.372180 65.075323 81.916340 100.000000
766 0.076600 0.000000 6.362307 12.926879 20.038876 28.238434 38.174403 50.395277 65.094760 81.927501 100.000000
767 0.076700 0.000000 6.365478 12.934088 20.051230 28.256297 38.196492 50.418340 65.114162 81.938640 100.000000
768 0.076800 0.000000 6.368659 12.941309 20.063592 28.274155 38.218560 50.441370 65.133529 81.949757 100.000000
769 0.076900 0.000000 6.371848 12.948543 20.075961 28.292008 38.240606 50.464366 65.152863 81.960853 100.000000
770 0.077000 0.000000 6.375047 12.955791 20.088339 28.309856 38.262631 50.487329 65.172162 81.971926 100.000000
771 0.077100 0.000000 6.378255 12.963051 20.100725 28.327698 38.284634 50.510259 65.191427 81.982978 100.000000
772 0.077200 0.000000 6.381472 12.970323 20.113118 28.345536 38.306617 50.533155 65.210658 81.994009 100.000000
773 0.077300 0.000000 6.384698 12.977608 20.125519 28.363369 38.328578 50.556019 65.229854 82.005018 100.000000
774 0.077400 0.000000 6.387933 12.984906 20.137928 28.381196 38.350518 50.578849 65.249018 82.016005 100.000000
775 0.077500 0.000000 6.391177 12.992216 20.150344 28.399018 38.372437 50.601647 65.268147 82.026971 100.000000
776 0.077600 0.000000 6.394429 12.999538 20.162768 28.416835 38.394335 50.624412 65.287243 82.037916 100.000000
777 0.077700 0.000000 6.397691 13.006873 20.175199 28.434647 38.416212 50.647144 65.306305 82.048840 100.000000
778 0.077800 0.000000 6.400961 13.014220 20.187637 28.452453 38.438068 50.669843 65.325333 82.059742 100.000000
779 0.077900 0.000000 6.404239 13.021579 20.200083 28.470254 38.459902 50.692510 65.344329 82.070623 100.000000
780 0.078000 0.000000 6.407527 13.028950 20.212535 28.488049 38.481716 50.715144 65.363291 82.081484 100.000000
781 0.078100 0.000000 6.410823 13.036333 20.224995 28.505839 38.503508 50.737746 65.382219 82.092323 100.000000
782 0.078200 0.000000 6.414127 13.043728 20.237462 28.523623 38.525279 50.760315 65.401115 82.103141 100.000000
783 0.078300 0.000000 6.417440 13.051135 20.249935 28.541402 38.547030 50.782852 65.419978 82.113939 100.000000
784 0.078400 0.000000 6.420761 13.058553 20.262416 28.559175 38.568759 50.805357 65.438808 82.124715 100.000000
785 0.078500 0.000000 6.424091 13.065983 20.274903 28.576943 38.590467 50.827830 65.457605 82.135471 100.000000
786 0.078600 0.000000 6.427429 13.073424 20.287397 28.594705 38.612155 50.850270 65.476369 82.146207 100.000000
787 0.078700 0.000000 6.430775 13.080877 20.299897 28.612461 38.633821 50.872679 65.495101 82.156922 100.000000
788 0.078800 0.000000 6.434130 13.088342 20.312404 28.630211 38.655467 50.895055 65.513800 82.167616 100.000000
789 0.078900 0.000000 6.437492 13.095817 20.324917 28.647956 38.677091 50.917399 65.532467 82.178290 100.000000
790 0.079000 0.000000 6.440863 13.103304 20.337437 28.665694 38.698695 50.939712 65.551101 82.188943 100.000000
791 0.079100 0.000000 6.444242 13.110802 20.349963 28.683427 38.720277 50.961993 65.569703 82.199576 100.000000
792 0.079200 0.000000 6.447629 13.118312 20.362495 28.701154 38.741839 50.984242 65.588273 82.210189 100.000000
793 0.079300 0.000000 6.451024 13.125832 20.375033 28.718874 38.763380 51.006460 65.606811 82.220781 100.000000
794 0.079400 0.000000 6.454427 13.133363 20.387578 28.736589 38.784900 51.028646 65.625317 82.231353 100.000000
795 0.079500 0.000000 6.457838 13.140905 20.400128 28.754298 38.806399 51.050800 65.643791 82.241906 100.000000
796 0.079600 0.000000 6.461257 13.148457 20.412684 28.772000 38.827878 51.072923 65.662233 82.252438 100.000000
797 0.079700 0.000000 6.464683 13.156021 20.425246 28.789697 38.849335 51.095015 65.680643 82.262950 100.000000
798 0.079800 0.000000 6.468118 13.163595 20.437814 28.807387 38.870772 51.117075 65.699022 82.273443 100.000000
799 0.079900 0.000000 6.471559 13.171179 20.450387 28.825071 38.892188 51.139105 65.717369 82.283915 100.000000
800 0.080000 0.000000 6.475009 13.178774 20.462966 28.842748 38.913583 51.161103 65.735685 82.294368 100.000000
801 0.080100 0.000000 6.478466 13.186380 20.475551 28.860420 38.934958 51.183069 65.753970 82.304801 100.000000
802 0.080200 0.000000 6.481931 13.193996 20.488141 28.878085 38.956312 51.205005 65.772223 82.315214 100.000000
803 0.080300 0.000000 6.485404 13.201622 20.500736 28.895743 38.977645 51.226910 65.790445 82.325608 100.000000
804 0.080400 0.000000 6.488883 13.209258 20.513337 28.913395 38.998957 51.248784 65.808635 82.335982 100.000000
805 0.080500 0.000000 6.492371 13.216904 20.525943 28.931041 39.020249 51.270628 65.826795 82.346337 100.000000
806 0.080600 0.000000 6.495865 13.224561 20.538554 28.948680 39.041520 51.292440 65.844924 82.356672 100.000000
807 0.080700 0.000000 6.499367 13.232227 20.551171 28.966313 39.062770 51.314222 65.863022 82.366988 100.000000
808 0.080800 0.000000 6.502877 13.239903 20.563792 28.983939 39.084000 51.335973 65.881089 82.377285 100.000000
809 0.080900 0.000000 6.506393 13.247589 20.576418 29.001559 39.105209 51.357694 65.899125 82.387562 100.000000
810 0.081000 0.000000 6.509917 13.255285 20.589049 29.019171 39.126398 51.379384 65.917131 82.397820 100.000000
811 0.081100 0.000000 6.513448 13.262990 20.601685 29.036777 39.147566 51.401043 65.935106 82.408059 100.000000
812 0.081200 0.000000 6.516986 13.270705 20.614326 29.054377 39.168713 51.422672 65.953051 82.418279 100.000000
813 0.081300 0.000000 6.520531 13.278430 20.626971 29.071969 39.189840 51.444271 65.970965 82.428480 100.000000
814 0.081400 0.000000 6.524083 13.286164 20.639621 29.089555 39.210946 51.465840 65.988850 82.438662 100.000000
815 0.081500 0.000000 6.527642 13.293907 20.652276 29.107134 39.232032 51.487379 66.006703 82.448825 100.000000
816 0.081600 0.000000 6.531209 13.301659 20.664935 29.124706 39.253097 51.508887 66.024527 82.458969 100.000000
817 0.081700 0.000000 6.534782 13.309421 20.677598 29.142271 39.274141 51.530365 66.042321 82.469094 100.000000
818 0.081800 0.000000 6.538361 13.317192 20.690266 29.159830 39.295166 51.551814 66.060085 82.479201 100.000000
819 0.081900 0.000000 6.541948 13.324972 20.702937 29.177381 39.316169 51.573232 66.077819 82.489289 100.000000
820 0.082000 0.000000 6.545542 13.332762 20.715614 29.194925 39.337153 51.594621 66.095523 82.499358 100.000000
821 0.082100 0.000000 6.549142 13.340560 20.728294 29.212462 39.358115 51.615979 66.113197 82.509409 100.000000
822 0.082200 0.000000 6.552749 13.348367 20.740978 29.229992 39.379058 51.637308 66.130842 82.519441 100.000000
823 0.082300 0.000000 6.556362 13.356182 20.753666 29.247515 39.399980 51.658608 66.148457 82.529455 100.000000
824 0.082400 0.000000 6.559982 13.364007 20.766358 29.265031 39.420882 51.679878 66.166043 82.539450 100.000000
825 0.082500 0.000000 6.563609 13.371840 20.779055 29.282539 39.441763 51.701118 66.183599 82.549427 100.000000
826 0.082600 0.000000 6.567242 13.379682 20.791754 29.300040 39.462624 51.722328 66.201126 82.559386 100.000000
827 0.082700 0.000000 6.570882 13.387532 20.804458 29.317534 39.483464 51.743510 66.218624 82.569326 100.000000
828 0.082800 0.000000 6.574528 13.395391 20.817165 29.335021 39.504284 51.764661 66.236092 82.579248 100.000000
829 0.082900 0.000000 6.578180 13.403259 20.829876 29.352500 39.525084 51.785784 66.253531 82.589152 100.000000
830 0.083000 0.000000 6.581839 13.411134 20.842590 29.369972 39.545864 51.806877 66.270942 82.599038 100.000000
831 0.083100 0.000000 6.585504 13.419018 20.855308 29.387437 39.566623 51.827941 66.288323 82.608906 100.000000
832 0.083200 0.000000 6.589175 13.426910 20.868029 29.404894 39.587362 51.848976 66.305676 82.618756 100.000000
833 0.083300 0.000000 6.592853 13.434810 20.880753 29.422344 39.608081 51.869982 66.323000 82.628588 100.000000
834 0.083400 0.000000 6.596537 13.442718 20.893481 29.439786 39.628780 51.890959 66.340295 82.638402 100.000000
835 0.083500 0.000000 6.600226 13.450635 20.906212 29.457220 39.649458 51.911907 66.357561 82.648198 100.000000
836 0.083600 0.000000 6.603922 13.458559 20.918946 29.474647 39.670116 51.932826 66.374799 82.657977 100.000000
837 0.083700 0.000000 6.607624 13.466491 20.931683 29.492067 39.690754 51.953716 66.392008 82.667738 100.000000
838 0.083800 0.000000 6.611333 13.474431 20.944423 29.509478 39.711372 51.974577 66.409189 82.677481 100.000000
839 0.083900 0.000000 6.615046 13.482378 20.957166 29.526882 39.731969 51.995410 66.426342 82.687206 100.000000
840 0.084000 0.000000 6.618766 13.490334 20.969912 29.544279 39.752547 52.016214 66.443466 82.696914 100.000000
841 0.084100 0.000000 6.622492 13.498296 20.982661 29.561667 39.773104 52.036989 66.460562 82.706604 100.000000
842 0.084200 0.000000 6.626224 13.506267 20.995413 29.579048 39.793641 52.057736 66.477630 82.716277 100.000000
843 0.084300 0.000000 6.629961 13.514245 21.008167 29.596421 39.814158 52.078455 66.494670 82.725933 100.000000
844 0.084400 0.000000 6.633705 13.522230 21.020924 29.613786 39.834655 52.099145 66.511682 82.735571 100.000000
845 0.084500 0.000000 6.637454 13.530223 21.033683 29.631144 39.855132 52.119806 66.528666 82.745192 100.000000
846 0.084600 0.000000 6.641208 13.538223 21.046445 29.648493 39.875589 52.140439 66.545622 82.754795 100.000000
847 0.084700 0.000000 6.644969 13.546230 21.059209 29.665835 39.896026 52.161044 66.562550 82.764381 100.000000
848 0.084800 0.000000 6.648734 13.554244 21.071976 29.683168 39.916442 52.181621 66.579451 82.773950 100.000000
849 0.084900 0.000000 6.652506 13.562266 21.084745 29.700493 39.936839 52.202170 66.596324 82.783502 100.000000
850 0.085000 0.000000 6.656283 13.570294 21.097516 29.717811 39.957216 52.222690 66.613170 82.793037 100.000000
851 0.085100 0.000000 6.660065 13.578329 21.110290 29.735120 39.977573 52.243183 66.629988 82.802555 100.000000
852 0.085200 0.000000 6.663853 13.586372 21.123065 29.752422 39.997909 52.263647 66.646778 82.812056 100.000000
853 0.085300 0.000000 6.667647 13.594421 21.135843 29.769715 40.018226 52.284084 66.663542 82.821540 100.000000
854 0.085400 0.000000 6.671446 13.602477 21.148623 29.787000 40.038523 52.304493 66.680278 82.831007 100.000000
855 0.085500 0.000000 6.675250 13.610539 21.161405 29.804277 40.058800 52.324873 66.696987 82.840457 100.000000
856 0.085600 0.000000 6.679059 13.618609 21.174188 29.821545 40.079057 52.345227 66.713668 82.849890 100.000000
857 0.085700 0.000000 6.682874 13.626685 21.186974 29.838806 40.099294 52.365552 66.730323 82.859307 100.000000
858 0.085800 0.000000 6.686694 13.634767 21.199761 29.856058 40.119512 52.385850 66.746951 82.868707 100.000000
859 0.085900 0.000000 6.690519 13.642856 21.212550 29.873302 40.139709 52.406120 66.763551 82.878090 100.000000
860 0.086000 0.000000 6.694349 13.650951 21.225340 29.890537 40.159887 52.426363 66.780125 82.887457 100.000000
861 0.086100 0.000000 6.698184 13.659053 21.238133 29.907765 40.180044 52.446578 66.796672 82.896807 100.000000
862 0.086200 0.000000 6.702024 13.667161 21.250926 29.924983 40.200182 52.466766 66.813193 82.906140 100.000000
863 0.086300 0.000000 6.705870 13.675275 21.263722 29.942194 40.220300 52.486926 66.829686 82.915458 100.000000
864 0.086400 0.000000 6.709720 13.683396 21.276518 29.959396 40.240399 52.507059 66.846153 82.924758 100.000000
865 0.086500 0.000000 6.713576 13.691522 21.289316 29.976589 40.260477 52.527165 66.862594 82.934043 100.000000
866 0.086600 0.000000 6.717436 13.699655 21.302116 29.993774 40.280536 52.547243 66.879008 82.943311 100.000000
867 0.086700 0.000000 6.721301 13.707793 21.314917 30.010950 40.300575 52.567295 66.895396 82.952562 100.000000
868 0.086800 0.000000 6.725171 13.715938 21.327718 30.028118 40.320594 52.587319 66.911757 82.961798 100.000000
869 0.086900 0.000000 6.729046 13.724088 21.340521 30.045277 40.340594 52.607316 66.928092 82.971017 100.000000
870 0.087000 0.000000 6.732925 13.732244 21.353326 30.062428 40.360574 52.627286 66.944401 82.980220 100.000000
871 0.087100 0.000000 6.736810 13.740406 21.366131 30.079570 40.380534 52.647230 66.960684 82.989407 100.000000
872 0.087200 0.000000 6.740699 13.748574 21.378937 30.096703 40.400474 52.667146 66.976941 82.998578 100.000000
873 0.087300 0.000000 6.744592 13.756747 21.391744 30.113828 40.420395 52.687036 66.993172 83.007733 100.000000
874 0.087400 0.000000 6.748491 13.764926 21.404552 30.130944 40.440297 52.706898 67.009376 83.016872 100.000000
875 0.087500 0.000000 6.752394 13.773110 21.417361 30.148051 40.460178 52.726734 67.025555 83.025995 100.000000
876 0.087600 0.000000 6.756301 13.781300 21.430170 30.165149 40.480040 52.746543 67.041709 83.035102 100.000000
877 0.087700 0.000000 6.760213 13.789495 21.442980 30.182239 40.499882 52.766326 67.057836 83.044194 100.000000
878 0.087800 0.000000 6.764130 13.797696 21.455791 30.199320 40.519705 52.786082 67.073938 83.053269 100.000000
879 0.087900 0.000000 6.768051 13.805902 21.468603 30.216392 40.539508 52.805812 67.090014 83.062329 100.000000
880 0.088000 0.000000 6.771976 13.814113 21.481415 30.233455 40.559292 52.825515 67.106064 83.071373 100.000000
881 0.088100 0.000000 6.775906 13.822329 21.494228 30.250509 40.579056 52.845191 67.122089 83.080401 100.000000
882 0.088200 0.000000 6.779840 13.830551 21.507041 30.267554 40.598801 52.864841 67.138089 83.089414 100.000000
883 0.088300 0.000000 6.783778 13.838777 21.519854 30.284590 40.618526 52.884465 67.154063 83.098411 100.000000
884 0.088400 0.000000 6.787721 13.847009 21.532668 30.301617 40.638231 52.904063 67.170012 83.107393 100.000000
885 0.088500 0.000000 6.791667 13.855245 21.545482 30.318635 40.657918 52.923634 67.185936 83.116359 100.000000
886 0.088600 0.000000 6.795618 13.863487 21.558296 30.335644 40.677584 52.943179 67.201835 83.125310 100.000000
887 0.088700 0.000000 6.799574 13.871733 21.571110 30.352644 40.697231 52.962698 67.217708 83.134245 100.000000
888 0.088800 0.000000 6.803533 13.879984 21.583925 30.369635 40.716859 52.982191 67.233556 83.143165 100.000000
889 0.088900 0.000000 6.807497 13.888240 21.596740 30.386617 40.736467 53.001658 67.249380 83.152069 100.000000
890 0.089000 0.000000 6.811464 13.896501 21.609554 30.403590 40.756056 53.021099 67.265178 83.160958 100.000000
891 0.089100 0.000000 6.815436 13.904766 21.622369 30.420553 40.775626 53.040514 67.280952 83.169832 100.000000
892 0.089200 0.000000 6.819411 13.913035 21.635183 30.437508 40.795176 53.059903 67.296701 83.178691 100.000000
893 0.089300 0.000000 6.823391 13.921310 21.647998 30.454453 40.814707 53.079266 67.312425 83.187535 100.000000
894 0.089400 0.000000 6.827374 13.929588 21.660812 30.471388 40.834218 53.098603 67.328124 83.196363 100.000000
895 0.089500 0.000000 6.831362 13.937872 21.673626 30.488315 40.853710 53.117915 67.343799 83.205177 100.000000
896 0.089600 0.000000 6.835353 13.946159 21.686440 30.505232 40.873183 53.137201 67.359449 83.213975 100.000000
897 0.089700 0.000000 6.839348 13.954451 21.699253 30.522140 40.892636 53.156461 67.375074 83.222758 100.000000
898 0.089800 0.000000 6.843347 13.962747 21.712066 30.539039 40.912071 53.175696 67.390675 83.231527 100.000000
899 0.089900 0.000000 6.847349 13.971047 21.724879 30.555928 40.931485 53.194905 67.406252 83.240280 100.000000
900 0.090000 0.000000 6.851356 13.979352 21.737691 30.572808 40.950881 53.214088 67.421805 83.249019 100.000000
901 0.090100 0.000000 6.855366 13.987661 21.750503 30.589679 40.970257 53.233247 67.437333 83.257742 100.000000
902 0.090200 0.000000 6.859379 13.995973 21.763314 30.606540 40.989614 53.252379 67.452837 83.266451 100.000000
903 0.090300 0.000000 6.863397 14.004290 21.776124 30.623391 41.008952 53.271487 67.468316 83.275145 100.000000
904 0.090400 0.000000 6.867418 14.012610 21.788934 30.640233 41.028271 53.290569 67.483772 83.283825 100.000000
905 0.090500 0.000000 6.871442 14.020935 21.801743 30.657066 41.047570 53.309625 67.499203 83.292489 100.000000
906 0.090600 0.000000 6.875470 14.029263 21.814551 30.673889 41.066851 53.328657 67.514611 83.301139 100.000000
907 0.090700 0.000000 6.879502 14.037595 21.827359 30.690702 41.086112 53.347663 67.529995 83.309775 100.000000
908 0.090800 0.000000 6.883537 14.045931 21.840165 30.707506 41.105354 53.366645 67.545354 83.318396 100.000000
909 0.090900 0.000000 6.887575 14.054271 21.852971 30.724301 41.124577 53.385601 67.560690 83.327002 100.000000
910 0.091000 0.000000 6.891617 14.062614 21.865776 30.741085 41.143780 53.404532 67.576002 83.335594 100.000000
911 0.091100 0.000000 6.895662 14.070961 21.878579 30.757861 41.162965 53.423438 67.591291 83.344171 100.000000
912 0.091200 0.000000 6.899711 14.079311 21.891382 30.774626 41.182131 53.442319 67.606556 83.352734 100.000000
913 0.091300 0.000000 6.903763 14.087665 21.904184 30.791382 41.201277 53.461175 67.621797 83.361282 100.000000
914 0.091400 0.000000 6.907818 14.096023 21.916984 30.808128 41.220404 53.480007 67.637014 83.369816 100.000000
915 0.091500 0.000000 6.911877 14.104383 21.929783 30.824864 41.239513 53.498813 67.652209 83.378336 100.000000
916 0.091600 0.000000 6.915938 14.112747 21.942581 30.841591 41.258602 53.517595 67.667379 83.386842 100.000000
917 0.091700 0.000000 6.920003 14.121115 21.955378 30.858307 41.277672 53.536352 67.682527 83.395333 100.000000
918 0.091800 0.000000 6.924071 14.129485 21.968173 30.875014 41.296724 53.555085 67.697651 83.403810 100.000000
919 0.091900 0.000000 6.928142 14.137859 21.980967 30.891712 41.315756 53.573793 67.712751 83.412273 100.000000
920 0.092000 0.000000 6.932217 14.146236 21.993760 30.908399 41.334769 53.592476 67.727829 83.420722 100.000000
921 0.092100 0.000000 6.936294 14.154616 22.006551 30.925076 41.353764 53.611134 67.742883 83.429157 100.000000
922 0.092200 0.000000 6.940374 14.162999 22.019340 30.941744 41.372739 53.629769 67.757914 83.437577 100.000000
923 0.092300 0.000000 6.944458 14.171386 22.032129 30.958402 41.391695 53.648378 67.772922 83.445984 100.000000
924 0.092400 0.000000 6.948544 14.179775 22.044915 30.975050 41.410633 53.666964 67.787908 83.454377 100.000000
925 0.092500 0.000000 6.952633 14.188167 22.057700 30.991687 41.429552 53.685524 67.802870 83.462755 100.000000
926 0.092600 0.000000 6.956725 14.196562 22.070483 31.008315 41.448451 53.704061 67.817809 83.471120 100.000000
927 0.092700 0.000000 6.960820 14.204959 22.083264 31.024933 41.467332 53.722573 67.832726 83.479471 100.000000
928 0.092800 0.000000 6.964918 14.213360 22.096044 31.041541 41.486194 53.741062 67.847619 83.487808 100.000000
929 0.092900 0.000000 6.969019 14.221763 22.108822 31.058139 41.505037 53.759525 67.862490 83.496131 100.000000
930 0.093000 0.000000 6.973123 14.230169 22.121598 31.074727 41.523862 53.777965 67.877338 83.504441 100.000000
931 0.093100 0.000000 6.977229 14.238578 22.134372 31.091305 41.542667 53.796381 67.892164 83.512737 100.000000
932 0.093200 0.000000 6.981338 14.246989 22.147144 31.107872 41.561454 53.814772 67.906967 83.521019 100.000000
933 0.093300 0.000000 6.985450 14.255402 22.159914 31.124430 41.580222 53.833140 67.921748 83.529287 100.000000
934 0.093400 0.000000 6.989564 14.263818 22.172682 31.140978 41.598971 53.851484 67.936506 83.537542 100.000000
935 0.093500 0.000000 6.993682 14.272237 22.185448 31.157515 41.617701 53.869803 67.951241 83.545783 100.000000
936 0.093600 0.000000 6.997801 14.280658 22.198212 31.174042 41.636413 53.888099 67.965954 83.554010 100.000000
937 0.093700 0.000000 7.001924 14.289081 22.210973 31.190559 41.655105 53.906371 67.980645 83.562225 100.000000
938 0.093800 0.000000 7.006049 14.297507 22.223733 31.207066 41.673779 53.924619 67.995314 83.570425 100.000000
939 0.093900 0.000000 7.010176 14.305935 22.236490 31.223563 41.692435 53.942843 68.009960 83.578612 100.000000
940 0.094000 0.000000 7.014306 14.314365 22.249245 31.240049 41.711072 53.961044 68.024584 83.586786 100.000000
941 0.094100 0.000000 7.018438 14.322798 22.261998 31.256525 41.729690 53.979221 68.039187 83.594946 100.000000
942 0.094200 0.000000 7.022573 14.331232 22.274748 31.272991 41.748289 53.997374 68.053767 83.603093 100.000000
943 0.094300 0.000000 7.026711 14.339669 22.287496 31.289447 41.766870 54.015504 68.068325 83.611227 100.000000
944 0.094400 0.000000 7.030850 14.348108 22.300242 31.305892 41.785432 54.033610 68.082861 83.619347 100.000000
945 0.094500 0.000000 7.034993 14.356548 22.312985 31.322327 41.803975 54.051693 68.097375 83.627454 100.000000
946 0.094600 0.000000 7.039137 14.364991 22.325725 31.338752 41.822500 54.069752 68.111867 83.635548 100.000000
947 0.094700 0.000000 7.043284 14.373435 22.338463 31.355166 41.841006 54.087787 68.126337 83.643628 100.000000
948 0.094800 0.000000 7.047433 14.381882 22.351198 31.371570 41.859494 54.105800 68.140786 83.651696 100.000000
949 0.094900 0.000000 7.051584 14.390330 22.363931 31.387963 41.877963 54.123789 68.155213 83.659750 100.000000
950 0.095000 0.000000 7.055738 14.398780 22.376661 31.404346 41.896414 54.141754 68.169618 83.667791 100.000000
951 0.095100 0.000000 7.059893 14.407232 22.389388 31.420719 41.914846 54.159697 68.184001 83.675820 100.000000
952 0.095200 0.000000 7.064051 14.415685 22.402112 31.437081 41.933259 54.177616 68.198363 83.683835 100.000000
953 0.095300 0.000000 7.068211 14.424141 22.414834 31.453433 41.951654 54.195512 68.212704 83.691837 100.000000
954 0.095400 0.000000 7.072374 14.432597 22.427553 31.469774 41.970030 54.213385 68.227023 83.699826 100.000000
955 0.095500 0.000000 7.076538 14.441056 22.440269 31.486105 41.988388 54.231234 68.241320 83.707802 100.000000
956 0.095600 0.000000 7.080704 14.449516 22.452982 31.502425 42.006728 54.249061 68.255596 83.715765 100.000000
957 0.095700 0.000000 7.084873 14.457977 22.465692 31.518735 42.025049 54.266865 68.269851 83.723716 100.000000
958 0.095800 0.000000 7.089043 14.466440 22.478399 31.535034 42.043352 54.284645 68.284085 83.731654 100.000000
959 0.095900 0.000000 7.093216 14.474904 22.491103 31.551323 42.061636 54.302403 68.298297 83.739578 100.000000
960 0.096000 0.000000 7.097390 14.483370 22.503804 31.567601 42.079901 54.320138 68.312488 83.747490 100.000000
961 0.096100 0.000000 7.101566 14.491837 22.516502 31.583868 42.098149 54.337850 68.326658 83.755390 100.000000
962 0.096200 0.000000 7.105745 14.500305 22.529196 31.600125 42.116378 54.355539 68.340806 83.763276 100.000000
963 0.096300 0.000000 7.109925 14.508775 22.541888 31.616371 42.134588 54.373205 68.354934 83.771150 100.000000
964 0.096400 0.000000 7.114107 14.517245 22.554576 31.632606 42.152781 54.390848 68.369041 83.779011 100.000000
965 0.096500 0.000000 7.118291 14.525717 22.567261 31.648831 42.170955 54.408469 68.383126 83.786860 100.000000
966 0.096600 0.000000 7.122476 14.534190 22.579943 31.665045 42.189110 54.426067 68.397191 83.794696 100.000000
967 0.096700 0.000000 7.126664 14.542664 22.592621 31.681249 42.207247 54.443643 68.411235 83.802519 100.000000
968 0.096800 0.000000 7.130853 14.551139 22.605296 31.697442 42.225366 54.461196 68.425258 83.810330 100.000000
969 0.096900 0.000000 7.135044 14.559616 22.617968 31.713624 42.243467 54.478726 68.439260 83.818129 100.000000
970 0.097000 0.000000 7.139237 14.568093 22.630636 31.729795 42.261549 54.496234 68.453242 83.825915 100.000000
971 0.097100 0.000000 7.143431 14.576571 22.643301 31.745955 42.279613 54.513719 68.467203 83.833688 100.000000
972 0.097200 0.000000 7.147627 14.585050 22.655962 31.762105 42.297659 54.531182 68.481143 83.841449 100.000000
973 0.097300 0.000000 7.151825 14.593530 22.668620 31.778244 42.315687 54.548622 68.495062 83.849198 100.000000
974 0.097400 0.000000 7.156024 14.602010 22.681274 31.794372 42.333696 54.566041 68.508961 83.856934 100.000000
975 0.097500 0.000000 7.160225 14.610492 22.693924 31.810490 42.351688 54.583436 68.522840 83.864659 100.000000
976 0.097600 0.000000 7.164427 14.618974 22.706571 31.826596 42.369661 54.600810 68.536698 83.872370 100.000000
977 0.097700 0.000000 7.168631 14.627457 22.719214 31.842692 42.387615 54.618161 68.550535 83.880070 100.000000
978 0.097800 0.000000 7.172837 14.635940 22.731854 31.858777 42.405552 54.635490 68.564352 83.887757 100.000000
979 0.097900 0.000000 7.177044 14.644424 22.744489 31.874851 42.423471 54.652797 68.578149 83.895432 100.000000
980 0.098000 0.000000 7.181252 14.652909 22.757121 31.890914 42.441371 54.670081 68.591926 83.903095 100.000000
981 0.098100 0.000000 7.185462 14.661394 22.769749 31.906966 42.459253 54.687344 68.605682 83.910746 100.000000
982 0.098200 0.000000 7.189673 14.669880 22.782373 31.923007 42.477117 54.704584 68.619418 83.918384 100.000000
983 0.098300 0.000000 7.193886 14.678366 22.794994 31.939038 42.494964 54.721803 68.633134 83.926011 100.000000
984 0.098400 0.000000 7.198100 14.686853 22.807610 31.955057 42.512792 54.738999 68.646830 83.933626 100.000000
985 0.098500 0.000000 7.202315 14.695340 22.820222 31.971065 42.530601 54.756174 68.660505 83.941228 100.000000
986 0.098600 0.000000 7.206532 14.703827 22.832831 31.987063 42.548393 54.773326 68.674161 83.948818 100.000000
987 0.098700 0.000000 7.210750 14.712315 22.845435 32.003049 42.566167 54.790457 68.687797 83.956397 100.000000
988 0.098800 0.000000 7.214969 14.720803 22.858035 32.019025 42.583923 54.807566 68.701412 83.963964 100.000000
989 0.098900 0.000000 7.219190 14.729291 22.870632 32.034989 42.601661 54.824653 68.715008 83.971518 100.000000
990 0.099000 0.000000 7.223412 14.737780 22.883224 32.050942 42.619381 54.841718 68.728584 83.979061 100.000000
991 0.099100 0.000000 7.227635 14.746269 22.895812 32.066885 42.637082 54.858762 68.742140 83.986592 100.000000
992 0.099200 0.000000 7.231859 14.754757 22.908396 32.082816 42.654766 54.875783 68.755676 83.994111 100.000000
993 0.099300 0.000000 7.236084 14.763246 22.920975 32.098736 42.672432 54.892783 68.769193 84.001618 100.000000
994 0.099400 0.000000 7.240311 14.771735 22.933550 32.114645 42.690080 54.909762 68.782690 84.009114 100.000000
995 0.099500 0.000000 7.244538 14.780224 22.946121 32.130543 42.707710 54.926719 68.796167 84.016597 100.000000
996 0.099600 0.000000 7.248767 14.788714 22.958688 32.146430 42.725322 54.943654 68.809624 84.024069 100.000000
997 0.099700 0.000000 7.252997 14.797203 22.971251 32.162306 42.742916 54.960568 68.823062 84.031530 100.000000
998 0.099800 0.000000 7.257227 14.805692 22.983809 32.178171 42.760493 54.977460 68.836481 84.038978 100.000000
999 0.099900 0.000000 7.261459 14.814180 22.996362 32.194024 42.778051 54.994331 68.849880 84.046415 100.000000
1000 0.100000 0.000000 7.265692 14.822669 23.008911 32.209867 42.795592 55.011180 68.863259 84.053841 100.000000
1001 0.100100 0.000000 7.269926 14.831158 23.021456 32.225698 42.813114 55.028008 68.876619 84.061254 100.000000
1002 0.100200 0.000000 7.274161 14.839646 23.033996 32.241518 42.830619 55.044815 68.889960 84.068657 100.000000
1003 0.100300 0.000000 7.278396 14.848134 23.046532 32.257327 42.848106 55.061600 68.903281 84.076047 100.000000
1004 0.100400 0.000000 7.282633 14.856622 23.059063 32.273125 42.865575 55.078364 68.916583 84.083427 100.000000
1005 0.100500 0.000000 7.286870 14.865109 23.071589 32.288911 42.883027 55.095107 68.929866 84.090794 100.000000
1006 0.100600 0.000000 7.291109 14.873597 23.084111 32.304686 42.900461 55.111829 68.943130 84.098151 100.000000
1007 0.100700 0.000000 7.295348 14.882083 23.096628 32.320450 42.917877 55.128529 68.956374 84.105495 100.000000
1008 0.100800 0.000000 7.299588 14.890570 23.109141 32.336203 42.935275 55.145209 68.969599 84.112829 100.000000
1009 0.100900 0.000000 7.303829 14.899056 23.121648 32.351944 42.952655 55.161867 68.982806 84.120151 100.000000
1010 0.101000 0.000000 7.308070 14.907541 23.134151 32.367675 42.970018 55.178504 68.995993 84.127462 100.000000
1011 0.101100 0.000000 7.312313 14.916026 23.146650 32.383394 42.987363 55.195120 69.009161 84.134761 100.000000
1012 0.101200 0.000000 7.316556 14.924511 23.159143 32.399101 43.004690 55.211715 69.022310 84.142049 100.000000
1013 0.101300 0.000000 7.320800 14.932995 23.171632 32.414797 43.022000 55.228289 69.035440 84.149326 100.000000
1014 0.101400 0.000000 7.325044 14.941478 23.184116 32.430482 43.039292 55.244842 69.048551 84.156592 100.000000
1015 0.101500 0.000000 7.329290 14.949960 23.196594 32.446156 43.056566 55.261374 69.061644 84.163846 100.000000
1016 0.101600 0.000000 7.333535 14.958442 23.209068 32.461818 43.073823 55.277886 69.074718 84.171089 100.000000
1017 0.101700 0.000000 7.337782 14.966924 23.221537 32.477469 43.091062 55.294376 69.087772 84.178321 100.000000
1018 0.101800 0.000000 7.342029 14.975404 23.234001 32.493109 43.108283 55.310846 69.100809 84.185542 100.000000
1019 0.101900 0.000000 7.346277 14.983884 23.246460 32.508737 43.125487 55.327295 69.113826 84.192752 100.000000
1020 0.102000 0.000000 7.350525 14.992363 23.258914 32.524354 43.142673 55.343723 69.126825 84.199951 100.000000
1021 0.102100 0.000000 7.354774 15.000841 23.271363 32.539959 43.159842 55.360130 69.139805 84.207138 100.000000
1022 0.102200 0.000000 7.359024 15.009318 23.283807 32.555553 43.176993 55.376517 69.152766 84.214315 100.000000
1023 0.102300 0.000000 7.363273 15.017795 23.296246 32.571136 43.194126 55.392883 69.165709 84.221481 100.000000
1024 0.102400 0.000000 7.367524 15.026270 23.308679 32.586707 43.211242 55.409229 69.178634 84.228635 100.000000
1025 0.102500 0.000000 7.371775 15.034745 23.321108 32.602267 43.228341 55.425554 69.191540 84.235779 100.000000
1026 0.102600 0.000000 7.376026 15.043218 23.333531 32.617815 43.245422 55.441858 69.204427 84.242911 100.000000
1027 0.102700 0.000000 7.380278 15.051691 23.345949 32.633352 43.262485 55.458142 69.217296 84.250033 100.000000
1028 0.102800 0.000000 7.384530 15.060162 23.358362 32.648877 43.279531 55.474406 69.230147 84.257144 100.000000
1029 0.102900 0.000000 7.388783 15.068632 23.370769 32.664391 43.296560 55.490649 69.242979 84.264244 100.000000
1030 0.103000 0.000000 7.393036 15.077102 23.383171 32.679893 43.313571 55.506871 69.255794 84.271333 100.000000
1031 0.103100 0.000000 7.397289 15.085570 23.395568 32.695384 43.330565 55.523073 69.268589 84.278411 100.000000
1032 0.103200 0.000000 7.401543 15.094037 23.407960 32.710864 43.347541 55.539255 69.281367 84.285479 100.000000
1033 0.103300 0.000000 7.405797 15.102503 23.420346 32.726332 43.364500 55.555417 69.294127 84.292536 100.000000
1034 0.103400 0.000000 7.410051 15.110967 23.432726 32.741788 43.381441 55.571558 69.306868 84.299582 100.000000
1035 0.103500 0.000000 7.414306 15.119430 23.445102 32.757233 43.398365 55.587679 69.319591 84.306617 100.000000
1036 0.103600 0.000000 7.418560 15.127892 23.457471 32.772666 43.415272 55.603780 69.332296 84.313642 100.000000
1037 0.103700 0.000000 7.422816 15.136353 23.469836 32.788088 43.432161 55.619861 69.344984 84.320656 100.000000
1038 0.103800 0.000000 7.427071 15.144812 23.482194 32.803498 43.449033 55.635921 69.357653 84.327659 100.000000
1039 0.103900 0.000000 7.431326 15.153270 23.494548 32.818896 43.465888 55.651961 69.370304 84.334652 100.000000
1040 0.104000 0.000000 7.435582 15.161727 23.506895 32.834283 43.482725 55.667981 69.382937 84.341634 100.000000
1041 0.104100 0.000000 7.439838 15.170182 23.519237 32.849659 43.499545 55.683982 69.395552 84.348605 100.000000
1042 0.104200 0.000000 7.444094 15.178636 23.531574 32.865023 43.516348 55.699962 69.408150 84.355566 100.000000
1043 0.104300 0.000000 7.448350 15.187088 23.543904 32.880375 43.533134 55.715922 69.420730 84.362516 100.000000
1044 0.104400 0.000000 7.452606 15.195538 23.556230 32.895716 43.549902 55.731862 69.433291 84.369456 100.000000
1045 0.104500 0.000000 7.456863 15.203988 23.568549 32.911045 43.566653 55.747782 69.445836 84.376386 100.000000
1046 0.104600 0.000000 7.461119 15.212435 23.580863 32.926362 43.583387 55.763683 69.458362 84.383304 100.000000
1047 0.104700 0.000000 7.465376 15.220881 23.593171 32.941668 43.600103 55.779563 69.470871 84.390213 100.000000
1048 0.104800 0.000000 7.469632 15.229325 23.605473 32.956962 43.616802 55.795424 69.483362 84.397111 100.000000
1049 0.104900 0.000000 7.473889 15.237768 23.617769 32.972244 43.633485 55.811264 69.495835 84.403999 100.000000
1050 0.105000 0.000000 7.478145 15.246209 23.630060 32.987515 43.650149 55.827085 69.508291 84.410876 100.000000
1051 0.105100 0.000000 7.482402 15.254648 23.642345 33.002774 43.666797 55.842887 69.520730 84.417743 100.000000
1052 0.105200 0.000000 7.486658 15.263086 23.654624 33.018021 43.683428 55.858668 69.533150 84.424599 100.000000
1053 0.105300 0.000000 7.490915 15.271522 23.666897 33.033257 43.700041 55.874430 69.545554 84.431446 100.000000
1054 0.105400 0.000000 7.495171 15.279956 23.679164 33.048481 43.716638 55.890172 69.557940 84.438282 100.000000
1055 0.105500 0.000000 7.499427 15.288388 23.691425 33.063693 43.733217 55.905895 69.570308 84.445108 100.000000
1056 0.105600 0.000000 7.503683 15.296818 23.703680 33.078894 43.749779 55.921598 69.582659 84.451923 100.000000
1057 0.105700 0.000000 7.507939 15.305246 23.715930 33.094083 43.766324 55.937281 69.594993 84.458728 100.000000
1058 0.105800 0.000000 7.512195 15.313673 23.728173 33.109260 43.782852 55.952945 69.607310 84.465523 100.000000
1059 0.105900 0.000000 7.516451 15.322098 23.740410 33.124426 43.799363 55.968589 69.619609 84.472308 100.000000
1060 0.106000 0.000000 7.520707 15.330520 23.752641 33.139579 43.815857 55.984214 69.631891 84.479083 100.000000
1061 0.106100 0.000000 7.524962 15.338941 23.764867 33.154721 43.832334 55.999819 69.644156 84.485848 100.000000
1062 0.106200 0.000000 7.529217 15.347360 23.777086 33.169851 43.848793 56.015405 69.656404 84.492602 100.000000
1063 0.106300 0.000000 7.533472 15.355776 23.789299 33.184970 43.865236 56.030972 69.668634 84.499347 100.000000
1064 0.106400 0.000000 7.537727 15.364191 23.801505 33.200076 43.881662 56.046519 69.680848 84.506081 100.000000
1065 0.106500 0.000000 7.541982 15.372603 23.813706 33.215171 43.898071 56.062047 69.693044 84.512806 100.000000
1066 0.106600 0.000000 7.546236 15.381014 23.825900 33.230254 43.914463 56.077556 69.705223 84.519520 100.000000
1067 0.106700 0.000000 7.550490 15.389422 23.838089 33.245326 43.930838 56.093045 69.717386 84.526224 100.000000
1068 0.106800 0.000000 7.554743 15.397828 23.850271 33.260385 43.947196 56.108515 69.729531 84.532919 100.000000
1069 0.106900 0.000000 7.558997 15.406232 23.862447 33.275433 43.963537 56.123966 69.741659 84.539603 100.000000
1070 0.107000 0.000000 7.563249 15.414634 23.874616 33.290469 43.979861 56.139397 69.753771 84.546278 100.000000
1071 0.107100 0.000000 7.567502 15.423033 23.886779 33.305493 43.996168 56.154810 69.765865 84.552942 100.000000
1072 0.107200 0.000000 7.571754 15.431430 23.898936 33.320505 44.012459 56.170203 69.777943 84.559597 100.000000
1073 0.107300 0.000000 7.576006 15.439825 23.911087 33.335506 44.028732 56.185578 69.790004 84.566242 100.000000
1074 0.107400 0.000000 7.580257 15.448218 23.923231 33.350494 44.044989 56.200933 69.802048 84.572877 100.000000
1075 0.107500 0.000000 7.584508 15.456608 23.935369 33.365471 44.061229 56.216269 69.814076 84.579502 100.000000
1076 0.107600 0.000000 7.588759 15.464996 23.947501 33.380436 44.077452 56.231586 69.826087 84.586117 100.000000
1077 0.107700 0.000000 7.593009 15.473382 23.959626 33.395389 44.093658 56.246884 69.838081 84.592723 100.000000
1078 0.107800 0.000000 7.597259 15.481765 23.971744 33.410330 44.109847 56.262163 69.850058 84.599318 100.000000
1079 0.107900 0.000000 7.601508 15.490146 23.983856 33.425259 44.126020 56.277424 69.862019 84.605904 100.000000
1080 0.108000 0.000000 7.605757 15.498524 23.995962 33.440177 44.142175 56.292665 69.873963 84.612481 100.000000
1081 0.108100 0.000000 7.610005 15.506900 24.008061 33.455083 44.158314 56.307888 69.885891 84.619047 100.000000
1082 0.108200 0.000000 7.614252 15.515273 24.020154 33.469976 44.174437 56.323091 69.897802 84.625604 100.000000
1083 0.108300 0.000000 7.618499 15.523644 24.032240 33.484858 44.190542 56.338276 69.909697 84.632151 100.000000
1084 0.108400 0.000000 7.622746 15.532012 24.044320 33.499728 44.206631 56.353442 69.921575 84.638689 100.000000
1085 0.108500 0.000000 7.626992 15.540378 24.056393 33.514586 44.222703 56.368590 69.933437 84.645217 100.000000
1086 0.108600 0.000000 7.631237 15.548741 24.068459 33.529432 44.238759 56.383718 69.945282 84.651735 100.000000
1087 0.108700 0.000000 7.635482 15.557101 24.080519 33.544266 44.254797 56.398828 69.957111 84.658244 100.000000
1088 0.108800 0.000000 7.639726 15.565459 24.092572 33.559089 44.270819 56.413919 69.968924 84.664743 100.000000
1089 0.108900 0.000000 7.643969 15.573814 24.104619 33.573899 44.286825 56.428992 69.980720 84.671233 100.000000
1090 0.109000 0.000000 7.648212 15.582166 24.116659 33.588697 44.302813 56.444046 69.992500 84.677713 100.000000
1091 0.109100 0.000000 7.652454 15.590516 24.128692 33.603484 44.318786 56.459081 70.004264 84.684184 100.000000
1092 0.109200 0.000000 7.656696 15.598863 24.140719 33.618259 44.334741 56.474098 70.016012 84.690645 100.000000
1093 0.109300 0.000000 7.660937 15.607207 24.152738 33.633021 44.350680 56.489096 70.027743 84.697097 100.000000
1094 0.109400 0.000000 7.665177 15.615549 24.164751 33.647772 44.366602 56.504076 70.039458 84.703539 100.000000
1095 0.109500 0.000000 7.669416 15.623888 24.176758 33.662511 44.382508 56.519037 70.051158 84.709972 100.000000
1096 0.109600 0.000000 7.673654 15.632223 24.188757 33.677237 44.398397 56.533980 70.062841 84.716395 100.000000
1097 0.109700 0.000000 7.677892 15.640556 24.200750 33.691952 44.414270 56.548904 70.074508 84.722809 100.000000
1098 0.109800 0.000000 7.682129 15.648887 24.212736 33.706655 44.430126 56.563810 70.086159 84.729214 100.000000
1099 0.109900 0.000000 7.686366 15.657214 24.224715 33.721346 44.445965 56.578698 70.097794 84.735609 100.000000
1100 0.110000 0.000000 7.690601 15.665538 24.236687 33.736025 44.461788 56.593567 70.109413 84.741995 100.000000
1101 0.110100 0.000000 7.694836 15.673860 24.248652 33.750692 44.477595 56.608418 70.121016 84.748372 100.000000
1102 0.110200 0.000000 7.699070 15.682178 24.260610 33.765347 44.493385 56.623251 70.132603 84.754739 100.000000
1103 0.110300 0.000000 7.703303 15.690494 24.272562 33.779990 44.509159 56.638065 70.144174 84.761098 100.000000
1104 0.110400 0.000000 7.707535 15.698806 24.284506 33.794621 44.524916 56.652861 70.155730 84.767446 100.000000
1105 0.110500 0.000000 7.711766 15.707116 24.296444 33.809240 44.540656 56.667639 70.167269 84.773786 100.000000
1106 0.110600 0.000000 7.715996 15.715422 24.308375 33.823847 44.556381 56.682399 70.178793 84.780116 100.000000
1107 0.110700 0.000000 7.720226 15.723726 24.320298 33.838442 44.572089 56.697141 70.190301 84.786438 100.000000
1108 0.110800 0.000000 7.724454 15.732026 24.332215 33.853025 44.587780 56.711864 70.201794 84.792750 100.000000
1109 0.110900 0.000000 7.728682 15.740323 24.344124 33.867596 44.603455 56.726570 70.213270 84.799053 100.000000
1110 0.111000 0.000000 7.732909 15.748617 24.356027 33.882154 44.619114 56.741257 70.224731 84.805346 100.000000
1111 0.111100 0.000000 7.737135 15.756908 24.367923 33.896701 44.634756 56.755926 70.236176 84.811631 100.000000
1112 0.111200 0.000000 7.741359 15.765196 24.379811 33.911236 44.650382 56.770577 70.247606 84.817907 100.000000
1113 0.111300 0.000000 7.745583 15.773481 24.391693 33.925759 44.665992 56.785211 70.259020 84.824173 100.000000
1114 0.111400 0.000000 7.749806 15.781762 24.403567 33.940270 44.681585 56.799826 70.270419 84.830431 100.000000
1115 0.111500 0.000000 7.754028 15.790041 24.415434 33.954769 44.697162 56.814423 70.281802 84.836679 100.000000
1116 0.111600 0.000000 7.758249 15.798316 24.427294 33.969256 44.712723 56.829002 70.293169 84.842918 100.000000
1117 0.111700 0.000000 7.762468 15.806587 24.439147 33.983730 44.728267 56.843564 70.304521 84.849149 100.000000
1118 0.111800 0.000000 7.766687 15.814856 24.450993 33.998193 44.743795 56.858108 70.315857 84.855370 100.000000
1119 0.111900 0.000000 7.770905 15.823121 24.462831 34.012644 44.759307 56.872633 70.327178 84.861582 100.000000
1120 0.112000 0.000000 7.775121 15.831383 24.474663 34.027082 44.774803 56.887141 70.338484 84.867786 100.000000
1121 0.112100 0.000000 7.779337 15.839641 24.486487 34.041509 44.790282 56.901631 70.349775 84.873980 100.000000
1122 0.112200 0.000000 7.783551 15.847897 24.498304 34.055923 44.805745 56.916104 70.361049 84.880166 100.000000
1123 0.112300 0.000000 7.787765 15.856148 24.510114 34.070326 44.821192 56.930559 70.372309 84.886342 100.000000
1124 0.112400 0.000000 7.791977 15.864397 24.521916 34.084716 44.836623 56.944996 70.383554 84.892510 100.000000
1125 0.112500 0.000000 7.796188 15.872642 24.533711 34.099094 44.852037 56.959415 70.394783 84.898669 100.000000
1126 0.112600 0.000000 7.800398 15.880883 24.545499 34.113461 44.867436 56.973816 70.405997 84.904819 100.000000
1127 0.112700 0.000000 7.804607 15.889121 24.557280 34.127815 44.882818 56.988200 70.417195 84.910960 100.000000
1128 0.112800 0.000000 7.808814 15.897356 24.569053 34.142157 44.898184 57.002567 70.428379 84.917092 100.000000
1129 0.112900 0.000000 7.813021 15.905587 24.580819 34.156487 44.913534 57.016915 70.439547 84.923216 100.000000
1130 0.113000 0.000000 7.817226 15.913815 24.592577 34.170805 44.928868 57.031247 70.450700 84.929331 100.000000
1131 0.113100 0.000000 7.821430 15.922039 24.604328 34.185110 44.944186 57.045560 70.461839 84.935437 100.000000
1132 0.113200 0.000000 7.825633 15.930260 24.616072 34.199404 44.959488 57.059856 70.472962 84.941534 100.000000
1133 0.113300 0.000000 7.829834 15.938477 24.627809 34.213686 44.974773 57.074135 70.484070 84.947623 100.000000
1134 0.113400 0.000000 7.834034 15.946690 24.639538 34.227955 44.990043 57.088396 70.495163 84.953703 100.000000
1135 0.113500 0.000000 7.838233 15.954900 24.651259 34.242213 45.005296 57.102640 70.506241 84.959774 100.000000
1136 0.113600 0.000000 7.842431 15.963106 24.662974 34.256458 45.020534 57.116866 70.517304 84.965836 100.000000
1137 0.113700 0.000000 7.846628 15.971309 24.674680 34.270692 45.035755 57.131075 70.528352 84.971890 100.000000
1138 0.113800 0.000000 7.850823 15.979508 24.686379 34.284913 45.050961 57.145267 70.539385 84.977935 100.000000
1139 0.113900 0.000000 7.855017 15.987703 24.698071 34.299122 45.066150 57.159441 70.550404 84.983972 100.000000
1140 0.114000 0.000000 7.859209 15.995895 24.709755 34.313319 45.081324 57.173598 70.561407 84.990000 100.000000
1141 0.114100 0.000000 7.863401 16.004082 24.721432 34.327504 45.096481 57.187738 70.572396 84.996019 100.000000
1142 0.114200 0.000000 7.867590 16.012267 24.733101 34.341676 45.111623 57.201860 70.583370 85.002030 100.000000
1143 0.114300 0.000000 7.871779 16.020447 24.744763 34.355837 45.126749 57.215965 70.594329 85.008033 100.000000
1144 0.114400 0.000000 7.875966 16.028624 24.756417 34.369986 45.141858 57.230053 70.605273 85.014026 100.000000
1145 0.114500 0.000000 7.880152 16.036797 24.768064 34.384122 45.156952 57.244124 70.616203 85.020012 100.000000
1146 0.114600 0.000000 7.884336 16.044966 24.779703 34.398246 45.172030 57.258178 70.627118 85.025988 100.000000
1147 0.114700 0.000000 7.888519 16.053131 24.791334 34.412359 45.187092 57.272214 70.638018 85.031956 100.000000
1148 0.114800 0.000000 7.892701 16.061293 24.802958 34.426459 45.202138 57.286233 70.648904 85.037916 100.000000
1149 0.114900 0.000000 7.896881 16.069450 24.814574 34.440547 45.217168 57.300236 70.659775 85.043867 100.000000
1150 0.115000 0.000000 7.901060 16.077604 24.826183 34.454622 45.232183 57.314221 70.670631 85.049810 100.000000
1151 0.115100 0.000000 7.905237 16.085754 24.837784 34.468686 45.247181 57.328189 70.681473 85.055745 100.000000
1152 0.115200 0.000000 7.909413 16.093900 24.849377 34.482738 45.262164 57.342140 70.692301 85.061671 100.000000
1153 0.115300 0.000000 7.913588 16.102042 24.860963 34.496777 45.277131 57.356074 70.703113 85.067588 100.000000
1154 0.115400 0.000000 7.917761 16.110180 24.872541 34.510805 45.292082 57.369991 70.713912 85.073498 100.000000
1155 0.115500 0.000000 7.921932 16.118315 24.884111 34.524820 45.307018 57.383891 70.724696 85.079399 100.000000
1156 0.115600 0.000000 7.926102 16.126445 24.895673 34.538823 45.321937 57.397775 70.735465 85.085291 100.000000
1157 0.115700 0.000000 7.930271 16.134571 24.907228 34.552814 45.336841 57.411641 70.746220 85.091175 100.000000
1158 0.115800 0.000000 7.934438 16.142694 24.918775 34.566793 45.351729 57.425490 70.756961 85.097051 100.000000
1159 0.115900 0.000000 7.938603 16.150812 24.930315 34.580759 45.366601 57.439323 70.767687 85.102919 100.000000
1160 0.116000 0.000000 7.942767 16.158926 24.941846 34.594714 45.381458 57.453139 70.778399 85.108778 100.000000
1161 0.116100 0.000000 7.946929 16.167037 24.953370 34.608656 45.396299 57.466938 70.789096 85.114629 100.000000
1162 0.116200 0.000000 7.951090 16.175143 24.964886 34.622586 45.411124 57.480720 70.799780 85.120472 100.000000
1163 0.116300 0.000000 7.955249 16.183245 24.976394 34.636505 45.425934 57.494485 70.810449 85.126307 100.000000
1164 0.116400 0.000000 7.959407 16.191343 24.987895 34.650411 45.440728 57.508234 70.821104 85.132133 100.000000
1165 0.116500 0.000000 7.963563 16.199437 24.999387 34.664304 45.455506 57.521966 70.831744 85.137951 100.000000
1166 0.116600 0.000000 7.967717 16.207527 25.010872 34.678186 45.470268 57.535681 70.842371 85.143761 100.000000
1167 0.116700 0.000000 7.971870 16.215613 25.022349 34.692056 45.485015 57.549380 70.852983 85.149563 100.000000
1168 0.116800 0.000000 7.976021 16.223695 25.033818 34.705913 45.499747 57.563062 70.863581 85.155357 100.000000
1169 0.116900 0.000000 7.980171 16.231772 25.045279 34.719758 45.514462 57.576727 70.874165 85.161143 100.000000
1170 0.117000 0.000000 7.984319 16.239846 25.056733 34.733592 45.529163 57.590376 70.884735 85.166920 100.000000
1171 0.117100 0.000000 7.988465 16.247915 25.068178 34.747413 45.543847 57.604008 70.895291 85.172689 100.000000
1172 0.117200 0.000000 7.992609 16.255980 25.079616 34.761222 45.558516 57.617624 70.905832 85.178451 100.000000
1173 0.117300 0.000000 7.996752 16.264040 25.091046 34.775018 45.573170 57.631223 70.916360 85.184204 100.000000
1174 0.117400 0.000000 8.000894 16.272097 25.102467 34.788803 45.587808 57.644805 70.926874 85.189949 100.000000
1175 0.117500 0.000000 8.005033 16.280149 25.113881 34.802575 45.602430 57.658371 70.937374 85.195686 100.000000
1176 0.117600 0.000000 8.009171 16.288197 25.125287 34.816336 45.617037 57.671921 70.947860 85.201415 100.000000
1177 0.117700 0.000000 8.013307 16.296241 25.136685 34.830084 45.631628 57.685454 70.958331 85.207136 100.000000
1178 0.117800 0.000000 8.017442 16.304281 25.148075 34.843820 45.646204 57.698971 70.968789 85.212849 100.000000
1179 0.117900 0.000000 8.021574 16.312316 25.159457 34.857544 45.660765 57.712471 70.979234 85.218554 100.000000
1180 0.118000 0.000000 8.025705 16.320347 25.170831 34.871255 45.675310 57.725955 70.989664 85.224251 100.000000
1181 0.118100 0.000000 8.029834 16.328373 25.182197 34.884955 45.689839 57.739423 71.000080 85.229940 100.000000
1182 0.118200 0.000000 8.033962 16.336395 25.193555 34.898642 45.704353 57.752874 71.010483 85.235622 100.000000
1183 0.118300 0.000000 8.038088 16.344413 25.204905 34.912318 45.718852 57.766309 71.020872 85.241295 100.000000
1184 0.118400 0.000000 8.042211 16.352427 25.216247 34.925981 45.733335 57.779728 71.031247 85.246960 100.000000
1185 0.118500 0.000000 8.046334 16.360436 25.227581 34.939632 45.747803 57.793131 71.041608 85.252618 100.000000
1186 0.118600 0.000000 8.050454 16.368440 25.238907 34.953270 45.762256 57.806517 71.051956 85.258267 100.000000
1187 0.118700 0.000000 8.054572 16.376441 25.250225 34.966897 45.776693 57.819887 71.062290 85.263909 100.000000
1188 0.118800 0.000000 8.058689 16.384437 25.261535 34.980512 45.791115 57.833241 71.072610 85.269543 100.000000
1189 0.118900 0.000000 8.062804 16.392428 25.272837 34.994114 45.805521 57.846579 71.082917 85.275169 100.000000
1190 0.119000 0.000000 8.066917 16.400415 25.284130 35.007704 45.819912 57.859900 71.093210 85.280787 100.000000
1191 0.119100 0.000000 8.071028 16.408398 25.295416 35.021283 45.834288 57.873205 71.103489 85.286398 100.000000
1192 0.119200 0.000000 8.075137 16.416376 25.306693 35.034849 45.848648 57.886495 71.113755 85.292000 100.000000
1193 0.119300 0.000000 8.079245 16.424349 25.317963 35.048402 45.862994 57.899768 71.124008 85.297595 100.000000
1194 0.119400 0.000000 8.083351 16.432318 25.329224 35.061944 45.877324 57.913025 71.134246 85.303182 100.000000
1195 0.119500 0.000000 8.087454 16.440283 25.340477 35.075474 45.891638 57.926266 71.144472 85.308762 100.000000
1196 0.119600 0.000000 8.091556 16.448243 25.351722 35.088991 45.905938 57.939491 71.154683 85.314333 100.000000
1197 0.119700 0.000000 8.095656 16.456198 25.362959 35.102496 45.920222 57.952700 71.164882 85.319897 100.000000
1198 0.119800 0.000000 8.099754 16.464149 25.374188 35.115990 45.934491 57.965894 71.175067 85.325453 100.000000
1199 0.119900 0.000000 8.103850 16.472096 25.385408 35.129471 45.948745 57.979071 71.185238 85.331002 100.000000
1200 0.120000 0.000000 8.107945 16.480038 25.396620 35.142939 45.962983 57.992232 71.195396 85.336543 100.000000
1201 0.120100 0.000000 8.112037 16.487975 25.407824 35.156396 45.977207 58.005377 71.205541 85.342076 100.000000
1202 0.120200 0.000000 8.116127 16.495907 25.419020 35.169841 45.991415 58.018507 71.215672 85.347601 100.000000
1203 0.120300 0.000000 8.120216 16.503835 25.430208 35.183273 46.005608 58.031620 71.225790 85.353119 100.000000
1204 0.120400 0.000000 8.124302 16.511759 25.441388 35.196694 46.019786 58.044718 71.235895 85.358629 100.000000
1205 0.120500 0.000000 8.128387 16.519678 25.452559 35.210102 46.033948 58.057800 71.245987 85.364132 100.000000
1206 0.120600 0.000000 8.132469 16.527592 25.463722 35.223498 46.048096 58.070866 71.256065 85.369627 100.000000
1207 0.120700 0.000000 8.136550 16.535501 25.474877 35.236882 46.062229 58.083916 71.266130 85.375115 100.000000
1208 0.120800 0.000000 8.140628 16.543406 25.486024 35.250254 46.076346 58.096951 71.276182 85.380595 100.000000
1209 0.120900 0.000000 8.144705 16.551306 25.497162 35.263613 46.090448 58.109970 71.286220 85.386067 100.000000
1210 0.121000 0.000000 8.148779 16.559201 25.508292 35.276961 46.104536 58.122973 71.296245 85.391532 100.000000
1211 0.121100 0.000000 8.152852 16.567092 25.519414 35.290296 46.118608 58.135961 71.306258 85.396989 100.000000
1212 0.121200 0.000000 8.156923 16.574978 25.530527 35.303620 46.132665 58.148932 71.316257 85.402439 100.000000
1213 0.121300 0.000000 8.160991 16.582859 25.541633 35.316931 46.146707 58.161888 71.326243 85.407881 100.000000
1214 0.121400 0.000000 8.165058 16.590736 25.552730 35.330230 46.160734 58.174829 71.336216 85.413316 100.000000
1215 0.121500 0.000000 8.169122 16.598608 25.563818 35.343517 46.174746 58.187754 71.346176 85.418743 100.000000
1216 0.121600 0.000000 8.173184 16.606475 25.574899 35.356792 46.188744 58.200663 71.356122 85.424163 100.000000
1217 0.121700 0.000000 8.177245 16.614337 25.585971 35.370054 46.202726 58.213557 71.366056 85.429576 100.000000
1218 0.121800 0.000000 8.181303 16.622194 25.597034 35.383305 46.216693 58.226435 71.375977 85.434981 100.000000
1219 0.121900 0.000000 8.185359 16.630047 25.608090 35.396544 46.230645 58.239298 71.385885 85.440378 100.000000
1220 0.122000 0.000000 8.189413 16.637895 25.619137 35.409770 46.244582 58.252145 71.395780 85.445769 100.000000
1221 0.122100 0.000000 8.193465 16.645738 25.630176 35.422984 46.258505 58.264976 71.405661 85.451152 100.000000
1222 0.122200 0.000000 8.197515 16.653576 25.641206 35.436186 46.272412 58.277793 71.415531 85.456527 100.000000
1223 0.122300 0.000000 8.201563 16.661409 25.652228 35.449376 46.286305 58.290593 71.425387 85.461895 100.000000
1224 0.122400 0.000000 8.205609 16.669238 25.663242 35.462554 46.300182 58.303379 71.435230 85.467256 100.000000
1225 0.122500 0.000000 8.209652 16.677062 25.674247 35.475720 46.314045 58.316148 71.445060 85.472609 100.000000
1226 0.122600 0.000000 8.213694 16.684880 25.685244 35.488874 46.327893 58.328903 71.454878 85.477955 100.000000
1227 0.122700 0.000000 8.217733 16.692694 25.696232 35.502016 46.341726 58.341642 71.464683 85.483294 100.000000
1228 0.122800 0.000000 8.221770 16.700503 25.707212 35.515145 46.355544 58.354366 71.474474 85.488626 100.000000
1229 0.122900 0.000000 8.225805 16.708307 25.718184 35.528263 46.369348 58.367075 71.484254 85.493950 100.000000
1230 0.123000 0.000000 8.229838 16.716107 25.729147 35.541368 46.383136 58.379768 71.494020 85.499267 100.000000
1231 0.123100 0.000000 8.233869 16.723901 25.740102 35.554461 46.396910 58.392446 71.503774 85.504576 100.000000
1232 0.123200 0.000000 8.237898 16.731690 25.751048 35.567543 46.410669 58.405108 71.513515 85.509879 100.000000
1233 0.123300 0.000000 8.241924 16.739475 25.761986 35.580612 46.424414 58.417756 71.523243 85.515174 100.000000
1234 0.123400 0.000000 8.245948 16.747254 25.772916 35.593669 46.438143 58.430388 71.532959 85.520462 100.000000
1235 0.123500 0.000000 8.249970 16.755028 25.783837 35.606714 46.451858 58.443005 71.542662 85.525743 100.000000
1236 0.123600 0.000000 8.253990 16.762798 25.794750 35.619747 46.465558 58.455607 71.552352 85.531016 100.000000
1237 0.123700 0.000000 8.258008 16.770562 25.805654 35.632767 46.479243 58.468193 71.562030 85.536283 100.000000
1238 0.123800 0.000000 8.262023 16.778322 25.816550 35.645776 46.492914 58.480765 71.571695 85.541542 100.000000
1239 0.123900 0.000000 8.266036 16.786077 25.827437 35.658773 46.506569 58.493321 71.581348 85.546794 100.000000
1240 0.124000 0.000000 8.270047 16.793826 25.838316 35.671757 46.520211 58.505863 71.590988 85.552039 100.000000
1241 0.124100 0.000000 8.274056 16.801571 25.849186 35.684730 46.533837 58.518389 71.600616 85.557277 100.000000
1242 0.124200 0.000000 8.278062 16.809310 25.860048 35.697690 46.547449 58.530900 71.610231 85.562508 100.000000
1243 0.124300 0.000000 8.282066 16.817044 25.870901 35.710639 46.561046 58.543396 71.619833 85.567731 100.000000
1244 0.124400 0.000000 8.286068 16.824774 25.881746 35.723575 46.574629 58.555877 71.629423 85.572948 100.000000
1245 0.124500 0.000000 8.290068 16.832498 25.892582 35.736499 46.588197 58.568344 71.639001 85.578157 100.000000
1246 0.124600 0.000000 8.294066 16.840217 25.903410 35.749412 46.601750 58.580795 71.648566 85.583360 100.000000
1247 0.124700 0.000000 8.298061 16.847932 25.914229 35.762312 46.615289 58.593231 71.658119 85.588555 100.000000
1248 0.124800 0.000000 8.302054 16.855641 25.925040 35.775200 46.628813 58.605652 71.667660 85.593743 100.000000
1249 0.124900 0.000000 8.306044 16.863345 25.935842 35.788076 46.642322 58.618058 71.677188 85.598925 100.000000
1250 0.125000 0.000000 8.310033 16.871044 25.946636 35.800940 46.655817 58.630450 71.686704 85.604099 100.000000
1251 0.125100 0.000000 8.314019 16.878737 25.957421 35.813792 46.669298 58.642826 71.696207 85.609266 100.000000
1252 0.125200 0.000000 8.318003 16.886426 25.968198 35.826632 46.682764 58.655188 71.705698 85.614426 100.000000
1253 0.125300 0.000000 8.321984 16.894110 25.978966 35.839460 46.696215 58.667535 71.715177 85.619580 100.000000
1254 0.125400 0.000000 8.325963 16.901788 25.989725 35.852276 46.709652 58.679867 71.724644 85.624726 100.000000
1255 0.125500 0.000000 8.329940 16.909461 26.000476 35.865080 46.723075 58.692184 71.734098 85.629865 100.000000
1256 0.125600 0.000000 8.333914 16.917129 26.011219 35.877872 46.736483 58.704487 71.743540 85.634998 100.000000
1257 0.125700 0.000000 8.337886 16.924792 26.021952 35.890651 46.749876 58.716774 71.752970 85.640123 100.000000
1258 0.125800 0.000000 8.341856 16.932450 26.032678 35.903419 46.763255 58.729047 71.762388 85.645242 100.000000
1259 0.125900 0.000000 8.345824 16.940103 26.043394 35.916175 46.776620 58.741305 71.771794 85.650353 100.000000
1260 0.126000 0.000000 8.349789 16.947750 26.054102 35.928919 46.789970 58.753549 71.781187 85.655458 100.000000
1261 0.126100 0.000000 8.353752 16.955392 26.064802 35.941651 46.803306 58.765778 71.790568 85.660556 100.000000
1262 0.126200 0.000000 8.357712 16.963029 26.075493 35.954370 46.816627 58.777992 71.799938 85.665647 100.000000
1263 0.126300 0.000000 8.361670 16.970661 26.086175 35.967078 46.829934 58.790191 71.809295 85.670731 100.000000
1264 0.126400 0.000000 8.365626 16.978288 26.096848 35.979774 46.843226 58.802376 71.818640 85.675808 100.000000
1265 0.126500 0.000000 8.369579 16.985909 26.107514 35.992458 46.856505 58.814546 71.827973 85.680879 100.000000
1266 0.126600 0.000000 8.373530 16.993525 26.118170 36.005129 46.869768 58.826702 71.837294 85.685943 100.000000
1267 0.126700 0.000000 8.377478 17.001136 26.128818 36.017789 46.883018 58.838843 71.846603 85.690999 100.000000
1268 0.126800 0.000000 8.381424 17.008741 26.139457 36.030437 46.896253 58.850969 71.855900 85.696049 100.000000
1269 0.126900 0.000000 8.385368 17.016342 26.150087 36.043073 46.909474 58.863081 71.865185 85.701093 100.000000
1270 0.127000 0.000000 8.389309 17.023937 26.160709 36.055697 46.922681 58.875179 71.874458 85.706129 100.000000
1271 0.127100 0.000000 8.393248 17.031527 26.171323 36.068308 46.935873 58.887262 71.883719 85.711159 100.000000
1272 0.127200 0.000000 8.397184 17.039111 26.181927 36.080908 46.949051 58.899330 71.892968 85.716182 100.000000
1273 0.127300 0.000000 8.401118 17.046690 26.192523 36.093496 46.962215 58.911384 71.902205 85.721198 100.000000
1274 0.127400 0.000000 8.405050 17.054264 26.203111 36.106072 46.975364 58.923424 71.911430 85.726207 100.000000
1275 0.127500 0.000000 8.408979 17.061833 26.213689 36.118636 46.988499 58.935449 71.920644 85.731210 100.000000
1276 0.127600 0.000000 8.412906 17.069396 26.224259 36.131188 47.001620 58.947460 71.929846 85.736206 100.000000
1277 0.127700 0.000000 8.416830 17.076954 26.234821 36.143728 47.014727 58.959456 71.939035 85.741196 100.000000
1278 0.127800 0.000000 8.420752 17.084507 26.245373 36.156256 47.027820 58.971438 71.948213 85.746178 100.000000
1279 0.127900 0.000000 8.424671 17.092054 26.255917 36.168772 47.040898 58.983406 71.957380 85.751154 100.000000
1280 0.128000 0.000000 8.428588 17.099596 26.266453 36.181277 47.053962 58.995359 71.966534 85.756124 100.000000
1281 0.128100 0.000000 8.432502 17.107133 26.276979 36.193769 47.067012 59.007298 71.975677 85.761086 100.000000
1282 0.128200 0.000000 8.436414 17.114664 26.287497 36.206249 47.080048 59.019223 71.984808 85.766042 100.000000
1283 0.128300 0.000000 8.440324 17.122190 26.298007 36.218718 47.093070 59.031133 71.993927 85.770992 100.000000
1284 0.128400 0.000000 8.444231 17.129710 26.308507 36.231174 47.106078 59.043029 72.003034 85.775935 100.000000
1285 0.128500 0.000000 8.448135 17.137226 26.318999 36.243619 47.119071 59.054911 72.012130 85.780871 100.000000
1286 0.128600 0.000000 8.452037 17.144735 26.329482 36.256051 47.132050 59.066779 72.021215 85.785800 100.000000
1287 0.128700 0.000000 8.455937 17.152240 26.339957 36.268472 47.145016 59.078633 72.030287 85.790723 100.000000
1288 0.128800 0.000000 8.459834 17.159739 26.350423 36.280881 47.157967 59.090472 72.039348 85.795640 100.000000
1289 0.128900 0.000000 8.463728 17.167232 26.360880 36.293278 47.170904 59.102297 72.048397 85.800550 100.000000
1290 0.129000 0.000000 8.467620 17.174721 26.371328 36.305663 47.183827 59.114108 72.057435 85.805453 100.000000
1291 0.129100 0.000000 8.471509 17.182203 26.381768 36.318036 47.196736 59.125905 72.066461 85.810350 100.000000
1292 0.129200 0.000000 8.475396 17.189681 26.392199 36.330397 47.209632 59.137688 72.075476 85.815240 100.000000
1293 0.129300 0.000000 8.479281 17.197153 26.402621 36.342746 47.222513 59.149457 72.084479 85.820124 100.000000
1294 0.129400 0.000000 8.483162 17.204619 26.413035 36.355084 47.235380 59.161211 72.093470 85.825001 100.000000
1295 0.129500 0.000000 8.487042 17.212080 26.423439 36.367409 47.248233 59.172952 72.102451 85.829872 100.000000
1296 0.129600 0.000000 8.490919 17.219536 26.433835 36.379723 47.261072 59.184678 72.111419 85.834736 100.000000
1297 0.129700 0.000000 8.494793 17.226986 26.444223 36.392025 47.273897 59.196391 72.120376 85.839594 100.000000
1298 0.129800 0.000000 8.498664 17.234430 26.454601 36.404315 47.286708 59.208089 72.129322 85.844445 100.000000
1299 0.129900 0.000000 8.502534 17.241870 26.464971 36.416593 47.299505 59.219774 72.138256 85.849290 100.000000
1300 0.130000 0.000000 8.506400 17.249303 26.475332 36.428859 47.312289 59.231444 72.147179 85.854129 100.000000
1301 0.130100 0.000000 8.510264 17.256732 26.485685 36.441113 47.325058 59.243101 72.156090 85.858961 100.000000
1302 0.130200 0.000000 8.514125 17.264154 26.496028 36.453356 47.337814 59.254744 72.164990 85.863786 100.000000
1303 0.130300 0.000000 8.517984 17.271572 26.506363 36.465586 47.350555 59.266373 72.173879 85.868606 100.000000
1304 0.130400 0.000000 8.521840 17.278983 26.516689 36.477805 47.363283 59.277987 72.182756 85.873418 100.000000
1305 0.130500 0.000000 8.525694 17.286390 26.527007 36.490012 47.375997 59.289588 72.191622 85.878225 100.000000
1306 0.130600 0.000000 8.529545 17.293790 26.537315 36.502207 47.388697 59.301176 72.200477 85.883025 100.000000
1307 0.130700 0.000000 8.533394 17.301186 26.547615 36.514390 47.401383 59.312749 72.209320 85.887819 100.000000
1308 0.130800 0.000000 8.537240 17.308575 26.557906 36.526562 47.414055 59.324308 72.218152 85.892606 100.000000
1309 0.130900 0.000000 8.541083 17.315960 26.568189 36.538721 47.426714 59.335854 72.226973 85.897387 100.000000
1310 0.131000 0.000000 8.544924 17.323338 26.578462 36.550869 47.439359 59.347386 72.235783 85.902162 100.000000
1311 0.131100 0.000000 8.548762 17.330711 26.588727 36.563005 47.451990 59.358904 72.244581 85.906930 100.000000
1312 0.131200 0.000000 8.552597 17.338079 26.598983 36.575129 47.464607 59.370408 72.253368 85.911692 100.000000
1313 0.131300 0.000000 8.556430 17.345441 26.609230 36.587242 47.477210 59.381899 72.262144 85.916448 100.000000
1314 0.131400 0.000000 8.560260 17.352798 26.619469 36.599342 47.489800 59.393376 72.270909 85.921197 100.000000
1315 0.131500 0.000000 8.564088 17.360149 26.629698 36.611431 47.502376 59.404839 72.279663 85.925940 100.000000
1316 0.131600 0.000000 8.567913 17.367494 26.639919 36.623508 47.514938 59.416289 72.288405 85.930677 100.000000
1317 0.131700 0.000000 8.571735 17.374834 26.650131 36.635573 47.527486 59.427724 72.297137 85.935408 100.000000
1318 0.131800 0.000000 8.575555 17.382168 26.660335 36.647626 47.540021 59.439147 72.305857 85.940132 100.000000
1319 0.131900 0.000000 8.579372 17.389497 26.670529 36.659668 47.552542 59.450555 72.314566 85.944850 100.000000
1320 0.132000 0.000000 8.583186 17.396820 26.680715 36.671698 47.565050 59.461950 72.323264 85.949562 100.000000
1321 0.132100 0.000000 8.586998 17.404137 26.690892 36.683716 47.577543 59.473331 72.331951 85.954268 100.000000
1322 0.132200 0.000000 8.590807 17.411449 26.701060 36.695722 47.590024 59.484699 72.340627 85.958967 100.000000
1323 0.132300 0.000000 8.594613 17.418755 26.711220 36.707717 47.602490 59.496053 72.349292 85.963660 100.000000
1324 0.132400 0.000000 8.598417 17.426056 26.721370 36.719700 47.614943 59.507394 72.357946 85.968348 100.000000
1325 0.132500 0.000000 8.602218 17.433351 26.731512 36.731671 47.627382 59.518721 72.366589 85.973028 100.000000
1326 0.132600 0.000000 8.606017 17.440641 26.741645 36.743630 47.639808 59.530035 72.375221 85.977703 100.000000
1327 0.132700 0.000000 8.609812 17.447924 26.751769 36.755578 47.652220 59.541335 72.383842 85.982372 100.000000
1328 0.132800 0.000000 8.613605 17.455203 26.761884 36.767514 47.664618 59.552622 72.392452 85.987034 100.000000
1329 0.132900 0.000000 8.617396 17.462475 26.771991 36.779438 47.677003 59.563895 72.401052 85.991690 100.000000
1330 0.133000 0.000000 8.621184 17.469742 26.782089 36.791350 47.689374 59.575155 72.409640 85.996341 100.000000
1331 0.133100 0.000000 8.624969 17.477004 26.792178 36.803251 47.701732 59.586401 72.418217 86.000985 100.000000
1332 0.133200 0.000000 8.628751 17.484259 26.802258 36.815140 47.714076 59.597634 72.426784 86.005623 100.000000
1333 0.133300 0.000000 8.632531 17.491509 26.812329 36.827017 47.726407 59.608853 72.435340 86.010254 100.000000
1334 0.133400 0.000000 8.636308 17.498754 26.822392 36.838883 47.738724 59.620059 72.443884 86.014880 100.000000
1335 0.133500 0.000000 8.640082 17.505992 26.832446 36.850737 47.751028 59.631252 72.452418 86.019500 100.000000
1336 0.133600 0.000000 8.643853 17.513226 26.842491 36.862579 47.763318 59.642432 72.460942 86.024113 100.000000
1337 0.133700 0.000000 8.647622 17.520453 26.852527 36.874410 47.775595 59.653598 72.469454 86.028721 100.000000
1338 0.133800 0.000000 8.651388 17.527675 26.862554 36.886229 47.787858 59.664751 72.477956 86.033322 100.000000
1339 0.133900 0.000000 8.655152 17.534891 26.872573 36.898036 47.800108 59.675890 72.486447 86.037918 100.000000
1340 0.134000 0.000000 8.658912 17.542101 26.882582 36.909831 47.812345 59.687016 72.494927 86.042507 100.000000
1341 0.134100 0.000000 8.662670 17.549306 26.892583 36.921615 47.824568 59.698129 72.503396 86.047091 100.000000
1342 0.134200 0.000000 8.666425 17.556505 26.902575 36.933387 47.836778 59.709229 72.511855 86.051668 100.000000
1343 0.134300 0.000000 8.670178 17.563698 26.912558 36.945148 47.848974 59.720315 72.520303 86.056240 100.000000
1344 0.134400 0.000000 8.673928 17.570886 26.922533 36.956897 47.861157 59.731389 72.528740 86.060805 100.000000
1345 0.134500 0.000000 8.677675 17.578068 26.932498 36.968634 47.873326 59.742449 72.537167 86.065364 100.000000
1346 0.134600 0.000000 8.681419 17.585244 26.942455 36.980360 47.885482 59.753496 72.545583 86.069918 100.000000
1347 0.134700 0.000000 8.685161 17.592415 26.952403 36.992074 47.897625 59.764530 72.553988 86.074465 100.000000
1348 0.134800 0.000000 8.688899 17.599580 26.962342 37.003776 47.909755 59.775550 72.562383 86.079007 100.000000
1349 0.134900 0.000000 8.692635 17.606739 26.972272 37.015467 47.921871 59.786558 72.570767 86.083542 100.000000
1350 0.135000 0.000000 8.696369 17.613892 26.982194 37.027146 47.933974 59.797552 72.579140 86.088072 100.000000
1351 0.135100 0.000000 8.700099 17.621040 26.992106 37.038813 47.946063 59.808533 72.587503 86.092596 100.000000
1352 0.135200 0.000000 8.703827 17.628182 27.002010 37.050469 47.958139 59.819502 72.595856 86.097114 100.000000
1353 0.135300 0.000000 8.707552 17.635318 27.011905 37.062113 47.970202 59.830457 72.604197 86.101626 100.000000
1354 0.135400 0.000000 8.711274 17.642449 27.021791 37.073746 47.982252 59.841399 72.612529 86.106132 100.000000
1355 0.135500 0.000000 8.714994 17.649574 27.031669 37.085367 47.994289 59.852328 72.620850 86.110632 100.000000
1356 0.135600 0.000000 8.718711 17.656693 27.041537 37.096977 48.006312 59.863244 72.629160 86.115126 100.000000
1357 0.135700 0.000000 8.722425 17.663806 27.051397 37.108575 48.018322 59.874147 72.637460 86.119614 100.000000
1358 0.135800 0.000000 8.726136 17.670914 27.061248 37.120161 48.030319 59.885037 72.645749 86.124097 100.000000
1359 0.135900 0.000000 8.729844 17.678015 27.071090 37.131736 48.042302 59.895914 72.654028 86.128574 100.000000
1360 0.136000 0.000000 8.733550 17.685112 27.080923 37.143299 48.054273 59.906778 72.662297 86.133044 100.000000
1361 0.136100 0.000000 8.737253 17.692202 27.090747 37.154851 48.066230 59.917630 72.670555 86.137509 100.000000
1362 0.136200 0.000000 8.740953 17.699286 27.100563 37.166391 48.078174 59.928468 72.678802 86.141969 100.000000
1363 0.136300 0.000000 8.744650 17.706365 27.110370 37.177920 48.090105 59.939293 72.687040 86.146422 100.000000
1364 0.136400 0.000000 8.748344 17.713438 27.120168 37.189437 48.102023 59.950106 72.695266 86.150870 100.000000
1365 0.136500 0.000000 8.752036 17.720506 27.129957 37.200943 48.113928 59.960906 72.703483 86.155311 100.000000
1366 0.136600 0.000000 8.755725 17.727567 27.139737 37.212437 48.125819 59.971692 72.711689 86.159747 100.000000
1367 0.136700 0.000000 8.759411 17.734623 27.149508 37.223919 48.137698 59.982466 72.719885 86.164178 100.000000
1368 0.136800 0.000000 8.763094 17.741673 27.159271 37.235390 48.149563 59.993228 72.728071 86.168602 100.000000
1369 0.136900 0.000000 8.766775 17.748717 27.169024 37.246850 48.161416 60.003976 72.736246 86.173021 100.000000
1370 0.137000 0.000000 8.770452 17.755756 27.178769 37.258298 48.173255 60.014712 72.744411 86.177434 100.000000
1371 0.137100 0.000000 8.774127 17.762788 27.188505 37.269734 48.185081 60.025434 72.752566 86.181841 100.000000
1372 0.137200 0.000000 8.777799 17.769815 27.198233 37.281159 48.196894 60.036144 72.760710 86.186243 100.000000
1373 0.137300 0.000000 8.781469 17.776836 27.207951 37.292573 48.208695 60.046842 72.768844 86.190638 100.000000
1374 0.137400 0.000000 8.785135 17.783851 27.217661 37.303975 48.220482 60.057526 72.776968 86.195028 100.000000
1375 0.137500 0.000000 8.788798 17.790861 27.227362 37.315366 48.232256 60.068198 72.785082 86.199413 100.000000
1376 0.137600 0.000000 8.792459 17.797865 27.237053 37.326745 48.244017 60.078857 72.793186 86.203791 100.000000
1377 0.137700 0.000000 8.796117 17.804863 27.246737 37.338113 48.255765 60.089504 72.801279 86.208164 100.000000
1378 0.137800 0.000000 8.799772 17.811855 27.256411 37.349469 48.267500 60.100138 72.809362 86.212532 100.000000
1379 0.137900 0.000000 8.803425 17.818841 27.266076 37.360814 48.279223 60.110759 72.817436 86.216893 100.000000
1380 0.138000 0.000000 8.807074 17.825821 27.275733 37.372147 48.290932 60.121368 72.825499 86.221249 100.000000
1381 0.138100 0.000000 8.810721 17.832796 27.285381 37.383469 48.302628 60.131963 72.833551 86.225600 100.000000
1382 0.138200 0.000000 8.814364 17.839765 27.295020 37.394779 48.314312 60.142547 72.841594 86.229944 100.000000
1383 0.138300 0.000000 8.818005 17.846728 27.304650 37.406079 48.325982 60.153118 72.849627 86.234283 100.000000
1384 0.138400 0.000000 8.821643 17.853685 27.314271 37.417366 48.337640 60.163676 72.857649 86.238617 100.000000
1385 0.138500 0.000000 8.825279 17.860637 27.323884 37.428643 48.349285 60.174221 72.865662 86.242945 100.000000
1386 0.138600 0.000000 8.828911 17.867582 27.333487 37.439907 48.360917 60.184755 72.873664 86.247267 100.000000
1387 0.138700 0.000000 8.832540 17.874522 27.343082 37.451161 48.372536 60.195275 72.881657 86.251584 100.000000
1388 0.138800 0.000000 8.836167 17.881456 27.352668 37.462403 48.384142 60.205783 72.889639 86.255895 100.000000
1389 0.138900 0.000000 8.839791 17.888384 27.362246 37.473634 48.395735 60.216279 72.897612 86.260200 100.000000
1390 0.139000 0.000000 8.843412 17.895306 27.371814 37.484853 48.407316 60.226762 72.905574 86.264500 100.000000
1391 0.139100 0.000000 8.847030 17.902223 27.381374 37.496061 48.418884 60.237233 72.913527 86.268794 100.000000
1392 0.139200 0.000000 8.850645 17.909133 27.390925 37.507257 48.430439 60.247691 72.921469 86.273083 100.000000
1393 0.139300 0.000000 8.854258 17.916038 27.400466 37.518443 48.441981 60.258137 72.929402 86.277366 100.000000
1394 0.139400 0.000000 8.857867 17.922937 27.410000 37.529617 48.453510 60.268570 72.937324 86.281644 100.000000
1395 0.139500 0.000000 8.861474 17.929830 27.419524 37.540779 48.465027 60.278991 72.945237 86.285916 100.000000
1396 0.139600 0.000000 8.865078 17.936717 27.429040 37.551930 48.476531 60.289400 72.953140 86.290183 100.000000
1397 0.139700 0.000000 8.868679 17.943599 27.438546 37.563070 48.488022 60.299796 72.961033 86.294444 100.000000
1398 0.139800 0.000000 8.872277 17.950474 27.448044 37.574199 48.499500 60.310180 72.968916 86.298700 100.000000
1399 0.139900 0.000000 8.875872 17.957344 27.457533 37.585316 48.510966 60.320551 72.976789 86.302950 100.000000
1400 0.140000 0.000000 8.879464 17.964208 27.467014 37.596422 48.522419 60.330910 72.984652 86.307195 100.000000
1401 0.140100 0.000000 8.883054 17.971066 27.476485 37.607516 48.533859 60.341257 72.992506 86.311434 100.000000
1402 0.140200 0.000000 8.886640 17.977918 27.485948 37.618600 48.545287 60.351592 73.000349 86.315667 100.000000
1403 0.140300 0.000000 8.890224 17.984764 27.495402 37.629672 48.556702 60.361914 73.008183 86.319896 100.000000
1404 0.140400 0.000000 8.893805 17.991605 27.504847 37.640732 48.568104 60.372224 73.016007 86.324119 100.000000
1405 0.140500 0.000000 8.897383 17.998439 27.514283 37.651782 48.579494 60.382522 73.023822 86.328336 100.000000
1406 0.140600 0.000000 8.900958 18.005268 27.523710 37.662820 48.590871 60.392808 73.031626 86.332548 100.000000
1407 0.140700 0.000000 8.904530 18.012091 27.533129 37.673847 48.602235 60.403081 73.039421 86.336754 100.000000
1408 0.140800 0.000000 8.908099 18.018908 27.542539 37.684862 48.613587 60.413342 73.047206 86.340955 100.000000
1409 0.140900 0.000000 8.911665 18.025719 27.551940 37.695867 48.624927 60.423591 73.054981 86.345151 100.000000
1410 0.141000 0.000000 8.915229 18.032524 27.561332 37.706860 48.636253 60.433828 73.062747 86.349341 100.000000
1411 0.141100 0.000000 8.918789 18.039324 27.570716 37.717842 48.647567 60.444053 73.070503 86.353526 100.000000
1412 0.141200 0.000000 8.922347 18.046117 27.580091 37.728813 48.658869 60.454265 73.078249 86.357706 100.000000
1413 0.141300 0.000000 8.925902 18.052905 27.589457 37.739772 48.670158 60.464466 73.085986 86.361880 100.000000
1414 0.141400 0.000000 8.929454 18.059687 27.598814 37.750720 48.681434 60.474654 73.093712 86.366049 100.000000
1415 0.141500 0.000000 8.933003 18.066462 27.608162 37.761657 48.692698 60.484830 73.101430 86.370212 100.000000
1416 0.141600 0.000000 8.936549 18.073232 27.617502 37.772583 48.703950 60.494994 73.109137 86.374370 100.000000
1417 0.141700 0.000000 8.940092 18.079997 27.626832 37.783497 48.715188 60.505146 73.116835 86.378523 100.000000
1418 0.141800 0.000000 8.943632 18.086755 27.636154 37.794401 48.726415 60.515286 73.124524 86.382670 100.000000
1419 0.141900 0.000000 8.947170 18.093507 27.645468 37.805293 48.737629 60.525414 73.132203 86.386812 100.000000
1420 0.142000 0.000000 8.950704 18.100254 27.654772 37.816174 48.748830 60.535530 73.139872 86.390949 100.000000
1421 0.142100 0.000000 8.954235 18.106994 27.664068 37.827044 48.760019 60.545634 73.147532 86.395081 100.000000
1422 0.142200 0.000000 8.957764 18.113729 27.673355 37.837903 48.771196 60.555726 73.155182 86.399207 100.000000
1423 0.142300 0.000000 8.961290 18.120458 27.682633 37.848750 48.782360 60.565806 73.162822 86.403328 100.000000
1424 0.142400 0.000000 8.964813 18.127181 27.691902 37.859587 48.793512 60.575874 73.170454 86.407443 100.000000
1425 0.142500 0.000000 8.968332 18.133898 27.701163 37.870412 48.804651 60.585930 73.178075 86.411553 100.000000
1426 0.142600 0.000000 8.971849 18.140609 27.710414 37.881226 48.815778 60.595974 73.185687 86.415658 100.000000
1427 0.142700 0.000000 8.975363 18.147315 27.719657 37.892029 48.826893 60.606006 73.193290 86.419758 100.000000
1428 0.142800 0.000000 8.978875 18.154014 27.728892 37.902821 48.837995 60.616026 73.200883 86.423853 100.000000
1429 0.142900 0.000000 8.982383 18.160708 27.738117 37.913601 48.849085 60.626034 73.208467 86.427942 100.000000
1430 0.143000 0.000000 8.985888 18.167395 27.747334 37.924371 48.860162 60.636031 73.216041 86.432026 100.000000
1431 0.143100 0.000000 8.989390 18.174077 27.756542 37.935129 48.871228 60.646016 73.223606 86.436104 100.000000
1432 0.143200 0.000000 8.992890 18.180753 27.765741 37.945877 48.882280 60.655988 73.231162 86.440178 100.000000
1433 0.143300 0.000000 8.996386 18.187423 27.774932 37.956613 48.893321 60.665949 73.238708 86.444246 100.000000
1434 0.143400 0.000000 8.999880 18.194087 27.784113 37.967338 48.904349 60.675898 73.246244 86.448309 100.000000
1435 0.143500 0.000000 9.003370 18.200745 27.793286 37.978052 48.915365 60.685836 73.253772 86.452367 100.000000
1436 0.143600 0.000000 9.006858 18.207397 27.802451 37.988755 48.926369 60.695761 73.261289 86.456420 100.000000
1437 0.143700 0.000000 9.010343 18.214044 27.811606 37.999447 48.937360 60.705675 73.268798 86.460468 100.000000
1438 0.143800 0.000000 9.013825 18.220684 27.820753 38.010128 48.948340 60.715577 73.276297 86.464510 100.000000
1439 0.143900 0.000000 9.017304 18.227319 27.829891 38.020798 48.959307 60.725467 73.283787 86.468547 100.000000
1440 0.144000 0.000000 9.020780 18.233947 27.839020 38.031457 48.970261 60.735345 73.291268 86.472579 100.000000
1441 0.144100 0.000000 9.024253 18.240570 27.848141 38.042105 48.981204 60.745212 73.298739 86.476606 100.000000
1442 0.144200 0.000000 9.027723 18.247187 27.857253 38.052742 48.992134 60.755067 73.306201 86.480628 100.000000
1443 0.144300 0.000000 9.031190 18.253798 27.866356 38.063367 49.003052 60.764910 73.313654 86.484644 100.000000
1444 0.144400 0.000000 9.034654 18.260403 27.875450 38.073982 49.013958 60.774742 73.321098 86.488656 100.000000
1445 0.144500 0.000000 9.038115 18.267002 27.884536 38.084586 49.024852 60.784562 73.328532 86.492662 100.000000
1446 0.144600 0.000000 9.041574 18.273596 27.893613 38.095179 49.035733 60.794371 73.335957 86.496663 100.000000
1447 0.144700 0.000000 9.045029 18.280183 27.902681 38.105760 49.046603 60.804167 73.343373 86.500660 100.000000
1448 0.144800 0.000000 9.048482 18.286765 27.911740 38.116331 49.057460 60.813952 73.350779 86.504651 100.000000
1449 0.144900 0.000000 9.051931 18.293340 27.920791 38.126891 49.068305 60.823726 73.358177 86.508637 100.000000
1450 0.145000 0.000000 9.055378 18.299910 27.929833 38.137440 49.079138 60.833488 73.365565 86.512617 100.000000
1451 0.145100 0.000000 9.058821 18.306474 27.938866 38.147978 49.089959 60.843238 73.372944 86.516593 100.000000
1452 0.145200 0.000000 9.062262 18.313032 27.947891 38.158504 49.100768 60.852977 73.380314 86.520564 100.000000
1453 0.145300 0.000000 9.065700 18.319584 27.956907 38.169020 49.111565 60.862704 73.387675 86.524529 100.000000
1454 0.145400 0.000000 9.069135 18.326130 27.965914 38.179525 49.122350 60.872420 73.395027 86.528490 100.000000
1455 0.145500 0.000000 9.072566 18.332670 27.974913 38.190019 49.133123 60.882124 73.402369 86.532446 100.000000
1456 0.145600 0.000000 9.075995 18.339204 27.983903 38.200503 49.143883 60.891816 73.409703 86.536396 100.000000
1457 0.145700 0.000000 9.079421 18.345732 27.992884 38.210975 49.154632 60.901497 73.417027 86.540342 100.000000
1458 0.145800 0.000000 9.082844 18.352255 28.001856 38.221436 49.165369 60.911167 73.424342 86.544282 100.000000
1459 0.145900 0.000000 9.086264 18.358772 28.010820 38.231886 49.176093 60.920825 73.431648 86.548217 100.000000
1460 0.146000 0.000000 9.089681 18.365282 28.019775 38.242326 49.186806 60.930472 73.438946 86.552148 100.000000
1461 0.146100 0.000000 9.093095 18.371787 28.028721 38.252755 49.197507 60.940107 73.446234 86.556073 100.000000
1462 0.146200 0.000000 9.096506 18.378286 28.037659 38.263172 49.208195 60.949731 73.453513 86.559994 100.000000
1463 0.146300 0.000000 9.099915 18.384779 28.046588 38.273579 49.218872 60.959344 73.460783 86.563909 100.000000
1464 0.146400 0.000000 9.103320 18.391266 28.055509 38.283975 49.229537 60.968945 73.468044 86.567820 100.000000
1465 0.146500 0.000000 9.106722 18.397747 28.064420 38.294360 49.240190 60.978534 73.475296 86.571725 100.000000
1466 0.146600 0.000000 9.110122 18.404222 28.073323 38.304734 49.250831 60.988113 73.482539 86.575626 100.000000
1467 0.146700 0.000000 9.113518 18.410691 28.082218 38.315098 49.261460 60.997679 73.489773 86.579521 100.000000
1468 0.146800 0.000000 9.116911 18.417155 28.091103 38.325450 49.272077 61.007235 73.496999 86.583412 100.000000
1469 0.146900 0.000000 9.120302 18.423612 28.099980 38.335792 49.282682 61.016779 73.504215 86.587297 100.000000
1470 0.147000 0.000000 9.123689 18.430064 28.108849 38.346123 49.293275 61.026312 73.511422 86.591178 100.000000
1471 0.147100 0.000000 9.127074 18.436510 28.117709 38.356443 49.303857 61.035834 73.518621 86.595054 100.000000
1472 0.147200 0.000000 9.130455 18.442950 28.126560 38.366752 49.314426 61.045344 73.525810 86.598925 100.000000
1473 0.147300 0.000000 9.133834 18.449383 28.135402 38.377051 49.324984 61.054843 73.532991 86.602791 100.000000
1474 0.147400 0.000000 9.137210 18.455811 28.144236 38.387338 49.335530 61.064331 73.540162 86.606652 100.000000
1475 0.147500 0.000000 9.140582 18.462234 28.153061 38.397615 49.346064 61.073808 73.547325 86.610508 100.000000
1476 0.147600 0.000000 9.143952 18.468650 28.161877 38.407881 49.356586 61.083273 73.554479 86.614359 100.000000
1477 0.147700 0.000000 9.147319 18.475060 28.170685 38.418137 49.367097 61.092727 73.561624 86.618206 100.000000
1478 0.147800 0.000000 9.150683 18.481465 28.179485 38.428381 49.377596 61.102170 73.568761 86.622047 100.000000
1479 0.147900 0.000000 9.154043 18.487863 28.188275 38.438615 49.388083 61.111602 73.575888 86.625884 100.000000
1480 0.148000 0.000000 9.157401 18.494256 28.197057 38.448838 49.398558 61.121022 73.583007 86.629716 100.000000
1481 0.148100 0.000000 9.160756 18.500642 28.205831 38.459050 49.409021 61.130431 73.590117 86.633543 100.000000
1482 0.148200 0.000000 9.164108 18.507023 28.214595 38.469252 49.419473 61.139830 73.597218 86.637365 100.000000
1483 0.148300 0.000000 9.167457 18.513398 28.223352 38.479443 49.429913 61.149217 73.604310 86.641182 100.000000
1484 0.148400 0.000000 9.170803 18.519767 28.232099 38.489623 49.440341 61.158593 73.611394 86.644994 100.000000
1485 0.148500 0.000000 9.174146 18.526130 28.240838 38.499792 49.450758 61.167957 73.618469 86.648802 100.000000
1486 0.148600 0.000000 9.177486 18.532487 28.249568 38.509951 49.461163 61.177311 73.625535 86.652605 100.000000
1487 0.148700 0.000000 9.180823 18.538839 28.258290 38.520099 49.471556 61.186654 73.632592 86.656403 100.000000
1488 0.148800 0.000000 9.184157 18.545184 28.267003 38.530236 49.481937 61.195985 73.639641 86.660196 100.000000
1489 0.148900 0.000000 9.187488 18.551524 28.275708 38.540363 49.492307 61.205306 73.646681 86.663984 100.000000
1490 0.149000 0.000000 9.190817 18.557857 28.284404 38.550478 49.502665 61.214615 73.653712 86.667768 100.000000
1491 0.149100 0.000000 9.194142 18.564185 28.293091 38.560584 49.513012 61.223914 73.660735 86.671546 100.000000
1492 0.149200 0.000000 9.197464 18.570507 28.301770 38.570678 49.523347 61.233201 73.667748 86.675320 100.000000
1493 0.149300 0.000000 9.200783 18.576823 28.310440 38.580762 49.533670 61.242477 73.674754 86.679089 100.000000
1494 0.149400 0.000000 9.204100 18.583133 28.319102 38.590836 49.543982 61.251743 73.681750 86.682854 100.000000
1495 0.149500 0.000000 9.207413 18.589437 28.327755 38.600898 49.554282 61.260997 73.688738 86.686613 100.000000
1496 0.149600 0.000000 9.210723 18.595735 28.336399 38.610950 49.564571 61.270240 73.695718 86.690368 100.000000
1497 0.149700 0.000000 9.214031 18.602028 28.345035 38.620992 49.574848 61.279473 73.702688 86.694119 100.000000
1498 0.149800 0.000000 9.217335 18.608314 28.353662 38.631022 49.585113 61.288694 73.709651 86.697864 100.000000
1499 0.149900 0.000000 9.220636 18.614595 28.362281 38.641042 49.595367 61.297905 73.716604 86.701605 100.000000
1500 0.150000 0.000000 9.223935 18.620870 28.370891 38.651052 49.605609 61.307105 73.723549 86.705341 100.000000
1501 0.150100 0.000000 9.227230 18.627138 28.379493 38.661051 49.615840 61.316293 73.730486 86.709072 100.000000
1502 0.150200 0.000000 9.230523 18.633401 28.388086 38.671039 49.626059 61.325471 73.737414 86.712798 100.000000
1503 0.150300 0.000000 9.233813 18.639658 28.396671 38.681017 49.636267 61.334638 73.744333 86.716520 100.000000
1504 0.150400 0.000000 9.237099 18.645910 28.405247 38.690984 49.646464 61.343794 73.751244 86.720237 100.000000
1505 0.150500 0.000000 9.240383 18.652155 28.413814 38.700941 49.656648 61.352940 73.758146 86.723950 100.000000
1506 0.150600 0.000000 9.243663 18.658394 28.422373 38.710887 49.666822 61.362074 73.765040 86.727658 100.000000
1507 0.150700 0.000000 9.246941 18.664628 28.430924 38.720823 49.676984 61.371198 73.771925 86.731361 100.000000
1508 0.150800 0.000000 9.250216 18.670856 28.439466 38.730748 49.687134 61.380311 73.778802 86.735059 100.000000
1509 0.150900 0.000000 9.253487 18.677077 28.447999 38.740662 49.697273 61.389413 73.785671 86.738753 100.000000
1510 0.151000 0.000000 9.256756 18.683293 28.456524 38.750566 49.707401 61.398504 73.792531 86.742442 100.000000
1511 0.151100 0.000000 9.260022 18.689503 28.465040 38.760460 49.717517 61.407584 73.799382 86.746126 100.000000
1512 0.151200 0.000000 9.263285 18.695708 28.473548 38.770343 49.727622 61.416654 73.806225 86.749806 100.000000
1513 0.151300 0.000000 9.266545 18.701906 28.482047 38.780215 49.737715 61.425713 73.813060 86.753481 100.000000
1514 0.151400 0.000000 9.269801 18.708098 28.490538 38.790077 49.747797 61.434761 73.819886 86.757152 100.000000
1515 0.151500 0.000000 9.273055 18.714285 28.499021 38.799928 49.757868 61.443798 73.826704 86.760818 100.000000
1516 0.151600 0.000000 9.276306 18.720466 28.507495 38.809769 49.767927 61.452825 73.833513 86.764479 100.000000
1517 0.151700 0.000000 9.279554 18.726640 28.515960 38.819600 49.777975 61.461841 73.840314 86.768136 100.000000
1518 0.151800 0.000000 9.282799 18.732809 28.524417 38.829420 49.788012 61.470847 73.847107 86.771788 100.000000
1519 0.151900 0.000000 9.286041 18.738972 28.532865 38.839230 49.798037 61.479841 73.853891 86.775435 100.000000
1520 0.152000 0.000000 9.289280 18.745130 28.541305 38.849029 49.808051 61.488825 73.860667 86.779078 100.000000
1521 0.152100 0.000000 9.292516 18.751281 28.549737 38.858817 49.818054 61.497799 73.867435 86.782717 100.000000
1522 0.152200 0.000000 9.295749 18.757426 28.558160 38.868596 49.828046 61.506762 73.874194 86.786350 100.000000
1523 0.152300 0.000000 9.298979 18.763566 28.566574 38.878363 49.838026 61.515714 73.880945 86.789979 100.000000
1524 0.152400 0.000000 9.302207 18.769700 28.574980 38.888121 49.847995 61.524655 73.887688 86.793604 100.000000
1525 0.152500 0.000000 9.305431 18.775828 28.583378 38.897868 49.857952 61.533586 73.894422 86.797224 100.000000
1526 0.152600 0.000000 9.308652 18.781950 28.591767 38.907605 49.867899 61.542507 73.901148 86.800840 100.000000
1527 0.152700 0.000000 9.311870 18.788066 28.600148 38.917331 49.877834 61.551416 73.907866 86.804450 100.000000
1528 0.152800 0.000000 9.315085 18.794176 28.608520 38.927047 49.887758 61.560316 73.914576 86.808057 100.000000
1529 0.152900 0.000000 9.318298 18.800281 28.616884 38.936752 49.897671 61.569204 73.921277 86.811659 100.000000
1530 0.153000 0.000000 9.321507 18.806380 28.625239 38.946447 49.907572 61.578083 73.927970 86.815256 100.000000
1531 0.153100 0.000000 9.324713 18.812472 28.633586 38.956132 49.917463 61.586950 73.934655 86.818849 100.000000
1532 0.153200 0.000000 9.327917 18.818559 28.641924 38.965806 49.927342 61.595807 73.941332 86.822437 100.000000
1533 0.153300 0.000000 9.331117 18.824640 28.650255 38.975470 49.937210 61.604654 73.948001 86.826021 100.000000
1534 0.153400 0.000000 9.334315 18.830716 28.658576 38.985124 49.947067 61.613490 73.954661 86.829600 100.000000
1535 0.153500 0.000000 9.337509 18.836785 28.666889 38.994767 49.956912 61.622316 73.961313 86.833175 100.000000
1536 0.153600 0.000000 9.340700 18.842849 28.675194 39.004400 49.966747 61.631131 73.967957 86.836745 100.000000
1537 0.153700 0.000000 9.343889 18.848906 28.683491 39.014023 49.976571 61.639936 73.974593 86.840311 100.000000
1538 0.153800 0.000000 9.347075 18.854958 28.691779 39.023636 49.986383 61.648730 73.981220 86.843873 100.000000
1539 0.153900 0.000000 9.350257 18.861004 28.700058 39.033238 49.996184 61.657514 73.987840 86.847430 100.000000
1540 0.154000 0.000000 9.353437 18.867045 28.708330 39.042830 50.005974 61.666288 73.994451 86.850982 100.000000
1541 0.154100 0.000000 9.356613 18.873079 28.716592 39.052411 50.015754 61.675051 74.001055 86.854530 100.000000
1542 0.154200 0.000000 9.359787 18.879108 28.724847 39.061982 50.025522 61.683804 74.007650 86.858073 100.000000
1543 0.154300 0.000000 9.362958 18.885130 28.733093 39.071543 50.035279 61.692546 74.014237 86.861613 100.000000
1544 0.154400 0.000000 9.366126 18.891147 28.741331 39.081094 50.045025 61.701278 74.020816 86.865147 100.000000
1545 0.154500 0.000000 9.369290 18.897158 28.749560 39.090635 50.054760 61.710000 74.027387 86.868677 100.000000
1546 0.154600 0.000000 9.372452 18.903163 28.757781 39.100165 50.064483 61.718711 74.033950 86.872203 100.000000
1547 0.154700 0.000000 9.375611 18.909163 28.765994 39.109685 50.074196 61.727412 74.040505 86.875725 100.000000
1548 0.154800 0.000000 9.378767 18.915157 28.774198 39.119195 50.083898 61.736103 74.047051 86.879242 100.000000
1549 0.154900 0.000000 9.381920 18.921144 28.782394 39.128694 50.093589 61.744783 74.053590 86.882754 100.000000
1550 0.155000 0.000000 9.385070 18.927126 28.790581 39.138184 50.103269 61.753453 74.060121 86.886262 100.000000
1551 0.155100 0.000000 9.388217 18.933102 28.798760 39.147663 50.112938 61.762113 74.066644 86.889766 100.000000
1552 0.155200 0.000000 9.391361 18.939073 28.806931 39.157132 50.122596 61.770763 74.073158 86.893265 100.000000
1553 0.155300 0.000000 9.394502 18.945037 28.815094 39.166591 50.132243 61.779402 74.079665 86.896760 100.000000
1554 0.155400 0.000000 9.397640 18.950996 28.823248 39.176039 50.141879 61.788031 74.086164 86.900251 100.000000
1555 0.155500 0.000000 9.400775 18.956949 28.831394 39.185478 50.151505 61.796650 74.092655 86.903737 100.000000
1556 0.155600 0.000000 9.403907 18.962896 28.839531 39.194906 50.161119 61.805259 74.099138 86.907219 100.000000
1557 0.155700 0.000000 9.407037 18.968837 28.847661 39.204324 50.170722 61.813857 74.105613 86.910697 100.000000
1558 0.155800 0.000000 9.410163 18.974773 28.855782 39.213732 50.180315 61.822445 74.112080 86.914170 100.000000
1559 0.155900 0.000000 9.413286 18.980703 28.863894 39.223130 50.189897 61.831023 74.118539 86.917639 100.000000
1560 0.156000 0.000000 9.416407 18.986626 28.871998 39.232517 50.199467 61.839591 74.124990 86.921103 100.000000
1561 0.156100 0.000000 9.419524 18.992545 28.880094 39.241895 50.209027 61.848149 74.131433 86.924563 100.000000
1562 0.156200 0.000000 9.422638 18.998457 28.888182 39.251263 50.218577 61.856697 74.137868 86.928019 100.000000
1563 0.156300 0.000000 9.425750 19.004363 28.896262 39.260620 50.228115 61.865234 74.144296 86.931471 100.000000
1564 0.156400 0.000000 9.428858 19.010264 28.904333 39.269967 50.237642 61.873762 74.150715 86.934918 100.000000
1565 0.156500 0.000000 9.431964 19.016159 28.912395 39.279304 50.247159 61.882279 74.157127 86.938361 100.000000
1566 0.156600 0.000000 9.435067 19.022048 28.920450 39.288631 50.256665 61.890786 74.163531 86.941799 100.000000
1567 0.156700 0.000000 9.438166 19.027932 28.928496 39.297948 50.266160 61.899283 74.169927 86.945233 100.000000
1568 0.156800 0.000000 9.441263 19.033809 28.936534 39.307255 50.275644 61.907770 74.176315 86.948663 100.000000
1569 0.156900 0.000000 9.444357 19.039681 28.944564 39.316552 50.285118 61.916247 74.182696 86.952089 100.000000
1570 0.157000 0.000000 9.447447 19.045547 28.952586 39.325839 50.294580 61.924714 74.189068 86.955511 100.000000
1571 0.157100 0.000000 9.450535 19.051407 28.960599 39.335116 50.304032 61.933171 74.195433 86.958928 100.000000
1572 0.157200 0.000000 9.453620 19.057262 28.968604 39.344382 50.313474 61.941618 74.201790 86.962341 100.000000
1573 0.157300 0.000000 9.456702 19.063110 28.976601 39.353639 50.322904 61.950055 74.208139 86.965749 100.000000
1574 0.157400 0.000000 9.459781 19.068953 28.984589 39.362886 50.332324 61.958482 74.214481 86.969154 100.000000
1575 0.157500 0.000000 9.462857 19.074791 28.992569 39.372123 50.341733 61.966899 74.220814 86.972554 100.000000
1576 0.157600 0.000000 9.465930 19.080622 29.000542 39.381349 50.351131 61.975306 74.227140 86.975950 100.000000
1577 0.157700 0.000000 9.469000 19.086448 29.008505 39.390566 50.360519 61.983703 74.233459 86.979341 100.000000
1578 0.157800 0.000000 9.472068 19.092267 29.016461 39.399773 50.369896 61.992090 74.239769 86.982729 100.000000
1579 0.157900 0.000000 9.475132 19.098082 29.024408 39.408969 50.379263 62.000467 74.246072 86.986112 100.000000
1580 0.158000 0.000000 9.478193 19.103890 29.032348 39.418156 50.388618 62.008834 74.252367 86.989491 100.000000
1581 0.158100 0.000000 9.481252 19.109693 29.040279 39.427333 50.397964 62.017191 74.258654 86.992866 100.000000
1582 0.158200 0.000000 9.484307 19.115489 29.048201 39.436500 50.407298 62.025539 74.264934 86.996236 100.000000
1583 0.158300 0.000000 9.487359 19.121281 29.056116 39.445657 50.416622 62.033876 74.271206 86.999603 100.000000
1584 0.158400 0.000000 9.490409 19.127066 29.064022 39.454804 50.425935 62.042204 74.277470 87.002965 100.000000
1585 0.158500 0.000000 9.493456 19.132846 29.071921 39.463941 50.435238 62.050522 74.283727 87.006323 100.000000
1586 0.158600 0.000000 9.496499 19.138619 29.079811 39.473068 50.444530 62.058829 74.289976 87.009676 100.000000
1587 0.158700 0.000000 9.499540 19.144388 29.087692 39.482185 50.453812 62.067127 74.296217 87.013026 100.000000
1588 0.158800 0.000000 9.502578 19.150150 29.095566 39.491292 50.463083 62.075416 74.302451 87.016371 100.000000
1589 0.158900 0.000000 9.505613 19.155907 29.103432 39.500390 50.472343 62.083694 74.308677 87.019713 100.000000
1590 0.159000 0.000000 9.508645 19.161658 29.111289 39.509477 50.481593 62.091962 74.314896 87.023050 100.000000
1591 0.159100 0.000000 9.511673 19.167403 29.119138 39.518555 50.490832 62.100221 74.321106 87.026383 100.000000
1592 0.159200 0.000000 9.514700 19.173142 29.126979 39.527622 50.500061 62.108470 74.327310 87.029711 100.000000
1593 0.159300 0.000000 9.517723 19.178876 29.134812 39.536680 50.509279 62.116709 74.333506 87.033036 100.000000
1594 0.159400 0.000000 9.520743 19.184604 29.142637 39.545728 50.518487 62.124939 74.339694 87.036357 100.000000
1595 0.159500 0.000000 9.523760 19.190327 29.150454 39.554766 50.527685 62.133159 74.345874 87.039673 100.000000
1596 0.159600 0.000000 9.526774 19.196043 29.158262 39.563795 50.536871 62.141368 74.352047 87.042985 100.000000
1597 0.159700 0.000000 9.529786 19.201754 29.166063 39.572813 50.546048 62.149569 74.358213 87.046293 100.000000
1598 0.159800 0.000000 9.532794 19.207459 29.173855 39.581822 50.555214 62.157759 74.364371 87.049597 100.000000
1599 0.159900 0.000000 9.535800 19.213159 29.181639 39.590821 50.564369 62.165940 74.370521 87.052897 100.000000
1600 0.160000 0.000000 9.538802 19.218852 29.189415 39.599810 50.573514 62.174111 74.376664 87.056193 100.000000
1601 0.160100 0.000000 9.541802 19.224540 29.197183 39.608789 50.582649 62.182272 74.382800 87.059485 100.000000
1602 0.160200 0.000000 9.544799 19.230223 29.204943 39.617758 50.591773 62.190424 74.388928 87.062772 100.000000
1603 0.160300 0.000000 9.547792 19.235899 29.212695 39.626718 50.600887 62.198566 74.395048 87.066056 100.000000
1604 0.160400 0.000000 9.550783 19.241570 29.220438 39.635668 50.609990 62.206699 74.401161 87.069335 100.000000
1605 0.160500 0.000000 9.553771 19.247236 29.228174 39.644608 50.619083 62.214821 74.407267 87.072610 100.000000
1606 0.160600 0.000000 9.556756 19.252895 29.235902 39.653539 50.628166 62.222935 74.413365 87.075882 100.000000
1607 0.160700 0.000000 9.559738 19.258549 29.243621 39.662459 50.637238 62.231038 74.419456 87.079149 100.000000
1608 0.160800 0.000000 9.562717 19.264197 29.251332 39.671370 50.646300 62.239132 74.425539 87.082412 100.000000
1609 0.160900 0.000000 9.565694 19.269840 29.259036 39.680271 50.655352 62.247216 74.431615 87.085671 100.000000
1610 0.161000 0.000000 9.568667 19.275477 29.266731 39.689163 50.664393 62.255291 74.437683 87.088926 100.000000
1611 0.161100 0.000000 9.571637 19.281108 29.274418 39.698044 50.673424 62.263356 74.443744 87.092177 100.000000
1612 0.161200 0.000000 9.574605 19.286733 29.282097 39.706916 50.682445 62.271412 74.449798 87.095424 100.000000
1613 0.161300 0.000000 9.577570 19.292353 29.289768 39.715779 50.691455 62.279458 74.455844 87.098667 100.000000
1614 0.161400 0.000000 9.580531 19.297967 29.297431 39.724631 50.700455 62.287495 74.461883 87.101906 100.000000
1615 0.161500 0.000000 9.583490 19.303576 29.305086 39.733474 50.709445 62.295522 74.467915 87.105141 100.000000
1616 0.161600 0.000000 9.586446 19.309179 29.312733 39.742307 50.718425 62.303539 74.473939 87.108372 100.000000
1617 0.161700 0.000000 9.589399 19.314776 29.320372 39.751131 50.727394 62.311547 74.479955 87.111598 100.000000
1618 0.161800 0.000000 9.592349 19.320367 29.328003 39.759945 50.736353 62.319546 74.485965 87.114821 100.000000
1619 0.161900 0.000000 9.595296 19.325953 29.335626 39.768749 50.745302 62.327535 74.491967 87.118040 100.000000
1620 0.162000 0.000000 9.598240 19.331533 29.343241 39.777543 50.754240 62.335515 74.497962 87.121255 100.000000
1621 0.162100 0.000000 9.601181 19.337108 29.350848 39.786328 50.763169 62.343485 74.503949 87.124466 100.000000
1622 0.162200 0.000000 9.604120 19.342677 29.358447 39.795104 50.772087 62.351445 74.509930 87.127673 100.000000
1623 0.162300 0.000000 9.607055 19.348240 29.366038 39.803869 50.780995 62.359397 74.515902 87.130876 100.000000
1624 0.162400 0.000000 9.609988 19.353797 29.373621 39.812626 50.789893 62.367338 74.521868 87.134075 100.000000
1625 0.162500 0.000000 9.612918 19.359349 29.381196 39.821372 50.798780 62.375271 74.527826 87.137269 100.000000
1626 0.162600 0.000000 9.615844 19.364896 29.388763 39.830109 50.807658 62.383194 74.533777 87.140460 100.000000
1627 0.162700 0.000000 9.618768 19.370436 29.396322 39.838836 50.816525 62.391107 74.539721 87.143647 100.000000
1628 0.162800 0.000000 9.621689 19.375971 29.403874 39.847554 50.825382 62.399012 74.545658 87.146831 100.000000
1629 0.162900 0.000000 9.624607 19.381501 29.411417 39.856262 50.834229 62.406907 74.551587 87.150010 100.000000
1630 0.163000 0.000000 9.627522 19.387025 29.418952 39.864961 50.843066 62.414792 74.557509 87.153185 100.000000
1631 0.163100 0.000000 9.630435 19.392543 29.426479 39.873650 50.851893 62.422668 74.563424 87.156356 100.000000
1632 0.163200 0.000000 9.633344 19.398055 29.433998 39.882329 50.860710 62.430535 74.569332 87.159523 100.000000
1633 0.163300 0.000000 9.636251 19.403562 29.441510 39.890999 50.869517 62.438393 74.575233 87.162687 100.000000
1634 0.163400 0.000000 9.639154 19.409064 29.449013 39.899660 50.878313 62.446241 74.581126 87.165846 100.000000
1635 0.163500 0.000000 9.642055 19.414559 29.456509 39.908311 50.887100 62.454080 74.587012 87.169002 100.000000
1636 0.163600 0.000000 9.644953 19.420049 29.463996 39.916952 50.895876 62.461909 74.592891 87.172154 100.000000
1637 0.163700 0.000000 9.647848 19.425534 29.471476 39.925584 50.904643 62.469730 74.598763 87.175301 100.000000
1638 0.163800 0.000000 9.650740 19.431013 29.478948 39.934206 50.913399 62.477541 74.604628 87.178445 100.000000
1639 0.163900 0.000000 9.653629 19.436486 29.486412 39.942819 50.922145 62.485342 74.610485 87.181585 100.000000
1640 0.164000 0.000000 9.656515 19.441954 29.493868 39.951422 50.930882 62.493135 74.616336 87.184721 100.000000
1641 0.164100 0.000000 9.659399 19.447416 29.501316 39.960016 50.939608 62.500918 74.622179 87.187853 100.000000
1642 0.164200 0.000000 9.662279 19.452872 29.508756 39.968601 50.948324 62.508692 74.628015 87.190982 100.000000
1643 0.164300 0.000000 9.665157 19.458323 29.516188 39.977176 50.957031 62.516457 74.633844 87.194106 100.000000
1644 0.164400 0.000000 9.668032 19.463769 29.523613 39.985741 50.965727 62.524213 74.639666 87.197227 100.000000
1645 0.164500 0.000000 9.670903 19.469208 29.531029 39.994298 50.974413 62.531959 74.645481 87.200343 100.000000
1646 0.164600 0.000000 9.673772 19.474643 29.538438 40.002844 50.983090 62.539696 74.651289 87.203456 100.000000
1647 0.164700 0.000000 9.676638 19.480071 29.545839 40.011382 50.991756 62.547425 74.657089 87.206565 100.000000
1648 0.164800 0.000000 9.679502 19.485494 29.553232 40.019909 51.000413 62.555143 74.662883 87.209670 100.000000
1649 0.164900 0.000000 9.682362 19.490912 29.560617 40.028428 51.009060 62.562853 74.668670 87.212772 100.000000
1650 0.165000 0.000000 9.685220 19.496324 29.567995 40.036937 51.017696 62.570554 74.674449 87.215869 100.000000
1651 0.165100 0.000000 9.688074 19.501730 29.575364 40.045437 51.026323 62.578245 74.680222 87.218963 100.000000
1652 0.165200 0.000000 9.690926 19.507131 29.582726 40.053927 51.034940 62.585928 74.685987 87.222053 100.000000
1653 0.165300 0.000000 9.693775 19.512526 29.590079 40.062408 51.043547 62.593601 74.691746 87.225139 100.000000
1654 0.165400 0.000000 9.696621 19.517916 29.597425 40.070879 51.052144 62.601265 74.697497 87.228221 100.000000
1655 0.165500 0.000000 9.699464 19.523300 29.604764 40.079342 51.060732 62.608920 74.703242 87.231299 100.000000
1656 0.165600 0.000000 9.702304 19.528678 29.612094 40.087794 51.069309 62.616566 74.708979 87.234374 100.000000
1657 0.165700 0.000000 9.705142 19.534051 29.619417 40.096238 51.077877 62.624203 74.714710 87.237445 100.000000
1658 0.165800 0.000000 9.707976 19.539419 29.626731 40.104672 51.086435 62.631831 74.720434 87.240511 100.000000
1659 0.165900 0.000000 9.710808 19.544781 29.634038 40.113097 51.094983 62.639450 74.726150 87.243575 100.000000
1660 0.166000 0.000000 9.713637 19.550137 29.641338 40.121512 51.103521 62.647060 74.731860 87.246634 100.000000
1661 0.166100 0.000000 9.716463 19.555488 29.648629 40.129919 51.112049 62.654661 74.737562 87.249690 100.000000
1662 0.166200 0.000000 9.719286 19.560834 29.655913 40.138316 51.120568 62.662253 74.743258 87.252742 100.000000
1663 0.166300 0.000000 9.722106 19.566173 29.663189 40.146703 51.129077 62.669835 74.748947 87.255790 100.000000
1664 0.166400 0.000000 9.724924 19.571508 29.670457 40.155081 51.137576 62.677409 74.754629 87.258834 100.000000
1665 0.166500 0.000000 9.727738 19.576837 29.677717 40.163451 51.146065 62.684974 74.760304 87.261874 100.000000
1666 0.166600 0.000000 9.730550 19.582160 29.684970 40.171810 51.154545 62.692530 74.765972 87.264911 100.000000
1667 0.166700 0.000000 9.733359 19.587478 29.692214 40.180161 51.163014 62.700077 74.771633 87.267944 100.000000
1668 0.166800 0.000000 9.736165 19.592790 29.699452 40.188502 51.171475 62.707615 74.777288 87.270974 100.000000
1669 0.166900 0.000000 9.738968 19.598097 29.706681 40.196834 51.179925 62.715144 74.782935 87.273999 100.000000
1670 0.167000 0.000000 9.741768 19.603398 29.713903 40.205157 51.188366 62.722664 74.788576 87.277021 100.000000
1671 0.167100 0.000000 9.744566 19.608694 29.721117 40.213471 51.196797 62.730175 74.794210 87.280039 100.000000
1672 0.167200 0.000000 9.747360 19.613984 29.728323 40.221775 51.205218 62.737677 74.799837 87.283053 100.000000
1673 0.167300 0.000000 9.750152 19.619269 29.735521 40.230070 51.213629 62.745170 74.805457 87.286064 100.000000
1674 0.167400 0.000000 9.752941 19.624548 29.742712 40.238356 51.222031 62.752655 74.811070 87.289071 100.000000
1675 0.167500 0.000000 9.755727 19.629822 29.749895 40.246633 51.230424 62.760130 74.816676 87.292074 100.000000
1676 0.167600 0.000000 9.758511 19.635090 29.757070 40.254900 51.238806 62.767597 74.822276 87.295074 100.000000
1677 0.167700 0.000000 9.761291 19.640353 29.764238 40.263159 51.247179 62.775055 74.827869 87.298069 100.000000
1678 0.167800 0.000000 9.764069 19.645610 29.771398 40.271408 51.255543 62.782504 74.833455 87.301062 100.000000
1679 0.167900 0.000000 9.766843 19.650862 29.778551 40.279648 51.263896 62.789944 74.839034 87.304050 100.000000
1680 0.168000 0.000000 9.769615 19.656109 29.785695 40.287879 51.272240 62.797375 74.844606 87.307035 100.000000
1681 0.168100 0.000000 9.772384 19.661350 29.792832 40.296101 51.280575 62.804798 74.850172 87.310016 100.000000
1682 0.168200 0.000000 9.775151 19.666585 29.799962 40.304313 51.288900 62.812212 74.855731 87.312993 100.000000
1683 0.168300 0.000000 9.777914 19.671815 29.807083 40.312517 51.297215 62.819617 74.861283 87.315967 100.000000
1684 0.168400 0.000000 9.780675 19.677040 29.814197 40.320711 51.305521 62.827013 74.866829 87.318937 100.000000
1685 0.168500 0.000000 9.783433 19.682259 29.821304 40.328897 51.313817 62.834400 74.872367 87.321903 100.000000
1686 0.168600 0.000000 9.786188 19.687473 29.828402 40.337073 51.322104 62.841779 74.877899 87.324866 100.000000
1687 0.168700 0.000000 9.788940 19.692681 29.835493 40.345240 51.330381 62.849149 74.883424 87.327825 100.000000
1688 0.168800 0.000000 9.791689 19.697884 29.842577 40.353398 51.338649 62.856510 74.888943 87.330781 100.000000
1689 0.168900 0.000000 9.794436 19.703081 29.849653 40.361547 51.346907 62.863862 74.894455 87.333732 100.000000
1690 0.169000 0.000000 9.797179 19.708273 29.856721 40.369687 51.355156 62.871206 74.899960 87.336680 100.000000
1691 0.169100 0.000000 9.799920 19.713460 29.863782 40.377817 51.363395 62.878541 74.905458 87.339625 100.000000
1692 0.169200 0.000000 9.802658 19.718641 29.870835 40.385939 51.371625 62.885867 74.910950 87.342566 100.000000
1693 0.169300 0.000000 9.805394 19.723816 29.877880 40.394052 51.379845 62.893185 74.916435 87.345503 100.000000
1694 0.169400 0.000000 9.808126 19.728987 29.884918 40.402156 51.388055 62.900494 74.921914 87.348437 100.000000
1695 0.169500 0.000000 9.810856 19.734151 29.891948 40.410250 51.396257 62.907794 74.927386 87.351367 100.000000
1696 0.169600 0.000000 9.813583 19.739311 29.898971 40.418336 51.404448 62.915085 74.932851 87.354293 100.000000
1697 0.169700 0.000000 9.816307 19.744465 29.905986 40.426412 51.412631 62.922368 74.938309 87.357216 100.000000
1698 0.169800 0.000000 9.819028 19.749613 29.912994 40.434480 51.420804 62.929643 74.943761 87.360135 100.000000
1699 0.169900 0.000000 9.821747 19.754757 29.919994 40.442539 51.428967 62.936908 74.949206 87.363051 100.000000
1700 0.170000 0.000000 9.824462 19.759894 29.926986 40.450588 51.437121 62.944165 74.954645 87.365963 100.000000
1701 0.170100 0.000000 9.827175 19.765027 29.933971 40.458629 51.445266 62.951414 74.960077 87.368871 100.000000
1702 0.170200 0.000000 9.829885 19.770154 29.940948 40.466660 51.453401 62.958653 74.965503 87.371776 100.000000
1703 0.170300 0.000000 9.832592 19.775275 29.947918 40.474683 51.461527 62.965885 74.970922 87.374678 100.000000
1704 0.170400 0.000000 9.835297 19.780392 29.954880 40.482697 51.469644 62.973107 74.976334 87.377575 100.000000
1705 0.170500 0.000000 9.837998 19.785502 29.961835 40.490702 51.477751 62.980321 74.981740 87.380469 100.000000
1706 0.170600 0.000000 9.840697 19.790608 29.968782 40.498698 51.485849 62.987527 74.987139 87.383360 100.000000
1707 0.170700 0.000000 9.843393 19.795708 29.975722 40.506684 51.493937 62.994724 74.992532 87.386247 100.000000
1708 0.170800 0.000000 9.846087 19.800803 29.982654 40.514662 51.502017 63.001912 74.997918 87.389131 100.000000
1709 0.170900 0.000000 9.848777 19.805892 29.989579 40.522632 51.510087 63.009092 75.003297 87.392011 100.000000
1710 0.171000 0.000000 9.851465 19.810976 29.996496 40.530592 51.518147 63.016263 75.008670 87.394887 100.000000
1711 0.171100 0.000000 9.854150 19.816055 30.003405 40.538543 51.526198 63.023426 75.014037 87.397760 100.000000
1712 0.171200 0.000000 9.856832 19.821128 30.010308 40.546485 51.534240 63.030581 75.019397 87.400629 100.000000
1713 0.171300 0.000000 9.859511 19.826196 30.017202 40.554419 51.542273 63.037726 75.024750 87.403495 100.000000
1714 0.171400 0.000000 9.862188 19.831258 30.024090 40.562344 51.550296 63.044864 75.030097 87.406357 100.000000
1715 0.171500 0.000000 9.864862 19.836316 30.030969 40.570259 51.558311 63.051993 75.035438 87.409216 100.000000
1716 0.171600 0.000000 9.867533 19.841368 30.037842 40.578166 51.566316 63.059113 75.040772 87.412071 100.000000
1717 0.171700 0.000000 9.870201 19.846414 30.044707 40.586064 51.574311 63.066225 75.046099 87.414923 100.000000
1718 0.171800 0.000000 9.872867 19.851455 30.051564 40.593954 51.582298 63.073329 75.051421 87.417771 100.000000
1719 0.171900 0.000000 9.875529 19.856491 30.058414 40.601834 51.590275 63.080424 75.056735 87.420616 100.000000
1720 0.172000 0.000000 9.878189 19.861522 30.065256 40.609706 51.598243 63.087511 75.062043 87.423457 100.000000
1721 0.172100 0.000000 9.880847 19.866547 30.072091 40.617568 51.606202 63.094589 75.067345 87.426295 100.000000
1722 0.172200 0.000000 9.883501 19.871567 30.078919 40.625422 51.614151 63.101659 75.072641 87.429129 100.000000
1723 0.172300 0.000000 9.886153 19.876581 30.085739 40.633267 51.622092 63.108720 75.077930 87.431960 100.000000
1724 0.172400 0.000000 9.888802 19.881591 30.092552 40.641104 51.630023 63.115773 75.083212 87.434787 100.000000
1725 0.172500 0.000000 9.891448 19.886594 30.099358 40.648931 51.637945 63.122818 75.088488 87.437611 100.000000
1726 0.172600 0.000000 9.894091 19.891593 30.106156 40.656750 51.645858 63.129855 75.093758 87.440431 100.000000
1727 0.172700 0.000000 9.896732 19.896586 30.112946 40.664560 51.653762 63.136883 75.099021 87.443248 100.000000
1728 0.172800 0.000000 9.899370 19.901575 30.119729 40.672361 51.661657 63.143902 75.104278 87.446062 100.000000
1729 0.172900 0.000000 9.902005 19.906557 30.126505 40.680154 51.669542 63.150914 75.109529 87.448872 100.000000
1730 0.173000 0.000000 9.904637 19.911535 30.133274 40.687938 51.677419 63.157917 75.114773 87.451678 100.000000
1731 0.173100 0.000000 9.907267 19.916507 30.140035 40.695713 51.685286 63.164911 75.120011 87.454481 100.000000
1732 0.173200 0.000000 9.909894 19.921474 30.146788 40.703479 51.693144 63.171898 75.125243 87.457281 100.000000
1733 0.173300 0.000000 9.912518 19.926435 30.153535 40.711237 51.700993 63.178876 75.130468 87.460077 100.000000
1734 0.173400 0.000000 9.915139 19.931392 30.160274 40.718986 51.708833 63.185846 75.135687 87.462870 100.000000
1735 0.173500 0.000000 9.917758 19.936343 30.167005 40.726726 51.716665 63.192807 75.140899 87.465659 100.000000
1736 0.173600 0.000000 9.920374 19.941288 30.173730 40.734457 51.724486 63.199761 75.146105 87.468445 100.000000
1737 0.173700 0.000000 9.922987 19.946229 30.180446 40.742180 51.732299 63.206706 75.151305 87.471227 100.000000
1738 0.173800 0.000000 9.925598 19.951164 30.187156 40.749894 51.740103 63.213643 75.156499 87.474006 100.000000
1739 0.173900 0.000000 9.928205 19.956094 30.193858 40.757600 51.747898 63.220571 75.161686 87.476782 100.000000
1740 0.174000 0.000000 9.930810 19.961019 30.200553 40.765297 51.755684 63.227491 75.166867 87.479554 100.000000
1741 0.174100 0.000000 9.933412 19.965938 30.207241 40.772985 51.763461 63.234404 75.172042 87.482323 100.000000
1742 0.174200 0.000000 9.936012 19.970853 30.213921 40.780664 51.771229 63.241307 75.177210 87.485089 100.000000
1743 0.174300 0.000000 9.938609 19.975762 30.220594 40.788335 51.778987 63.248203 75.182373 87.487851 100.000000
1744 0.174400 0.000000 9.941203 19.980665 30.227260 40.795998 51.786737 63.255091 75.187528 87.490609 100.000000
1745 0.174500 0.000000 9.943794 19.985564 30.233919 40.803651 51.794478 63.261970 75.192678 87.493365 100.000000
1746 0.174600 0.000000 9.946383 19.990457 30.240570 40.811296 51.802210 63.268841 75.197822 87.496116 100.000000
1747 0.174700 0.000000 9.948969 19.995345 30.247214 40.818933 51.809933 63.275704 75.202959 87.498865 100.000000
1748 0.174800 0.000000 9.951552 20.000228 30.253850 40.826560 51.817647 63.282559 75.208090 87.501610 100.000000
1749 0.174900 0.000000 9.954132 20.005106 30.260480 40.834180 51.825352 63.289406 75.213215 87.504352 100.000000
1750 0.175000 0.000000 9.956710 20.009978 30.267102 40.841790 51.833048 63.296245 75.218333 87.507090 100.000000
1751 0.175100 0.000000 9.959285 20.014845 30.273717 40.849392 51.840736 63.303075 75.223446 87.509825 100.000000
1752 0.175200 0.000000 9.961857 20.019707 30.280324 40.856986 51.848414 63.309897 75.228552 87.512557 100.000000
1753 0.175300 0.000000 9.964427 20.024564 30.286924 40.864571 51.856083 63.316712 75.233652 87.515285 100.000000
1754 0.175400 0.000000 9.966994 20.029416 30.293518 40.872147 51.863744 63.323518 75.238746 87.518010 100.000000
1755 0.175500 0.000000 9.969558 20.034262 30.300103 40.879715 51.871396 63.330316 75.243833 87.520732 100.000000
1756 0.175600 0.000000 9.972119 20.039103 30.306682 40.887275 51.879039 63.337106 75.248915 87.523451 100.000000
1757 0.175700 0.000000 9.974678 20.043939 30.313254 40.894826 51.886672 63.343888 75.253990 87.526166 100.000000
1758 0.175800 0.000000 9.977234 20.048770 30.319818 40.902368 51.894298 63.350662 75.259060 87.528877 100.000000
1759 0.175900 0.000000 9.979787 20.053595 30.326375 40.909902 51.901914 63.357428 75.264123 87.531586 100.000000
1760 0.176000 0.000000 9.982338 20.058416 30.332925 40.917427 51.909521 63.364185 75.269180 87.534291 100.000000
1761 0.176100 0.000000 9.984886 20.063231 30.339467 40.924944 51.917120 63.370935 75.274230 87.536992 100.000000
1762 0.176200 0.000000 9.987431 20.068041 30.346003 40.932452 51.924710 63.377677 75.279275 87.539691 100.000000
1763 0.176300 0.000000 9.989974 20.072846 30.352531 40.939952 51.932291 63.384411 75.284314 87.542386 100.000000
1764 0.176400 0.000000 9.992514 20.077646 30.359052 40.947443 51.939863 63.391136 75.289346 87.545078 100.000000
1765 0.176500 0.000000 9.995051 20.082440 30.365566 40.954926 51.947427 63.397854 75.294373 87.547766 100.000000
1766 0.176600 0.000000 9.997585 20.087230 30.372073 40.962401 51.954981 63.404564 75.299393 87.550451 100.000000
1767 0.176700 0.000000 10.000117 20.092014 30.378572 40.969867 51.962527 63.411266 75.304407 87.553133 100.000000
1768 0.176800 0.000000 10.002646 20.096793 30.385065 40.977325 51.970064 63.417960 75.309415 87.555812 100.000000
1769 0.176900 0.000000 10.005173 20.101567 30.391550 40.984774 51.977593 63.424646 75.314418 87.558487 100.000000
1770 0.177000 0.000000 10.007696 20.106336 30.398028 40.992215 51.985113 63.431324 75.319414 87.561159 100.000000
1771 0.177100 0.000000 10.010218 20.111100 30.404499 40.999647 51.992624 63.437994 75.324404 87.563828 100.000000
1772 0.177200 0.000000 10.012736 20.115858 30.410963 41.007071 52.000126 63.444656 75.329388 87.566494 100.000000
1773 0.177300 0.000000 10.015252 20.120612 30.417420 41.014487 52.007619 63.451310 75.334366 87.569156 100.000000
1774 0.177400 0.000000 10.017765 20.125360 30.423869 41.021894 52.015104 63.457956 75.339337 87.571815 100.000000
1775 0.177500 0.000000 10.020275 20.130103 30.430312 41.029293 52.022580 63.464595 75.344303 87.574471 100.000000
1776 0.177600 0.000000 10.022783 20.134841 30.436747 41.036683 52.030048 63.471225 75.349263 87.577123 100.000000
1777 0.177700 0.000000 10.025288 20.139574 30.443176 41.044065 52.037507 63.477848 75.354217 87.579772 100.000000
1778 0.177800 0.000000 10.027790 20.144302 30.449597 41.051439 52.044957 63.484462 75.359165 87.582418 100.000000
1779 0.177900 0.000000 10.030290 20.149025 30.456011 41.058804 52.052398 63.491069 75.364107 87.585061 100.000000
1780 0.178000 0.000000 10.032787 20.153743 30.462418 41.066161 52.059831 63.497668 75.369043 87.587701 100.000000
1781 0.178100 0.000000 10.035281 20.158455 30.468818 41.073510 52.067256 63.504260 75.373973 87.590337 100.000000
1782 0.178200 0.000000 10.037773 20.163163 30.475211 41.080851 52.074671 63.510843 75.378897 87.592970 100.000000
1783 0.178300 0.000000 10.040262 20.167865 30.481597 41.088183 52.082078 63.517419 75.383815 87.595600 100.000000
1784 0.178400 0.000000 10.042749 20.172562 30.487976 41.095507 52.089477 63.523986 75.388727 87.598227 100.000000
1785 0.178500 0.000000 10.045233 20.177254 30.494348 41.102822 52.096866 63.530546 75.393633 87.600850 100.000000
1786 0.178600 0.000000 10.047714 20.181942 30.500712 41.110129 52.104248 63.537098 75.398533 87.603470 100.000000
1787 0.178700 0.000000 10.050192 20.186624 30.507070 41.117428 52.111620 63.543643 75.403428 87.606087 100.000000
1788 0.178800 0.000000 10.052668 20.191301 30.513421 41.124719 52.118984 63.550179 75.408316 87.608701 100.000000
1789 0.178900 0.000000 10.055141 20.195972 30.519764 41.132001 52.126340 63.556708 75.413198 87.611312 100.000000
1790 0.179000 0.000000 10.057612 20.200639 30.526101 41.139275 52.133687 63.563229 75.418075 87.613919 100.000000
1791 0.179100 0.000000 10.060080 20.205301 30.532431 41.146541 52.141025 63.569742 75.422946 87.616523 100.000000
1792 0.179200 0.000000 10.062545 20.209958 30.538753 41.153799 52.148355 63.576248 75.427810 87.619124 100.000000
1793 0.179300 0.000000 10.065007 20.214610 30.545069 41.161048 52.155677 63.582746 75.432669 87.621722 100.000000
1794 0.179400 0.000000 10.067467 20.219256 30.551378 41.168290 52.162990 63.589236 75.437522 87.624317 100.000000
1795 0.179500 0.000000 10.069925 20.223898 30.557679 41.175523 52.170294 63.595718 75.442369 87.626908 100.000000
1796 0.179600 0.000000 10.072380 20.228534 30.563974 41.182747 52.177590 63.602193 75.447210 87.629497 100.000000
1797 0.179700 0.000000 10.074832 20.233166 30.570262 41.189964 52.184877 63.608660 75.452046 87.632082 100.000000
1798 0.179800 0.000000 10.077281 20.237792 30.576542 41.197172 52.192156 63.615119 75.456875 87.634664 100.000000
1799 0.179900 0.000000 10.079728 20.242414 30.582816 41.204373 52.199427 63.621571 75.461699 87.637243 100.000000
1800 0.180000 0.000000 10.082172 20.247030 30.589083 41.211565 52.206689 63.628015 75.466517 87.639818 100.000000
1801 0.180100 0.000000 10.084614 20.251642 30.595343 41.218748 52.213942 63.634451 75.471329 87.642391 100.000000
1802 0.180200 0.000000 10.087053 20.256248 30.601595 41.225924 52.221187 63.640879 75.476135 87.644960 100.000000
1803 0.180300 0.000000 10.089489 20.260849 30.607841 41.233092 52.228424 63.647300 75.480936 87.647527 100.000000
1804 0.180400 0.000000 10.091923 20.265446 30.614080 41.240251 52.235652 63.653714 75.485730 87.650090 100.000000
1805 0.180500 0.000000 10.094354 20.270037 30.620313 41.247402 52.242872 63.660119 75.490519 87.652650 100.000000
1806 0.180600 0.000000 10.096782 20.274623 30.626538 41.254546 52.250083 63.666518 75.495302 87.655207 100.000000
1807 0.180700 0.000000 10.099208 20.279205 30.632756 41.261681 52.257286 63.672908 75.500079 87.657760 100.000000
1808 0.180800 0.000000 10.101632 20.283781 30.638967 41.268808 52.264481 63.679291 75.504851 87.660311 100.000000
1809 0.180900 0.000000 10.104052 20.288353 30.645172 41.275926 52.271667 63.685666 75.509617 87.662858 100.000000
1810 0.181000 0.000000 10.106470 20.292919 30.651369 41.283037 52.278845 63.692034 75.514376 87.665403 100.000000
1811 0.181100 0.000000 10.108886 20.297480 30.657560 41.290140 52.286015 63.698394 75.519131 87.667944 100.000000
1812 0.181200 0.000000 10.111299 20.302037 30.663744 41.297234 52.293176 63.704747 75.523879 87.670482 100.000000
1813 0.181300 0.000000 10.113709 20.306588 30.669921 41.304321 52.300329 63.711092 75.528622 87.673017 100.000000
1814 0.181400 0.000000 10.116117 20.311135 30.676091 41.311399 52.307474 63.717429 75.533359 87.675549 100.000000
1815 0.181500 0.000000 10.118522 20.315676 30.682254 41.318469 52.314610 63.723759 75.538090 87.678078 100.000000
1816 0.181600 0.000000 10.120924 20.320213 30.688410 41.325532 52.321738 63.730082 75.542815 87.680604 100.000000
1817 0.181700 0.000000 10.123324 20.324745 30.694560 41.332586 52.328857 63.736397 75.547535 87.683127 100.000000
1818 0.181800 0.000000 10.125722 20.329271 30.700702 41.339632 52.335969 63.742704 75.552249 87.685646 100.000000
1819 0.181900 0.000000 10.128116 20.333793 30.706838 41.346671 52.343072 63.749004 75.556958 87.688163 100.000000
1820 0.182000 0.000000 10.130508 20.338310 30.712967 41.353701 52.350166 63.755296 75.561660 87.690676 100.000000
1821 0.182100 0.000000 10.132898 20.342822 30.719089 41.360723 52.357253 63.761581 75.566357 87.693187 100.000000
1822 0.182200 0.000000 10.135285 20.347329 30.725204 41.367737 52.364331 63.767859 75.571049 87.695694 100.000000
1823 0.182300 0.000000 10.137669 20.351831 30.731313 41.374743 52.371401 63.774129 75.575734 87.698198 100.000000
1824 0.182400 0.000000 10.140051 20.356328 30.737414 41.381741 52.378463 63.780391 75.580414 87.700700 100.000000
1825 0.182500 0.000000 10.142430 20.360820 30.743509 41.388732 52.385516 63.786646 75.585089 87.703198 100.000000
1826 0.182600 0.000000 10.144807 20.365307 30.749597 41.395714 52.392562 63.792894 75.589757 87.705693 100.000000
1827 0.182700 0.000000 10.147181 20.369789 30.755678 41.402688 52.399599 63.799134 75.594420 87.708185 100.000000
1828 0.182800 0.000000 10.149553 20.374267 30.761753 41.409655 52.406628 63.805367 75.599078 87.710674 100.000000
1829 0.182900 0.000000 10.151922 20.378739 30.767821 41.416613 52.413648 63.811592 75.603730 87.713160 100.000000
1830 0.183000 0.000000 10.154288 20.383207 30.773881 41.423563 52.420661 63.817810 75.608376 87.715643 100.000000
1831 0.183100 0.000000 10.156652 20.387670 30.779936 41.430506 52.427665 63.824021 75.613016 87.718123 100.000000
1832 0.183200 0.000000 10.159013 20.392127 30.785983 41.437441 52.434661 63.830224 75.617651 87.720600 100.000000
1833 0.183300 0.000000 10.161372 20.396580 30.792024 41.444367 52.441649 63.836420 75.622281 87.723074 100.000000
1834 0.183400 0.000000 10.163728 20.401028 30.798057 41.451286 52.448629 63.842608 75.626904 87.725544 100.000000
1835 0.183500 0.000000 10.166082 20.405471 30.804085 41.458197 52.455601 63.848789 75.631523 87.728012 100.000000
1836 0.183600 0.000000 10.168433 20.409910 30.810105 41.465100 52.462564 63.854963 75.636135 87.730477 100.000000
1837 0.183700 0.000000 10.170781 20.414343 30.816119 41.471995 52.469520 63.861129 75.640742 87.732939 100.000000
1838 0.183800 0.000000 10.173127 20.418772 30.822126 41.478882 52.476467 63.867288 75.645344 87.735398 100.000000
1839 0.183900 0.000000 10.175470 20.423195 30.828126 41.485762 52.483406 63.873440 75.649940 87.737854 100.000000
1840 0.184000 0.000000 10.177811 20.427614 30.834119 41.492633 52.490337 63.879584 75.654530 87.740306 100.000000
1841 0.184100 0.000000 10.180150 20.432028 30.840106 41.499497 52.497260 63.885721 75.659115 87.742756 100.000000
1842 0.184200 0.000000 10.182485 20.436437 30.846086 41.506353 52.504175 63.891851 75.663694 87.745203 100.000000
1843 0.184300 0.000000 10.184819 20.440841 30.852060 41.513201 52.511082 63.897973 75.668268 87.747647 100.000000
1844 0.184400 0.000000 10.187149 20.445240 30.858026 41.520041 52.517981 63.904089 75.672836 87.750088 100.000000
1845 0.184500 0.000000 10.189477 20.449635 30.863986 41.526873 52.524872 63.910196 75.677398 87.752526 100.000000
1846 0.184600 0.000000 10.191803 20.454025 30.869940 41.533698 52.531754 63.916297 75.681956 87.754961 100.000000
1847 0.184700 0.000000 10.194126 20.458410 30.875886 41.540515 52.538629 63.922390 75.686507 87.757393 100.000000
1848 0.184800 0.000000 10.196447 20.462790 30.881826 41.547324 52.545496 63.928476 75.691053 87.759822 100.000000
1849 0.184900 0.000000 10.198765 20.467165 30.887760 41.554125 52.552354 63.934555 75.695594 87.762248 100.000000
1850 0.185000 0.000000 10.201080 20.471535 30.893686 41.560918 52.559205 63.940627 75.700129 87.764671 100.000000
1851 0.185100 0.000000 10.203393 20.475901 30.899607 41.567704 52.566047 63.946691 75.704659 87.767091 100.000000
1852 0.185200 0.000000 10.205704 20.480261 30.905520 41.574481 52.572882 63.952749 75.709183 87.769508 100.000000
1853 0.185300 0.000000 10.208011 20.484617 30.911427 41.581252 52.579709 63.958799 75.713702 87.771922 100.000000
1854 0.185400 0.000000 10.210317 20.488968 30.917327 41.588014 52.586527 63.964841 75.718215 87.774333 100.000000
1855 0.185500 0.000000 10.212620 20.493315 30.923220 41.594768 52.593338 63.970877 75.722723 87.776742 100.000000
1856 0.185600 0.000000 10.214920 20.497656 30.929107 41.601515 52.600141 63.976905 75.727225 87.779147 100.000000
1857 0.185700 0.000000 10.217218 20.501993 30.934988 41.608254 52.606935 63.982927 75.731722 87.781550 100.000000
1858 0.185800 0.000000 10.219513 20.506325 30.940861 41.614986 52.613722 63.988941 75.736214 87.783949 100.000000
1859 0.185900 0.000000 10.221806 20.510652 30.946729 41.621710 52.620501 63.994947 75.740700 87.786346 100.000000
1860 0.186000 0.000000 10.224097 20.514974 30.952589 41.628426 52.627272 64.000947 75.745181 87.788739 100.000000
1861 0.186100 0.000000 10.226384 20.519292 30.958443 41.635134 52.634035 64.006940 75.749656 87.791130 100.000000
1862 0.186200 0.000000 10.228670 20.523605 30.964290 41.641834 52.640790 64.012925 75.754126 87.793518 100.000000
1863 0.186300 0.000000 10.230953 20.527913 30.970131 41.648527 52.647538 64.018904 75.758590 87.795903 100.000000
1864 0.186400 0.000000 10.233233 20.532216 30.975965 41.655213 52.654277 64.024875 75.763049 87.798285 100.000000
1865 0.186500 0.000000 10.235511 20.536515 30.981793 41.661890 52.661008 64.030839 75.767503 87.800664 100.000000
1866 0.186600 0.000000 10.237786 20.540809 30.987614 41.668560 52.667732 64.036796 75.771951 87.803040 100.000000
1867 0.186700 0.000000 10.240059 20.545098 30.993429 41.675222 52.674448 64.042746 75.776394 87.805414 100.000000
1868 0.186800 0.000000 10.242329 20.549382 30.999237 41.681877 52.681156 64.048689 75.780832 87.807784 100.000000
1869 0.186900 0.000000 10.244597 20.553661 31.005038 41.688524 52.687856 64.054625 75.785264 87.810152 100.000000
1870 0.187000 0.000000 10.246863 20.557936 31.010833 41.695163 52.694548 64.060553 75.789691 87.812516 100.000000
1871 0.187100 0.000000 10.249126 20.562206 31.016622 41.701795 52.701232 64.066475 75.794112 87.814878 100.000000
1872 0.187200 0.000000 10.251386 20.566471 31.022403 41.708419 52.707909 64.072389 75.798529 87.817237 100.000000
1873 0.187300 0.000000 10.253644 20.570732 31.028179 41.715036 52.714578 64.078297 75.802939 87.819593 100.000000
1874 0.187400 0.000000 10.255899 20.574988 31.033948 41.721645 52.721239 64.084197 75.807345 87.821946 100.000000
1875 0.187500 0.000000 10.258152 20.579239 31.039710 41.728246 52.727892 64.090091 75.811745 87.824296 100.000000
1876 0.187600 0.000000 10.260403 20.583485 31.045466 41.734840 52.734537 64.095977 75.816140 87.826644 100.000000
1877 0.187700 0.000000 10.262651 20.587727 31.051215 41.741426 52.741175 64.101857 75.820530 87.828988 100.000000
1878 0.187800 0.000000 10.264897 20.591964 31.056958 41.748005 52.747805 64.107729 75.824914 87.831330 100.000000
1879 0.187900 0.000000 10.267140 20.596196 31.062695 41.754576 52.754427 64.113595 75.829293 87.833669 100.000000
1880 0.188000 0.000000 10.269380 20.600424 31.068425 41.761140 52.761041 64.119453 75.833667 87.836005 100.000000
1881 0.188100 0.000000 10.271619 20.604647 31.074148 41.767696 52.767647 64.125305 75.838035 87.838338 100.000000
1882 0.188200 0.000000 10.273854 20.608865 31.079865 41.774244 52.774246 64.131149 75.842398 87.840668 100.000000
1883 0.188300 0.000000 10.276088 20.613079 31.085576 41.780785 52.780837 64.136987 75.846756 87.842996 100.000000
1884 0.188400 0.000000 10.278318 20.617288 31.091280 41.787319 52.787421 64.142817 75.851109 87.845321 100.000000
1885 0.188500 0.000000 10.280547 20.621492 31.096978 41.793845 52.793996 64.148641 75.855456 87.847642 100.000000
1886 0.188600 0.000000 10.282773 20.625691 31.102669 41.800363 52.800564 64.154458 75.859798 87.849961 100.000000
1887 0.188700 0.000000 10.284996 20.629886 31.108354 41.806874 52.807125 64.160267 75.864135 87.852278 100.000000
1888 0.188800 0.000000 10.287217 20.634076 31.114033 41.813377 52.813677 64.166070 75.868467 87.854591 100.000000
1889 0.188900 0.000000 10.289436 20.638262 31.119705 41.819873 52.820222 64.171866 75.872793 87.856901 100.000000
1890 0.189000 0.000000 10.291652 20.642443 31.125370 41.826362 52.826759 64.177655 75.877114 87.859209 100.000000
1891 0.189100 0.000000 10.293866 20.646619 31.131030 41.832843 52.833289 64.183437 75.881430 87.861514 100.000000
1892 0.189200 0.000000 10.296077 20.650790 31.136682 41.839317 52.839811 64.189213 75.885741 87.863816 100.000000
1893 0.189300 0.000000 10.298286 20.654957 31.142329 41.845783 52.846325 64.194981 75.890046 87.866116 100.000000
1894 0.189400 0.000000 10.300492 20.659119 31.147969 41.852241 52.852832 64.200743 75.894347 87.868412 100.000000
1895 0.189500 0.000000 10.302696 20.663277 31.153603 41.858693 52.859331 64.206497 75.898642 87.870706 100.000000
1896 0.189600 0.000000 10.304897 20.667430 31.159230 41.865136 52.865822 64.212245 75.902932 87.872997 100.000000
1897 0.189700 0.000000 10.307096 20.671578 31.164851 41.871573 52.872306 64.217986 75.907217 87.875285 100.000000
1898 0.189800 0.000000 10.309293 20.675722 31.170465 41.878002 52.878782 64.223720 75.911496 87.877570 100.000000
1899 0.189900 0.000000 10.311487 20.679861 31.176074 41.884424 52.885251 64.229447 75.915771 87.879853 100.000000
1900 0.190000 0.000000 10.313679 20.683996 31.181676 41.890838 52.891712 64.235168 75.920040 87.882132 100.000000
1901 0.190100 0.000000 10.315868 20.688125 31.187271 41.897245 52.898165 64.240881 75.924304 87.884409 100.000000
1902 0.190200 0.000000 10.318055 20.692251 31.192860 41.903644 52.904611 64.246588 75.928563 87.886684 100.000000
1903 0.190300 0.000000 10.320240 20.696371 31.198443 41.910036 52.911050 64.252288 75.932817 87.888955 100.000000
1904 0.190400 0.000000 10.322422 20.700487 31.204020 41.916421 52.917480 64.257981 75.937066 87.891224 100.000000
1905 0.190500 0.000000 10.324602 20.704599 31.209590 41.922798 52.923904 64.263668 75.941309 87.893490 100.000000
1906 0.190600 0.000000 10.326779 20.708706 31.215154 41.929168 52.930319 64.269348 75.945548 87.895753 100.000000
1907 0.190700 0.000000 10.328954 20.712808 31.220711 41.935531 52.936728 64.275020 75.949781 87.898013 100.000000
1908 0.190800 0.000000 10.331126 20.716906 31.226263 41.941886 52.943128 64.280687 75.954009 87.900271 100.000000
1909 0.190900 0.000000 10.333296 20.720999 31.231808 41.948234 52.949521 64.286346 75.958232 87.902526 100.000000
1910 0.191000 0.000000 10.335464 20.725087 31.237347 41.954575 52.955907 64.291999 75.962450 87.904778 100.000000
1911 0.191100 0.000000 10.337629 20.729171 31.242879 41.960908 52.962285 64.297644 75.966663 87.907028 100.000000
1912 0.191200 0.000000 10.339792 20.733251 31.248405 41.967234 52.968656 64.303284 75.970871 87.909274 100.000000
1913 0.191300 0.000000 10.341953 20.737325 31.253925 41.973553 52.975019 64.308916 75.975074 87.911518 100.000000
1914 0.191400 0.000000 10.344111 20.741396 31.259439 41.979864 52.981375 64.314542 75.979272 87.913760 100.000000
1915 0.191500 0.000000 10.346266 20.745461 31.264946 41.986169 52.987723 64.320161 75.983464 87.915998 100.000000
1916 0.191600 0.000000 10.348420 20.749523 31.270447 41.992466 52.994064 64.325773 75.987652 87.918234 100.000000
1917 0.191700 0.000000 10.350570 20.753579 31.275942 41.998755 53.000397 64.331379 75.991834 87.920467 100.000000
1918 0.191800 0.000000 10.352719 20.757631 31.281431 42.005038 53.006723 64.336978 75.996012 87.922697 100.000000
1919 0.191900 0.000000 10.354865 20.761679 31.286913 42.011313 53.013042 64.342570 76.000184 87.924925 100.000000
1920 0.192000 0.000000 10.357009 20.765722 31.292390 42.017581 53.019353 64.348156 76.004352 87.927150 100.000000
1921 0.192100 0.000000 10.359150 20.769760 31.297860 42.023841 53.025657 64.353734 76.008514 87.929372 100.000000
1922 0.192200 0.000000 10.361289 20.773794 31.303323 42.030095 53.031953 64.359307 76.012671 87.931592 100.000000
1923 0.192300 0.000000 10.363426 20.777824 31.308781 42.036341 53.038242 64.364872 76.016824 87.933808 100.000000
1924 0.192400 0.000000 10.365560 20.781848 31.314232 42.042580 53.044523 64.370431 76.020971 87.936023 100.000000
1925 0.192500 0.000000 10.367692 20.785869 31.319677 42.048812 53.050797 64.375984 76.025113 87.938234 100.000000
1926 0.192600 0.000000 10.369821 20.789885 31.325116 42.055036 53.057064 64.381530 76.029251 87.940443 100.000000
1927 0.192700 0.000000 10.371948 20.793896 31.330549 42.061254 53.063324 64.387069 76.033383 87.942649 100.000000
1928 0.192800 0.000000 10.374073 20.797903 31.335976 42.067464 53.069576 64.392601 76.037510 87.944852 100.000000
1929 0.192900 0.000000 10.376196 20.801905 31.341396 42.073667 53.075820 64.398127 76.041633 87.947053 100.000000
1930 0.193000 0.000000 10.378316 20.805903 31.346810 42.079863 53.082058 64.403647 76.045750 87.949251 100.000000
1931 0.193100 0.000000 10.380433 20.809897 31.352219 42.086051 53.088288 64.409159 76.049863 87.951446 100.000000
1932 0.193200 0.000000 10.382549 20.813885 31.357620 42.092233 53.094510 64.414665 76.053970 87.953639 100.000000
1933 0.193300 0.000000 10.384662 20.817870 31.363016 42.098407 53.100726 64.420165 76.058072 87.955829 100.000000
1934 0.193400 0.000000 10.386772 20.821850 31.368406 42.104575 53.106934 64.425658 76.062170 87.958016 100.000000
1935 0.193500 0.000000 10.388880 20.825825 31.373789 42.110735 53.113135 64.431145 76.066263 87.960201 100.000000
1936 0.193600 0.000000 10.390986 20.829796 31.379167 42.116888 53.119328 64.436625 76.070350 87.962383 100.000000
1937 0.193700 0.000000 10.393090 20.833763 31.384538 42.123034 53.125514 64.442098 76.074433 87.964562 100.000000
1938 0.193800 0.000000 10.395191 20.837725 31.389903 42.129172 53.131693 64.447565 76.078511 87.966739 100.000000
1939 0.193900 0.000000 10.397290 20.841683 31.395262 42.135304 53.137865 64.453025 76.082584 87.968913 100.000000
1940 0.194000 0.000000 10.399386 20.845636 31.400615 42.141429 53.144030 64.458479 76.086652 87.971085 100.000000
1941 0.194100 0.000000 10.401481 20.849584 31.405962 42.147546 53.150187 64.463927 76.090715 87.973253 100.000000
1942 0.194200 0.000000 10.403572 20.853529 31.411303 42.153657 53.156337 64.469368 76.094773 87.975420 100.000000
1943 0.194300 0.000000 10.405662 20.857469 31.416637 42.159760 53.162479 64.474802 76.098826 87.977583 100.000000
1944 0.194400 0.000000 10.407749 20.861404 31.421966 42.165856 53.168615 64.480230 76.102874 87.979744 100.000000
1945 0.194500 0.000000 10.409834 20.865335 31.427288 42.171945 53.174743 64.485651 76.106918 87.981902 100.000000
1946 0.194600 0.000000 10.411916 20.869261 31.432605 42.178028 53.180864 64.491066 76.110956 87.984058 100.000000
1947 0.194700 0.000000 10.413997 20.873184 31.437915 42.184103 53.186978 64.496475 76.114990 87.986211 100.000000
1948 0.194800 0.000000 10.416074 20.877101 31.443219 42.190171 53.193085 64.501877 76.119019 87.988361 100.000000
1949 0.194900 0.000000 10.418150 20.881014 31.448518 42.196232 53.199184 64.507272 76.123043 87.990509 100.000000
1950 0.195000 0.000000 10.420223 20.884923 31.453810 42.202286 53.205277 64.512661 76.127062 87.992654 100.000000
1951 0.195100 0.000000 10.422294 20.888828 31.459096 42.208333 53.211362 64.518044 76.131076 87.994797 100.000000
1952 0.195200 0.000000 10.424363 20.892728 31.464376 42.214373 53.217440 64.523420 76.135086 87.996937 100.000000
1953 0.195300 0.000000 10.426429 20.896624 31.469650 42.220406 53.223511 64.528790 76.139090 87.999074 100.000000
1954 0.195400 0.000000 10.428493 20.900515 31.474918 42.226432 53.229574 64.534154 76.143090 88.001209 100.000000
1955 0.195500 0.000000 10.430555 20.904402 31.480180 42.232451 53.235631 64.539511 76.147085 88.003341 100.000000
1956 0.195600 0.000000 10.432614 20.908284 31.485436 42.238463 53.241680 64.544862 76.151075 88.005471 100.000000
1957 0.195700 0.000000 10.434671 20.912162 31.490686 42.244468 53.247723 64.550206 76.155061 88.007598 100.000000
1958 0.195800 0.000000 10.436726 20.916036 31.495930 42.250466 53.253758 64.555544 76.159041 88.009722 100.000000
1959 0.195900 0.000000 10.438778 20.919905 31.501168 42.256457 53.259786 64.560875 76.163017 88.011844 100.000000
1960 0.196000 0.000000 10.440828 20.923770 31.506400 42.262442 53.265807 64.566201 76.166988 88.013963 100.000000
1961 0.196100 0.000000 10.442876 20.927631 31.511627 42.268419 53.271821 64.571519 76.170954 88.016080 100.000000
1962 0.196200 0.000000 10.444922 20.931487 31.516847 42.274389 53.277828 64.576832 76.174915 88.018194 100.000000
1963 0.196300 0.000000 10.446965 20.935339 31.522061 42.280353 53.283828 64.582138 76.178872 88.020306 100.000000
1964 0.196400 0.000000 10.449006 20.939187 31.527269 42.286309 53.289820 64.587438 76.182824 88.022415 100.000000
1965 0.196500 0.000000 10.451044 20.943030 31.532471 42.292259 53.295806 64.592731 76.186771 88.024521 100.000000
1966 0.196600 0.000000 10.453081 20.946869 31.537667 42.298201 53.301785 64.598019 76.190713 88.026625 100.000000
1967 0.196700 0.000000 10.455115 20.950703 31.542858 42.304137 53.307756 64.603299 76.194650 88.028726 100.000000
1968 0.196800 0.000000 10.457147 20.954533 31.548042 42.310066 53.313721 64.608574 76.198583 88.030825 100.000000
1969 0.196900 0.000000 10.459176 20.958359 31.553220 42.315988 53.319678 64.613842 76.202511 88.032921 100.000000
1970 0.197000 0.000000 10.461203 20.962181 31.558393 42.321903 53.325629 64.619104 76.206434 88.035015 100.000000
1971 0.197100 0.000000 10.463228 20.965998 31.563559 42.327812 53.331572 64.624360 76.210353 88.037106 100.000000
1972 0.197200 0.000000 10.465251 20.969811 31.568720 42.333713 53.337509 64.629609 76.214267 88.039195 100.000000
1973 0.197300 0.000000 10.467272 20.973619 31.573875 42.339607 53.343438 64.634852 76.218176 88.041281 100.000000
1974 0.197400 0.000000 10.469290 20.977423 31.579024 42.345495 53.349360 64.640089 76.222080 88.043364 100.000000
1975 0.197500 0.000000 10.471306 20.981223 31.584167 42.351376 53.355276 64.645320 76.225980 88.045445 100.000000
1976 0.197600 0.000000 10.473319 20.985019 31.589304 42.357250 53.361185 64.650544 76.229875 88.047524 100.000000
1977 0.197700 0.000000 10.475331 20.988810 31.594435 42.363117 53.367086 64.655763 76.233765 88.049600 100.000000
1978 0.197800 0.000000 10.477340 20.992597 31.599560 42.368978 53.372981 64.660974 76.237650 88.051673 100.000000
1979 0.197900 0.000000 10.479346 20.996380 31.604679 42.374831 53.378868 64.666180 76.241531 88.053744 100.000000
1980 0.198000 0.000000 10.481351 21.000158 31.609793 42.380678 53.384749 64.671380 76.245407 88.055812 100.000000
1981 0.198100 0.000000 10.483353 21.003933 31.614901 42.386518 53.390623 64.676573 76.249279 88.057878 100.000000
1982 0.198200 0.000000 10.485353 21.007702 31.620002 42.392351 53.396490 64.681760 76.253146 88.059942 100.000000
1983 0.198300 0.000000 10.487351 21.011468 31.625098 42.398178 53.402350 64.686941 76.257008 88.062002 100.000000
1984 0.198400 0.000000 10.489347 21.015229 31.630189 42.403997 53.408203 64.692116 76.260865 88.064061 100.000000
1985 0.198500 0.000000 10.491340 21.018986 31.635273 42.409810 53.414049 64.697284 76.264718 88.066117 100.000000
1986 0.198600 0.000000 10.493331 21.022739 31.640351 42.415616 53.419888 64.702446 76.268567 88.068170 100.000000
1987 0.198700 0.000000 10.495320 21.026488 31.645424 42.421416 53.425721 64.707603 76.272410 88.070221 100.000000
1988 0.198800 0.000000 10.497307 21.030232 31.650491 42.427208 53.431546 64.712753 76.276249 88.072269 100.000000
1989 0.198900 0.000000 10.499291 21.033972 31.655552 42.432994 53.437365 64.717897 76.280083 88.074315 100.000000
1990 0.199000 0.000000 10.501273 21.037708 31.660607 42.438773 53.443176 64.723034 76.283913 88.076358 100.000000
1991 0.199100 0.000000 10.503253 21.041439 31.665656 42.444546 53.448981 64.728166 76.287738 88.078399 100.000000
1992 0.199200 0.000000 10.505231 21.045167 31.670700 42.450311 53.454779 64.733291 76.291558 88.080438 100.000000
1993 0.199300 0.000000 10.507206 21.048890 31.675737 42.456070 53.460571 64.738411 76.295374 88.082474 100.000000
1994 0.199400 0.000000 10.509179 21.052609 31.680769 42.461823 53.466355 64.743524 76.299186 88.084507 100.000000
1995 0.199500 0.000000 10.511150 21.056323 31.685796 42.467568 53.472133 64.748631 76.302992 88.086538 100.000000
1996 0.199600 0.000000 10.513119 21.060033 31.690816 42.473307 53.477903 64.753732 76.306794 88.088567 100.000000
1997 0.199700 0.000000 10.515085 21.063740 31.695831 42.479040 53.483667 64.758827 76.310592 88.090593 100.000000
1998 0.199800 0.000000 10.517050 21.067442 31.700840 42.484765 53.489424 64.763916 76.314384 88.092616 100.000000
1999 0.199900 0.000000 10.519012 21.071139 31.705843 42.490484 53.495175 64.768998 76.318173 88.094638 100.000000
2000 0.200000 0.000000 10.520972 21.074833 31.710840 42.496196 53.500918 64.774075 76.321956 88.096656 100.000000
2001 0.200100 0.000000 10.522929 21.078522 31.715832 42.501902 53.506655 64.779146 76.325736 88.098673 100.000000
2002 0.200200 0.000000 10.524885 21.082207 31.720818 42.507601 53.512385 64.784210 76.329510 88.100686 100.000000
2003 0.200300 0.000000 10.526838 21.085888 31.725798 42.513293 53.518108 64.789269 76.333280 88.102698 100.000000
2004 0.200400 0.000000 10.528789 21.089565 31.730772 42.518979 53.523825 64.794321 76.337046 88.104707 100.000000
2005 0.200500 0.000000 10.530738 21.093238 31.735741 42.524658 53.529534 64.799368 76.340807 88.106713 100.000000
2006 0.200600 0.000000 10.532684 21.096906 31.740704 42.530330 53.535237 64.804408 76.344563 88.108717 100.000000
2007 0.200700 0.000000 10.534629 21.100570 31.745661 42.535996 53.540934 64.809443 76.348315 88.110719 100.000000
2008 0.200800 0.000000 10.536571 21.104230 31.750613 42.541655 53.546623 64.814471 76.352062 88.112718 100.000000
2009 0.200900 0.000000 10.538511 21.107886 31.755558 42.547308 53.552306 64.819493 76.355805 88.114715 100.000000
2010 0.201000 0.000000 10.540449 21.111538 31.760499 42.552954 53.557982 64.824510 76.359544 88.116709 100.000000
2011 0.201100 0.000000 10.542384 21.115185 31.765433 42.558593 53.563652 64.829520 76.363277 88.118701 100.000000
2012 0.201200 0.000000 10.544318 21.118829 31.770362 42.564226 53.569314 64.834524 76.367007 88.120691 100.000000
2013 0.201300 0.000000 10.546249 21.122468 31.775285 42.569852 53.574970 64.839523 76.370731 88.122678 100.000000
2014 0.201400 0.000000 10.548178 21.126103 31.780202 42.575472 53.580620 64.844515 76.374452 88.124662 100.000000
2015 0.201500 0.000000 10.550105 21.129734 31.785114 42.581085 53.586262 64.849502 76.378168 88.126645 100.000000
2016 0.201600 0.000000 10.552029 21.133361 31.790020 42.586692 53.591898 64.854482 76.381879 88.128625 100.000000
2017 0.201700 0.000000 10.553952 21.136983 31.794921 42.592292 53.597528 64.859457 76.385586 88.130602 100.000000
2018 0.201800 0.000000 10.555872 21.140602 31.799816 42.597885 53.603150 64.864425 76.389288 88.132577 100.000000
2019 0.201900 0.000000 10.557790 21.144216 31.804705 42.603472 53.608766 64.869388 76.392986 88.134550 100.000000
2020 0.202000 0.000000 10.559706 21.147826 31.809588 42.609053 53.614376 64.874345 76.396680 88.136520 100.000000
2021 0.202100 0.000000 10.561620 21.151432 31.814466 42.614627 53.619979 64.879295 76.400369 88.138488 100.000000
2022 0.202200 0.000000 10.563532 21.155034 31.819338 42.620194 53.625575 64.884240 76.404053 88.140453 100.000000
2023 0.202300 0.000000 10.565441 21.158632 31.824205 42.625755 53.631164 64.889179 76.407733 88.142417 100.000000
2024 0.202400 0.000000 10.567348 21.162226 31.829066 42.631310 53.636747 64.894112 76.411409 88.144377 100.000000
2025 0.202500 0.000000 10.569253 21.165816 31.833922 42.636858 53.642324 64.899039 76.415080 88.146336 100.000000
2026 0.202600 0.000000 10.571156 21.169401 31.838771 42.642400 53.647893 64.903961 76.418747 88.148292 100.000000
2027 0.202700 0.000000 10.573057 21.172983 31.843616 42.647935 53.653456 64.908876 76.422409 88.150245 100.000000
2028 0.202800 0.000000 10.574956 21.176560 31.848454 42.653463 53.659013 64.913786 76.426067 88.152196 100.000000
2029 0.202900 0.000000 10.576852 21.180134 31.853287 42.658985 53.664563 64.918689 76.429721 88.154145 100.000000
2030 0.203000 0.000000 10.578747 21.183703 31.858115 42.664501 53.670107 64.923587 76.433370 88.156092 100.000000
2031 0.203100 0.000000 10.580639 21.187268 31.862937 42.670010 53.675643 64.928479 76.437015 88.158036 100.000000
2032 0.203200 0.000000 10.582529 21.190829 31.867753 42.675513 53.681174 64.933365 76.440655 88.159978 100.000000
2033 0.203300 0.000000 10.584417 21.194386 31.872564 42.681010 53.686698 64.938245 76.444291 88.161917 100.000000
2034 0.203400 0.000000 10.586302 21.197939 31.877369 42.686499 53.692215 64.943120 76.447923 88.163854 100.000000
2035 0.203500 0.000000 10.588186 21.201488 31.882169 42.691983 53.697726 64.947988 76.451550 88.165789 100.000000
2036 0.203600 0.000000 10.590067 21.205032 31.886963 42.697460 53.703230 64.952851 76.455173 88.167721 100.000000
2037 0.203700 0.000000 10.591947 21.208573 31.891752 42.702931 53.708728 64.957708 76.458791 88.169651 100.000000
2038 0.203800 0.000000 10.593824 21.212110 31.896535 42.708395 53.714219 64.962559 76.462405 88.171579 100.000000
2039 0.203900 0.000000 10.595699 21.215642 31.901312 42.713853 53.719704 64.967405 76.466015 88.173504 100.000000
2040 0.204000 0.000000 10.597572 21.219171 31.906084 42.719305 53.725182 64.972244 76.469621 88.175427 100.000000
2041 0.204100 0.000000 10.599443 21.222696 31.910851 42.724750 53.730654 64.977078 76.473222 88.177348 100.000000
2042 0.204200 0.000000 10.601311 21.226216 31.915612 42.730189 53.736119 64.981906 76.476818 88.179266 100.000000
2043 0.204300 0.000000 10.603178 21.229733 31.920367 42.735621 53.741578 64.986728 76.480411 88.181182 100.000000
2044 0.204400 0.000000 10.605042 21.233245 31.925117 42.741048 53.747030 64.991544 76.483999 88.183096 100.000000
2045 0.204500 0.000000 10.606904 21.236753 31.929862 42.746467 53.752476 64.996355 76.487582 88.185008 100.000000
2046 0.204600 0.000000 10.608764 21.240258 31.934601 42.751881 53.757916 65.001160 76.491162 88.186917 100.000000
2047 0.204700 0.000000 10.610622 21.243758 31.939334 42.757288 53.763349 65.005959 76.494737 88.188823 100.000000
2048 0.204800 0.000000 10.612478 21.247255 31.944062 42.762689 53.768775 65.010753 76.498307 88.190728 100.000000
2049 0.204900 0.000000 10.614332 21.250747 31.948785 42.768083 53.774195 65.015540 76.501874 88.192630 100.000000
2050 0.205000 0.000000 10.616184 21.254235 31.953502 42.773471 53.779609 65.020322 76.505436 88.194530 100.000000
2051 0.205100 0.000000 10.618033 21.257720 31.958213 42.778853 53.785017 65.025098 76.508994 88.196427 100.000000
2052 0.205200 0.000000 10.619881 21.261200 31.962920 42.784229 53.790418 65.029869 76.512547 88.198322 100.000000
2053 0.205300 0.000000 10.621726 21.264676 31.967620 42.789598 53.795812 65.034634 76.516097 88.200215 100.000000
2054 0.205400 0.000000 10.623569 21.268149 31.972316 42.794961 53.801200 65.039393 76.519642 88.202106 100.000000
2055 0.205500 0.000000 10.625411 21.271617 31.977006 42.800318 53.806582 65.044146 76.523182 88.203994 100.000000
2056 0.205600 0.000000 10.627250 21.275082 31.981690 42.805668 53.811958 65.048894 76.526719 88.205880 100.000000
2057 0.205700 0.000000 10.629086 21.278542 31.986369 42.811012 53.817327 65.053636 76.530251 88.207764 100.000000
2058 0.205800 0.000000 10.630921 21.281998 31.991043 42.816350 53.822689 65.058373 76.533779 88.209646 100.000000
2059 0.205900 0.000000 10.632754 21.285451 31.995711 42.821682 53.828046 65.063103 76.537302 88.211525 100.000000
2060 0.206000 0.000000 10.634585 21.288899 32.000373 42.827007 53.833396 65.067828 76.540822 88.213402 100.000000
2061 0.206100 0.000000 10.636413 21.292344 32.005031 42.832326 53.838739 65.072548 76.544337 88.215276 100.000000
2062 0.206200 0.000000 10.638240 21.295785 32.009683 42.837639 53.844077 65.077262 76.547848 88.217149 100.000000
2063 0.206300 0.000000 10.640064 21.299221 32.014329 42.842946 53.849408 65.081970 76.551354 88.219019 100.000000
2064 0.206400 0.000000 10.641886 21.302654 32.018971 42.848247 53.854733 65.086672 76.554857 88.220886 100.000000
2065 0.206500 0.000000 10.643707 21.306083 32.023606 42.853541 53.860051 65.091369 76.558355 88.222752 100.000000
2066 0.206600 0.000000 10.645525 21.309508 32.028237 42.858829 53.865363 65.096060 76.561849 88.224615 100.000000
2067 0.206700 0.000000 10.647341 21.312928 32.032862 42.864111 53.870669 65.100746 76.565339 88.226476 100.000000
2068 0.206800 0.000000 10.649155 21.316345 32.037481 42.869387 53.875968 65.105426 76.568824 88.228335 100.000000
2069 0.206900 0.000000 10.650967 21.319758 32.042096 42.874656 53.881262 65.110100 76.572306 88.230192 100.000000
2070 0.207000 0.000000 10.652777 21.323168 32.046705 42.879919 53.886549 65.114769 76.575783 88.232046 100.000000
2071 0.207100 0.000000 10.654584 21.326573 32.051308 42.885177 53.891829 65.119433 76.579256 88.233898 100.000000
2072 0.207200 0.000000 10.656390 21.329974 32.055907 42.890428 53.897104 65.124090 76.582725 88.235748 100.000000
2073 0.207300 0.000000 10.658194 21.333371 32.060500 42.895672 53.902372 65.128742 76.586189 88.237595 100.000000
2074 0.207400 0.000000 10.659995 21.336765 32.065087 42.900911 53.907634 65.133389 76.589650 88.239440 100.000000
2075 0.207500 0.000000 10.661795 21.340154 32.069670 42.906144 53.912890 65.138030 76.593106 88.241283 100.000000
2076 0.207600 0.000000 10.663592 21.343540 32.074247 42.911370 53.918139 65.142665 76.596558 88.243124 100.000000
2077 0.207700 0.000000 10.665388 21.346922 32.078818 42.916590 53.923383 65.147295 76.600006 88.244963 100.000000
2078 0.207800 0.000000 10.667181 21.350299 32.083385 42.921805 53.928620 65.151919 76.603450 88.246799 100.000000
2079 0.207900 0.000000 10.668972 21.353673 32.087946 42.927013 53.933851 65.156538 76.606889 88.248633 100.000000
2080 0.208000 0.000000 10.670761 21.357043 32.092501 42.932215 53.939075 65.161151 76.610325 88.250465 100.000000
2081 0.208100 0.000000 10.672549 21.360410 32.097052 42.937410 53.944294 65.165759 76.613756 88.252295 100.000000
2082 0.208200 0.000000 10.674334 21.363772 32.101597 42.942600 53.949506 65.170361 76.617183 88.254122 100.000000
2083 0.208300 0.000000 10.676117 21.367130 32.106137 42.947784 53.954712 65.174958 76.620606 88.255948 100.000000
2084 0.208400 0.000000 10.677898 21.370485 32.110672 42.952961 53.959912 65.179549 76.624025 88.257771 100.000000
2085 0.208500 0.000000 10.679677 21.373836 32.115201 42.958133 53.965106 65.184135 76.627440 88.259592 100.000000
2086 0.208600 0.000000 10.681454 21.377182 32.119725 42.963298 53.970293 65.188715 76.630850 88.261410 100.000000
2087 0.208700 0.000000 10.683229 21.380525 32.124244 42.968458 53.975475 65.193290 76.634257 88.263227 100.000000
2088 0.208800 0.000000 10.685002 21.383864 32.128757 42.973611 53.980650 65.197859 76.637659 88.265041 100.000000
2089 0.208900 0.000000 10.686773 21.387200 32.133266 42.978758 53.985819 65.202423 76.641058 88.266853 100.000000
2090 0.209000 0.000000 10.688541 21.390531 32.137769 42.983900 53.990982 65.206981 76.644452 88.268663 100.000000
2091 0.209100 0.000000 10.690308 21.393859 32.142267 42.989035 53.996139 65.211534 76.647842 88.270470 100.000000
2092 0.209200 0.000000 10.692073 21.397182 32.146759 42.994164 54.001290 65.216081 76.651228 88.272276 100.000000
2093 0.209300 0.000000 10.693836 21.400502 32.151247 42.999287 54.006435 65.220623 76.654610 88.274079 100.000000
2094 0.209400 0.000000 10.695596 21.403818 32.155729 43.004404 54.011573 65.225160 76.657988 88.275880 100.000000
2095 0.209500 0.000000 10.697355 21.407131 32.160206 43.009515 54.016706 65.229691 76.661362 88.277679 100.000000
2096 0.209600 0.000000 10.699112 21.410439 32.164678 43.014620 54.021832 65.234217 76.664731 88.279475 100.000000
2097 0.209700 0.000000 10.700866 21.413744 32.169144 43.019719 54.026952 65.238737 76.668097 88.281270 100.000000
2098 0.209800 0.000000 10.702619 21.417044 32.173606 43.024813 54.032067 65.243252 76.671459 88.283062 100.000000
2099 0.209900 0.000000 10.704370 21.420341 32.178062 43.029900 54.037175 65.247761 76.674816 88.284852 100.000000
2100 0.210000 0.000000 10.706118 21.423635 32.182513 43.034981 54.042277 65.252265 76.678170 88.286640 100.000000
2101 0.210100 0.000000 10.707865 21.426924 32.186958 43.040056 54.047373 65.256764 76.681519 88.288426 100.000000
2102 0.210200 0.000000 10.709609 21.430210 32.191399 43.045125 54.052463 65.261257 76.684864 88.290210 100.000000
2103 0.210300 0.000000 10.711352 21.433491 32.195835 43.050189 54.057547 65.265745 76.688206 88.291991 100.000000
2104 0.210400 0.000000 10.713093 21.436769 32.200265 43.055246 54.062625 65.270228 76.691543 88.293771 100.000000
2105 0.210500 0.000000 10.714831 21.440043 32.204690 43.060297 54.067697 65.274705 76.694876 88.295548 100.000000
2106 0.210600 0.000000 10.716568 21.443314 32.209110 43.065343 54.072763 65.279176 76.698206 88.297323 100.000000
2107 0.210700 0.000000 10.718302 21.446580 32.213525 43.070382 54.077822 65.283643 76.701531 88.299096 100.000000
2108 0.210800 0.000000 10.720035 21.449843 32.217934 43.075416 54.082876 65.288104 76.704852 88.300867 100.000000
2109 0.210900 0.000000 10.721766 21.453102 32.222339 43.080443 54.087924 65.292560 76.708169 88.302635 100.000000
2110 0.211000 0.000000 10.723494 21.456358 32.226738 43.085465 54.092966 65.297010 76.711483 88.304402 100.000000
2111 0.211100 0.000000 10.725221 21.459609 32.231133 43.090481 54.098002 65.301455 76.714792 88.306166 100.000000
2112 0.211200 0.000000 10.726946 21.462857 32.235522 43.095491 54.103032 65.305895 76.718097 88.307928 100.000000
2113 0.211300 0.000000 10.728668 21.466101 32.239906 43.100495 54.108056 65.310329 76.721399 88.309688 100.000000
2114 0.211400 0.000000 10.730389 21.469341 32.244285 43.105493 54.113074 65.314758 76.724696 88.311446 100.000000
2115 0.211500 0.000000 10.732108 21.472578 32.248659 43.110485 54.118086 65.319182 76.727989 88.313202 100.000000
2116 0.211600 0.000000 10.733824 21.475811 32.253027 43.115472 54.123092 65.323600 76.731278 88.314955 100.000000
2117 0.211700 0.000000 10.735539 21.479040 32.257391 43.120452 54.128092 65.328014 76.734564 88.316707 100.000000
2118 0.211800 0.000000 10.737252 21.482265 32.261750 43.125427 54.133086 65.332421 76.737845 88.318456 100.000000
2119 0.211900 0.000000 10.738963 21.485486 32.266103 43.130396 54.138074 65.336824 76.741123 88.320204 100.000000
2120 0.212000 0.000000 10.740671 21.488704 32.270451 43.135359 54.143056 65.341221 76.744396 88.321949 100.000000
2121 0.212100 0.000000 10.742378 21.491918 32.274795 43.140316 54.148033 65.345614 76.747666 88.323692 100.000000
2122 0.212200 0.000000 10.744083 21.495129 32.279133 43.145267 54.153003 65.350000 76.750931 88.325433 100.000000
2123 0.212300 0.000000 10.745786 21.498335 32.283466 43.150213 54.157968 65.354382 76.754193 88.327171 100.000000
2124 0.212400 0.000000 10.747487 21.501538 32.287794 43.155152 54.162927 65.358758 76.757451 88.328908 100.000000
2125 0.212500 0.000000 10.749186 21.504738 32.292117 43.160086 54.167879 65.363129 76.760704 88.330643 100.000000
2126 0.212600 0.000000 10.750883 21.507933 32.296436 43.165014 54.172826 65.367495 76.763954 88.332375 100.000000
2127 0.212700 0.000000 10.752578 21.511125 32.300749 43.169936 54.177767 65.371856 76.767200 88.334106 100.000000
2128 0.212800 0.000000 10.754271 21.514313 32.305056 43.174853 54.182702 65.376211 76.770442 88.335834 100.000000
2129 0.212900 0.000000 10.755962 21.517498 32.309359 43.179763 54.187632 65.380561 76.773680 88.337560 100.000000
2130 0.213000 0.000000 10.757652 21.520678 32.313657 43.184668 54.192555 65.384906 76.776915 88.339284 100.000000
2131 0.213100 0.000000 10.759339 21.523855 32.317950 43.189567 54.197473 65.389246 76.780145 88.341006 100.000000
2132 0.213200 0.000000 10.761024 21.527029 32.322238 43.194461 54.202384 65.393580 76.783371 88.342726 100.000000
2133 0.213300 0.000000 10.762708 21.530198 32.326521 43.199348 54.207290 65.397910 76.786594 88.344444 100.000000
2134 0.213400 0.000000 10.764389 21.533364 32.330799 43.204230 54.212190 65.402234 76.789813 88.346160 100.000000
2135 0.213500 0.000000 10.766068 21.536527 32.335072 43.209106 54.217085 65.406553 76.793027 88.347874 100.000000
2136 0.213600 0.000000 10.767746 21.539685 32.339340 43.213976 54.221973 65.410866 76.796238 88.349585 100.000000
2137 0.213700 0.000000 10.769422 21.542840 32.343602 43.218841 54.226856 65.415175 76.799445 88.351295 100.000000
2138 0.213800 0.000000 10.771095 21.545992 32.347860 43.223700 54.231732 65.419479 76.802648 88.353002 100.000000
2139 0.213900 0.000000 10.772767 21.549140 32.352113 43.228553 54.236603 65.423777 76.805848 88.354708 100.000000
2140 0.214000 0.000000 10.774437 21.552284 32.356361 43.233400 54.241469 65.428070 76.809043 88.356411 100.000000
2141 0.214100 0.000000 10.776105 21.555424 32.360604 43.238242 54.246328 65.432358 76.812234 88.358112 100.000000
2142 0.214200 0.000000 10.777771 21.558561 32.364842 43.243078 54.251182 65.436641 76.815422 88.359811 100.000000
2143 0.214300 0.000000 10.779435 21.561694 32.369075 43.247908 54.256029 65.440918 76.818606 88.361509 100.000000
2144 0.214400 0.000000 10.781097 21.564823 32.373304 43.252732 54.260872 65.445191 76.821786 88.363204 100.000000
2145 0.214500 0.000000 10.782757 21.567949 32.377527 43.257551 54.265708 65.449459 76.824962 88.364897 100.000000
2146 0.214600 0.000000 10.784415 21.571071 32.381745 43.262364 54.270538 65.453721 76.828134 88.366588 100.000000
2147 0.214700 0.000000 10.786072 21.574190 32.385958 43.267172 54.275363 65.457978 76.831303 88.368277 100.000000
2148 0.214800 0.000000 10.787726 21.577305 32.390167 43.271974 54.280182 65.462230 76.834468 88.369964 100.000000
2149 0.214900 0.000000 10.789379 21.580416 32.394370 43.276770 54.284996 65.466477 76.837629 88.371648 100.000000
2150 0.215000 0.000000 10.791029 21.583524 32.398569 43.281561 54.289803 65.470719 76.840786 88.373331 100.000000
2151 0.215100 0.000000 10.792678 21.586628 32.402762 43.286345 54.294605 65.474956 76.843939 88.375012 100.000000
2152 0.215200 0.000000 10.794325 21.589728 32.406951 43.291125 54.299402 65.479188 76.847088 88.376691 100.000000
2153 0.215300 0.000000 10.795970 21.592825 32.411135 43.295898 54.304192 65.483414 76.850234 88.378367 100.000000
2154 0.215400 0.000000 10.797613 21.595919 32.415314 43.300666 54.308977 65.487636 76.853376 88.380042 100.000000
2155 0.215500 0.000000 10.799254 21.599008 32.419488 43.305428 54.313756 65.491853 76.856514 88.381715 100.000000
2156 0.215600 0.000000 10.800893 21.602094 32.423657 43.310185 54.318530 65.496064 76.859648 88.383385 100.000000
2157 0.215700 0.000000 10.802530 21.605177 32.427821 43.314936 54.323297 65.500271 76.862779 88.385054 100.000000
2158 0.215800 0.000000 10.804165 21.608256 32.431981 43.319682 54.328059 65.504472 76.865905 88.386720 100.000000
2159 0.215900 0.000000 10.805799 21.611331 32.436135 43.324422 54.332816 65.508668 76.869028 88.388385 100.000000
2160 0.216000 0.000000 10.807431 21.614403 32.440285 43.329156 54.337566 65.512860 76.872147 88.390047 100.000000
2161 0.216100 0.000000 10.809060 21.617471 32.444430 43.333885 54.342312 65.517046 76.875263 88.391708 100.000000
2162 0.216200 0.000000 10.810688 21.620536 32.448570 43.338608 54.347051 65.521227 76.878374 88.393367 100.000000
2163 0.216300 0.000000 10.812314 21.623597 32.452705 43.343325 54.351785 65.525404 76.881482 88.395023 100.000000
2164 0.216400 0.000000 10.813938 21.626654 32.456835 43.348037 54.356513 65.529575 76.884586 88.396677 100.000000
2165 0.216500 0.000000 10.815560 21.629708 32.460961 43.352744 54.361236 65.533741 76.887687 88.398330 100.000000
2166 0.216600 0.000000 10.817181 21.632759 32.465081 43.357445 54.365952 65.537902 76.890783 88.399980 100.000000
2167 0.216700 0.000000 10.818799 21.635806 32.469197 43.362140 54.370664 65.542059 76.893876 88.401629 100.000000
2168 0.216800 0.000000 10.820415 21.638849 32.473308 43.366830 54.375369 65.546210 76.896965 88.403275 100.000000
2169 0.216900 0.000000 10.822030 21.641889 32.477414 43.371514 54.380070 65.550356 76.900051 88.404920 100.000000
2170 0.217000 0.000000 10.823643 21.644925 32.481515 43.376193 54.384764 65.554498 76.903133 88.406562 100.000000
2171 0.217100 0.000000 10.825254 21.647957 32.485612 43.380866 54.389453 65.558634 76.906211 88.408203 100.000000
2172 0.217200 0.000000 10.826863 21.650987 32.489703 43.385533 54.394136 65.562765 76.909285 88.409841 100.000000
2173 0.217300 0.000000 10.828470 21.654012 32.493790 43.390195 54.398814 65.566892 76.912355 88.411478 100.000000
2174 0.217400 0.000000 10.830075 21.657034 32.497872 43.394852 54.403486 65.571013 76.915422 88.413112 100.000000
2175 0.217500 0.000000 10.831679 21.660053 32.501950 43.399503 54.408153 65.575130 76.918485 88.414745 100.000000
2176 0.217600 0.000000 10.833280 21.663068 32.506022 43.404149 54.412814 65.579242 76.921545 88.416376 100.000000
2177 0.217700 0.000000 10.834880 21.666079 32.510090 43.408789 54.417469 65.583348 76.924601 88.418004 100.000000
2178 0.217800 0.000000 10.836478 21.669087 32.514153 43.413424 54.422119 65.587450 76.927653 88.419631 100.000000
2179 0.217900 0.000000 10.838074 21.672092 32.518211 43.418053 54.426764 65.591547 76.930701 88.421256 100.000000
2180 0.218000 0.000000 10.839668 21.675093 32.522265 43.422677 54.431403 65.595639 76.933746 88.422878 100.000000
2181 0.218100 0.000000 10.841260 21.678090 32.526314 43.427295 54.436036 65.599726 76.936787 88.424499 100.000000
2182 0.218200 0.000000 10.842851 21.681084 32.530358 43.431908 54.440664 65.603808 76.939824 88.426118 100.000000
2183 0.218300 0.000000 10.844440 21.684075 32.534397 43.436515 54.445286 65.607885 76.942858 88.427735 100.000000
2184 0.218400 0.000000 10.846026 21.687062 32.538431 43.441117 54.449903 65.611957 76.945888 88.429349 100.000000
2185 0.218500 0.000000 10.847611 21.690046 32.542461 43.445713 54.454514 65.616025 76.948915 88.430962 100.000000
2186 0.218600 0.000000 10.849194 21.693026 32.546486 43.450304 54.459120 65.620087 76.951937 88.432573 100.000000
2187 0.218700 0.000000 10.850776 21.696002 32.550506 43.454890 54.463721 65.624145 76.954956 88.434182 100.000000
2188 0.218800 0.000000 10.852355 21.698975 32.554522 43.459470 54.468315 65.628198 76.957972 88.435789 100.000000
2189 0.218900 0.000000 10.853933 21.701945 32.558533 43.464045 54.472905 65.632246 76.960984 88.437394 100.000000
2190 0.219000 0.000000 10.855508 21.704911 32.562539 43.468614 54.477489 65.636289 76.963992 88.438998 100.000000
2191 0.219100 0.000000 10.857082 21.707874 32.566540 43.473178 54.482067 65.640327 76.966996 88.440599 100.000000
2192 0.219200 0.000000 10.858654 21.710833 32.570537 43.477736 54.486640 65.644361 76.969997 88.442198 100.000000
2193 0.219300 0.000000 10.860225 21.713789 32.574529 43.482290 54.491208 65.648389 76.972995 88.443795 100.000000
2194 0.219400 0.000000 10.861793 21.716741 32.578516 43.486837 54.495770 65.652413 76.975988 88.445391 100.000000
2195 0.219500 0.000000 10.863360 21.719690 32.582499 43.491380 54.500326 65.656432 76.978978 88.446984 100.000000
2196 0.219600 0.000000 10.864924 21.722636 32.586477 43.495917 54.504878 65.660446 76.981965 88.448576 100.000000
2197 0.219700 0.000000 10.866487 21.725578 32.590450 43.500448 54.509424 65.664455 76.984948 88.450165 100.000000
2198 0.219800 0.000000 10.868048 21.728516 32.594419 43.504975 54.513964 65.668459 76.987927 88.451753 100.000000
2199 0.219900 0.000000 10.869608 21.731451 32.598383 43.509496 54.518499 65.672459 76.990903 88.453339 100.000000
2200 0.220000 0.000000 10.871165 21.734383 32.602342 43.514011 54.523028 65.676454 76.993875 88.454923 100.000000
2201 0.220100 0.000000 10.872721 21.737311 32.606297 43.518521 54.527553 65.680444 76.996843 88.456505 100.000000
2202 0.220200 0.000000 10.874275 21.740236 32.610247 43.523026 54.532071 65.684429 76.999808 88.458085 100.000000
2203 0.220300 0.000000 10.875827 21.743158 32.614193 43.527526 54.536585 65.688409 77.002769 88.459663 100.000000
2204 0.220400 0.000000 10.877377 21.746076 32.618133 43.532020 54.541093 65.692385 77.005727 88.461239 100.000000
2205 0.220500 0.000000 10.878926 21.748990 32.622069 43.536509 54.545595 65.696356 77.008681 88.462813 100.000000
2206 0.220600 0.000000 10.880472 21.751902 32.626001 43.540992 54.550093 65.700322 77.011632 88.464385 100.000000
2207 0.220700 0.000000 10.882017 21.754810 32.629928 43.545471 54.554585 65.704284 77.014579 88.465956 100.000000
2208 0.220800 0.000000 10.883560 21.757714 32.633850 43.549944 54.559071 65.708240 77.017522 88.467524 100.000000
2209 0.220900 0.000000 10.885101 21.760615 32.637768 43.554411 54.563552 65.712192 77.020462 88.469091 100.000000
2210 0.221000 0.000000 10.886641 21.763513 32.641681 43.558874 54.568028 65.716139 77.023399 88.470656 100.000000
2211 0.221100 0.000000 10.888179 21.766407 32.645589 43.563331 54.572499 65.720081 77.026332 88.472219 100.000000
2212 0.221200 0.000000 10.889715 21.769298 32.649493 43.567783 54.576964 65.724019 77.029261 88.473780 100.000000
2213 0.221300 0.000000 10.891249 21.772185 32.653392 43.572229 54.581424 65.727952 77.032187 88.475339 100.000000
2214 0.221400 0.000000 10.892781 21.775069 32.657287 43.576670 54.585878 65.731880 77.035109 88.476896 100.000000
2215 0.221500 0.000000 10.894311 21.777950 32.661177 43.581107 54.590327 65.735804 77.038028 88.478451 100.000000
2216 0.221600 0.000000 10.895840 21.780827 32.665063 43.585537 54.594771 65.739722 77.040943 88.480005 100.000000
2217 0.221700 0.000000 10.897367 21.783701 32.668943 43.589963 54.599210 65.743636 77.043854 88.481556 100.000000
2218 0.221800 0.000000 10.898892 21.786572 32.672820 43.594383 54.603643 65.747546 77.046763 88.483106 100.000000
2219 0.221900 0.000000 10.900416 21.789439 32.676692 43.598798 54.608071 65.751451 77.049667 88.484654 100.000000
2220 0.222000 0.000000 10.901937 21.792303 32.680559 43.603208 54.612494 65.755350 77.052568 88.486200 100.000000
2221 0.222100 0.000000 10.903457 21.795164 32.684422 43.607613 54.616911 65.759246 77.055466 88.487744 100.000000
2222 0.222200 0.000000 10.904975 21.798021 32.688280 43.612012 54.621324 65.763136 77.058360 88.489286 100.000000
2223 0.222300 0.000000 10.906491 21.800875 32.692133 43.616406 54.625731 65.767022 77.061251 88.490826 100.000000
2224 0.222400 0.000000 10.908006 21.803725 32.695982 43.620795 54.630132 65.770904 77.064138 88.492364 100.000000
2225 0.222500 0.000000 10.909519 21.806572 32.699827 43.625179 54.634529 65.774780 77.067021 88.493901 100.000000
2226 0.222600 0.000000 10.911030 21.809416 32.703667 43.629557 54.638920 65.778652 77.069902 88.495436 100.000000
2227 0.222700 0.000000 10.912539 21.812257 32.707502 43.633931 54.643306 65.782519 77.072778 88.496969 100.000000
2228 0.222800 0.000000 10.914046 21.815094 32.711333 43.638299 54.647686 65.786382 77.075652 88.498500 100.000000
2229 0.222900 0.000000 10.915552 21.817928 32.715160 43.642662 54.652062 65.790240 77.078521 88.500029 100.000000
2230 0.223000 0.000000 10.917056 21.820758 32.718982 43.647020 54.656432 65.794093 77.081388 88.501556 100.000000
2231 0.223100 0.000000 10.918558 21.823586 32.722799 43.651372 54.660797 65.797942 77.084250 88.503081 100.000000
2232 0.223200 0.000000 10.920059 21.826410 32.726612 43.655720 54.665157 65.801786 77.087110 88.504605 100.000000
2233 0.223300 0.000000 10.921557 21.829230 32.730421 43.660062 54.669511 65.805626 77.089966 88.506127 100.000000
2234 0.223400 0.000000 10.923054 21.832047 32.734224 43.664399 54.673861 65.809461 77.092818 88.507647 100.000000
2235 0.223500 0.000000 10.924549 21.834861 32.738024 43.668731 54.678205 65.813291 77.095667 88.509165 100.000000
2236 0.223600 0.000000 10.926043 21.837672 32.741819 43.673058 54.682544 65.817117 77.098513 88.510681 100.000000
2237 0.223700 0.000000 10.927535 21.840480 32.745610 43.677380 54.686878 65.820938 77.101355 88.512195 100.000000
2238 0.223800 0.000000 10.929024 21.843284 32.749396 43.681697 54.691207 65.824754 77.104194 88.513708 100.000000
2239 0.223900 0.000000 10.930513 21.846084 32.753177 43.686008 54.695530 65.828566 77.107029 88.515219 100.000000
2240 0.224000 0.000000 10.931999 21.848882 32.756954 43.690315 54.699848 65.832374 77.109861 88.516727 100.000000
2241 0.224100 0.000000 10.933484 21.851676 32.760727 43.694616 54.704162 65.836176 77.112689 88.518234 100.000000
2242 0.224200 0.000000 10.934967 21.854467 32.764495 43.698912 54.708470 65.839975 77.115514 88.519740 100.000000
2243 0.224300 0.000000 10.936448 21.857255 32.768259 43.703203 54.712773 65.843768 77.118336 88.521243 100.000000
2244 0.224400 0.000000 10.937928 21.860039 32.772018 43.707489 54.717070 65.847557 77.121154 88.522745 100.000000
2245 0.224500 0.000000 10.939405 21.862821 32.775773 43.711770 54.721363 65.851342 77.123969 88.524244 100.000000
2246 0.224600 0.000000 10.940882 21.865598 32.779524 43.716046 54.725650 65.855122 77.126780 88.525742 100.000000
2247 0.224700 0.000000 10.942356 21.868373 32.783270 43.720317 54.729933 65.858897 77.129589 88.527238 100.000000
2248 0.224800 0.000000 10.943828 21.871144 32.787012 43.724582 54.734210 65.862668 77.132393 88.528733 100.000000
2249 0.224900 0.000000 10.945299 21.873913 32.790749 43.728843 54.738482 65.866434 77.135194 88.530225 100.000000
2250 0.225000 0.000000 10.946769 21.876677 32.794482 43.733099 54.742749 65.870196 77.137992 88.531716 100.000000
2251 0.225100 0.000000 10.948236 21.879439 32.798210 43.737349 54.747011 65.873954 77.140787 88.533205 100.000000
2252 0.225200 0.000000 10.949702 21.882197 32.801934 43.741595 54.751268 65.877706 77.143578 88.534692 100.000000
2253 0.225300 0.000000 10.951166 21.884953 32.805654 43.745835 54.755520 65.881455 77.146366 88.536177 100.000000
2254 0.225400 0.000000 10.952628 21.887705 32.809369 43.750070 54.759766 65.885198 77.149150 88.537661 100.000000
2255 0.225500 0.000000 10.954089 21.890453 32.813080 43.754301 54.764008 65.888938 77.151931 88.539142 100.000000
2256 0.225600 0.000000 10.955548 21.893199 32.816786 43.758526 54.768245 65.892673 77.154709 88.540622 100.000000
2257 0.225700 0.000000 10.957005 21.895941 32.820488 43.762747 54.772476 65.896403 77.157483 88.542101 100.000000
2258 0.225800 0.000000 10.958460 21.898680 32.824186 43.766962 54.776702 65.900129 77.160254 88.543577 100.000000
2259 0.225900 0.000000 10.959914 21.901416 32.827879 43.771172 54.780924 65.903850 77.163022 88.545051 100.000000
2260 0.226000 0.000000 10.961366 21.904148 32.831568 43.775377 54.785140 65.907567 77.165786 88.546524 100.000000
2261 0.226100 0.000000 10.962816 21.906878 32.835253 43.779578 54.789351 65.911279 77.168547 88.547995 100.000000
2262 0.226200 0.000000 10.964265 21.909604 32.838933 43.783773 54.793558 65.914987 77.171304 88.549464 100.000000
2263 0.226300 0.000000 10.965712 21.912327 32.842609 43.787963 54.797759 65.918691 77.174059 88.550932 100.000000
2264 0.226400 0.000000 10.967157 21.915047 32.846281 43.792149 54.801955 65.922390 77.176809 88.552397 100.000000
2265 0.226500 0.000000 10.968601 21.917763 32.849948 43.796329 54.806146 65.926084 77.179557 88.553861 100.000000
2266 0.226600 0.000000 10.970043 21.920476 32.853611 43.800505 54.810332 65.929774 77.182301 88.555323 100.000000
2267 0.226700 0.000000 10.971483 21.923187 32.857270 43.804675 54.814514 65.933460 77.185042 88.556783 100.000000
2268 0.226800 0.000000 10.972921 21.925894 32.860924 43.808841 54.818690 65.937141 77.187780 88.558242 100.000000
2269 0.226900 0.000000 10.974358 21.928597 32.864574 43.813001 54.822861 65.940818 77.190514 88.559699 100.000000
2270 0.227000 0.000000 10.975793 21.931298 32.868220 43.817157 54.827027 65.944491 77.193245 88.561154 100.000000
2271 0.227100 0.000000 10.977227 21.933995 32.871861 43.821308 54.831188 65.948159 77.195973 88.562607 100.000000
2272 0.227200 0.000000 10.978659 21.936690 32.875498 43.825453 54.835345 65.951822 77.198698 88.564058 100.000000
2273 0.227300 0.000000 10.980089 21.939381 32.879131 43.829594 54.839496 65.955481 77.201419 88.565508 100.000000
2274 0.227400 0.000000 10.981517 21.942069 32.882759 43.833730 54.843642 65.959136 77.204137 88.566956 100.000000
2275 0.227500 0.000000 10.982944 21.944754 32.886383 43.837861 54.847784 65.962787 77.206851 88.568402 100.000000
2276 0.227600 0.000000 10.984369 21.947435 32.890003 43.841987 54.851920 65.966433 77.209563 88.569847 100.000000
2277 0.227700 0.000000 10.985792 21.950114 32.893619 43.846108 54.856051 65.970074 77.212271 88.571290 100.000000
2278 0.227800 0.000000 10.987214 21.952789 32.897230 43.850225 54.860178 65.973712 77.214976 88.572731 100.000000
2279 0.227900 0.000000 10.988634 21.955461 32.900837 43.854336 54.864299 65.977344 77.217677 88.574170 100.000000
2280 0.228000 0.000000 10.990053 21.958130 32.904440 43.858442 54.868416 65.980973 77.220375 88.575607 100.000000
2281 0.228100 0.000000 10.991469 21.960796 32.908039 43.862544 54.872528 65.984597 77.223070 88.577043 100.000000
2282 0.228200 0.000000 10.992884 21.963459 32.911633 43.866641 54.876635 65.988217 77.225762 88.578477 100.000000
2283 0.228300 0.000000 10.994298 21.966118 32.915223 43.870733 54.880737 65.991832 77.228450 88.579909 100.000000
2284 0.228400 0.000000 10.995710 21.968775 32.918809 43.874820 54.884834 65.995443 77.231136 88.581340 100.000000
2285 0.228500 0.000000 10.997120 21.971428 32.922390 43.878902 54.888926 65.999050 77.233818 88.582769 100.000000
2286 0.228600 0.000000 10.998528 21.974078 32.925968 43.882979 54.893013 66.002653 77.236496 88.584196 100.000000
2287 0.228700 0.000000 10.999935 21.976726 32.929541 43.887051 54.897095 66.006251 77.239172 88.585621 100.000000
2288 0.228800 0.000000 11.001340 21.979370 32.933110 43.891119 54.901173 66.009844 77.241844 88.587044 100.000000
2289 0.228900 0.000000 11.002743 21.982010 32.936674 43.895182 54.905245 66.013434 77.244513 88.588466 100.000000
2290 0.229000 0.000000 11.004145 21.984648 32.940235 43.899240 54.909313 66.017019 77.247179 88.589887 100.000000
2291 0.229100 0.000000 11.005545 21.987283 32.943791 43.903293 54.913376 66.020600 77.249842 88.591305 100.000000
2292 0.229200 0.000000 11.006944 21.989914 32.947343 43.907341 54.917433 66.024176 77.252501 88.592722 100.000000
2293 0.229300 0.000000 11.008341 21.992543 32.950891 43.911385 54.921487 66.027748 77.255157 88.594137 100.000000
2294 0.229400 0.000000 11.009736 21.995168 32.954434 43.915423 54.925535 66.031316 77.257810 88.595550 100.000000
2295 0.229500 0.000000 11.011130 21.997790 32.957974 43.919457 54.929578 66.034880 77.260460 88.596962 100.000000
2296 0.229600 0.000000 11.012522 22.000410 32.961509 43.923486 54.933617 66.038439 77.263107 88.598371 100.000000
2297 0.229700 0.000000 11.013912 22.003026 32.965040 43.927510 54.937650 66.041994 77.265750 88.599780 100.000000
2298 0.229800 0.000000 11.015301 22.005639 32.968567 43.931530 54.941679 66.045545 77.268390 88.601186 100.000000
2299 0.229900 0.000000 11.016688 22.008249 32.972089 43.935544 54.945703 66.049091 77.271027 88.602591 100.000000
2300 0.230000 0.000000 11.018073 22.010855 32.975608 43.939554 54.949723 66.052634 77.273661 88.603994 100.000000
2301 0.230100 0.000000 11.019457 22.013459 32.979122 43.943559 54.953737 66.056172 77.276292 88.605395 100.000000
2302 0.230200 0.000000 11.020839 22.016060 32.982632 43.947560 54.957747 66.059705 77.278919 88.606795 100.000000
2303 0.230300 0.000000 11.022220 22.018657 32.986138 43.951555 54.961752 66.063235 77.281543 88.608193 100.000000
2304 0.230400 0.000000 11.023599 22.021252 32.989640 43.955546 54.965752 66.066760 77.284165 88.609589 100.000000
2305 0.230500 0.000000 11.024976 22.023844 32.993138 43.959532 54.969747 66.070281 77.286783 88.610984 100.000000
2306 0.230600 0.000000 11.026352 22.026432 32.996631 43.963514 54.973737 66.073798 77.289397 88.612377 100.000000
2307 0.230700 0.000000 11.027726 22.029017 33.000121 43.967490 54.977723 66.077310 77.292009 88.613768 100.000000
2308 0.230800 0.000000 11.029098 22.031600 33.003606 43.971462 54.981704 66.080818 77.294617 88.615157 100.000000
2309 0.230900 0.000000 11.030469 22.034179 33.007087 43.975429 54.985680 66.084322 77.297223 88.616545 100.000000
2310 0.231000 0.000000 11.031838 22.036755 33.010564 43.979392 54.989652 66.087822 77.299825 88.617931 100.000000
2311 0.231100 0.000000 11.033206 22.039329 33.014037 43.983349 54.993618 66.091318 77.302424 88.619316 100.000000
2312 0.231200 0.000000 11.034572 22.041899 33.017506 43.987302 54.997580 66.094809 77.305020 88.620698 100.000000
2313 0.231300 0.000000 11.035936 22.044466 33.020971 43.991250 55.001537 66.098296 77.307613 88.622080 100.000000
2314 0.231400 0.000000 11.037299 22.047030 33.024431 43.995194 55.005490 66.101779 77.310202 88.623459 100.000000
2315 0.231500 0.000000 11.038660 22.049591 33.027888 43.999133 55.009437 66.105258 77.312789 88.624837 100.000000
2316 0.231600 0.000000 11.040020 22.052149 33.031340 44.003067 55.013380 66.108733 77.315372 88.626213 100.000000
2317 0.231700 0.000000 11.041378 22.054704 33.034789 44.006997 55.017319 66.112203 77.317952 88.627587 100.000000
2318 0.231800 0.000000 11.042734 22.057256 33.038233 44.010921 55.021252 66.115670 77.320529 88.628960 100.000000
2319 0.231900 0.000000 11.044089 22.059805 33.041673 44.014841 55.025181 66.119132 77.323103 88.630331 100.000000
2320 0.232000 0.000000 11.045442 22.062351 33.045109 44.018757 55.029105 66.122590 77.325674 88.631701 100.000000
2321 0.232100 0.000000 11.046794 22.064894 33.048541 44.022668 55.033024 66.126043 77.328242 88.633068 100.000000
2322 0.232200 0.000000 11.048144 22.067434 33.051969 44.026574 55.036939 66.129493 77.330807 88.634435 100.000000
2323 0.232300 0.000000 11.049493 22.069971 33.055393 44.030475 55.040849 66.132938 77.333368 88.635799 100.000000
2324 0.232400 0.000000 11.050839 22.072505 33.058813 44.034372 55.044754 66.136380 77.335927 88.637162 100.000000
2325 0.232500 0.000000 11.052185 22.075036 33.062228 44.038264 55.048655 66.139817 77.338482 88.638523 100.000000
2326 0.232600 0.000000 11.053528 22.077564 33.065640 44.042152 55.052551 66.143250 77.341034 88.639883 100.000000
2327 0.232700 0.000000 11.054870 22.080089 33.069048 44.046035 55.056442 66.146679 77.343584 88.641240 100.000000
2328 0.232800 0.000000 11.056211 22.082611 33.072451 44.049913 55.060329 66.150104 77.346130 88.642597 100.000000
2329 0.232900 0.000000 11.057550 22.085130 33.075851 44.053787 55.064211 66.153524 77.348673 88.643951 100.000000
2330 0.233000 0.000000 11.058887 22.087647 33.079246 44.057656 55.068088 66.156941 77.351213 88.645304 100.000000
2331 0.233100 0.000000 11.060223 22.090160 33.082638 44.061520 55.071961 66.160353 77.353750 88.646655 100.000000
2332 0.233200 0.000000 11.061557 22.092670 33.086025 44.065380 55.075829 66.163762 77.356284 88.648005 100.000000
2333 0.233300 0.000000 11.062890 22.095177 33.089409 44.069235 55.079693 66.167166 77.358815 88.649353 100.000000
2334 0.233400 0.000000 11.064221 22.097681 33.092788 44.073086 55.083551 66.170566 77.361342 88.650700 100.000000
2335 0.233500 0.000000 11.065550 22.100183 33.096164 44.076932 55.087405 66.173962 77.363867 88.652044 100.000000
2336 0.233600 0.000000 11.066878 22.102681 33.099535 44.080773 55.091255 66.177354 77.366389 88.653388 100.000000
2337 0.233700 0.000000 11.068205 22.105176 33.102902 44.084610 55.095100 66.180742 77.368907 88.654729 100.000000
2338 0.233800 0.000000 11.069529 22.107669 33.106266 44.088443 55.098940 66.184126 77.371423 88.656069 100.000000
2339 0.233900 0.000000 11.070853 22.110158 33.109625 44.092270 55.102776 66.187505 77.373935 88.657407 100.000000
2340 0.234000 0.000000 11.072174 22.112645 33.112981 44.096093 55.106607 66.190881 77.376445 88.658744 100.000000
2341 0.234100 0.000000 11.073494 22.115128 33.116332 44.099912 55.110434 66.194252 77.378951 88.660079 100.000000
2342 0.234200 0.000000 11.074813 22.117609 33.119680 44.103726 55.114256 66.197620 77.381455 88.661412 100.000000
2343 0.234300 0.000000 11.076130 22.120087 33.123023 44.107536 55.118073 66.200983 77.383955 88.662744 100.000000
2344 0.234400 0.000000 11.077445 22.122561 33.126363 44.111341 55.121886 66.204343 77.386452 88.664074 100.000000
2345 0.234500 0.000000 11.078759 22.125033 33.129698 44.115141 55.125694 66.207698 77.388947 88.665403 100.000000
2346 0.234600 0.000000 11.080072 22.127502 33.133030 44.118937 55.129498 66.211050 77.391438 88.666730 100.000000
2347 0.234700 0.000000 11.081382 22.129968 33.136358 44.122728 55.133297 66.214397 77.393926 88.668055 100.000000
2348 0.234800 0.000000 11.082692 22.132431 33.139681 44.126515 55.137091 66.217740 77.396412 88.669379 100.000000
2349 0.234900 0.000000 11.083999 22.134891 33.143001 44.130297 55.140881 66.221079 77.398894 88.670701 100.000000
2350 0.235000 0.000000 11.085305 22.137349 33.146317 44.134075 55.144667 66.224415 77.401373 88.672022 100.000000
2351 0.235100 0.000000 11.086610 22.139803 33.149629 44.137848 55.148448 66.227746 77.403850 88.673341 100.000000
2352 0.235200 0.000000 11.087913 22.142254 33.152937 44.141617 55.152224 66.231073 77.406323 88.674658 100.000000
2353 0.235300 0.000000 11.089215 22.144703 33.156241 44.145382 55.155996 66.234396 77.408793 88.675974 100.000000
2354 0.235400 0.000000 11.090515 22.147149 33.159541 44.149141 55.159763 66.237715 77.411261 88.677288 100.000000
2355 0.235500 0.000000 11.091813 22.149591 33.162837 44.152897 55.163526 66.241030 77.413725 88.678600 100.000000
2356 0.235600 0.000000 11.093110 22.152031 33.166129 44.156647 55.167285 66.244342 77.416186 88.679911 100.000000
2357 0.235700 0.000000 11.094405 22.154468 33.169417 44.160394 55.171038 66.247649 77.418645 88.681221 100.000000
2358 0.235800 0.000000 11.095699 22.156902 33.172702 44.164136 55.174788 66.250952 77.421100 88.682529 100.000000
2359 0.235900 0.000000 11.096992 22.159333 33.175982 44.167873 55.178532 66.254251 77.423553 88.683835 100.000000
2360 0.236000 0.000000 11.098282 22.161762 33.179259 44.171606 55.182273 66.257546 77.426002 88.685139 100.000000
2361 0.236100 0.000000 11.099572 22.164187 33.182532 44.175335 55.186009 66.260838 77.428449 88.686442 100.000000
2362 0.236200 0.000000 11.100859 22.166610 33.185801 44.179059 55.189740 66.264125 77.430892 88.687744 100.000000
2363 0.236300 0.000000 11.102146 22.169030 33.189066 44.182778 55.193467 66.267408 77.433333 88.689044 100.000000
2364 0.236400 0.000000 11.103430 22.171446 33.192327 44.186493 55.197189 66.270688 77.435771 88.690342 100.000000
2365 0.236500 0.000000 11.104714 22.173860 33.195584 44.190204 55.200907 66.273963 77.438205 88.691639 100.000000
2366 0.236600 0.000000 11.105995 22.176271 33.198837 44.193910 55.204621 66.277235 77.440637 88.692934 100.000000
2367 0.236700 0.000000 11.107275 22.178680 33.202087 44.197612 55.208330 66.280502 77.443066 88.694228 100.000000
2368 0.236800 0.000000 11.108554 22.181085 33.205332 44.201310 55.212034 66.283766 77.445492 88.695520 100.000000
2369 0.236900 0.000000 11.109831 22.183488 33.208574 44.205003 55.215734 66.287026 77.447915 88.696810 100.000000
2370 0.237000 0.000000 11.111107 22.185887 33.211812 44.208691 55.219430 66.290282 77.450335 88.698099 100.000000
2371 0.237100 0.000000 11.112381 22.188284 33.215046 44.212376 55.223121 66.293533 77.452752 88.699386 100.000000
2372 0.237200 0.000000 11.113654 22.190678 33.218276 44.216056 55.226808 66.296781 77.455166 88.700672 100.000000
2373 0.237300 0.000000 11.114925 22.193070 33.221502 44.219731 55.230491 66.300025 77.457578 88.701956 100.000000
2374 0.237400 0.000000 11.116194 22.195458 33.224725 44.223402 55.234169 66.303265 77.459986 88.703239 100.000000
2375 0.237500 0.000000 11.117462 22.197843 33.227944 44.227069 55.237842 66.306502 77.462392 88.704520 100.000000
2376 0.237600 0.000000 11.118729 22.200226 33.231159 44.230731 55.241511 66.309734 77.464794 88.705800 100.000000
2377 0.237700 0.000000 11.119994 22.202606 33.234370 44.234389 55.245176 66.312962 77.467194 88.707078 100.000000
2378 0.237800 0.000000 11.121258 22.204983 33.237577 44.238042 55.248836 66.316187 77.469590 88.708354 100.000000
2379 0.237900 0.000000 11.122520 22.207357 33.240780 44.241692 55.252492 66.319408 77.471984 88.709629 100.000000
2380 0.238000 0.000000 11.123781 22.209729 33.243980 44.245336 55.256144 66.322624 77.474375 88.710903 100.000000
2381 0.238100 0.000000 11.125040 22.212097 33.247175 44.248977 55.259791 66.325837 77.476763 88.712175 100.000000
2382 0.238200 0.000000 11.126297 22.214463 33.250367 44.252613 55.263434 66.329046 77.479149 88.713445 100.000000
2383 0.238300 0.000000 11.127553 22.216826 33.253556 44.256245 55.267073 66.332251 77.481531 88.714714 100.000000
2384 0.238400 0.000000 11.128808 22.219186 33.256740 44.259872 55.270707 66.335453 77.483910 88.715981 100.000000
2385 0.238500 0.000000 11.130061 22.221544 33.259921 44.263495 55.274336 66.338650 77.486287 88.717246 100.000000
2386 0.238600 0.000000 11.131313 22.223898 33.263097 44.267114 55.277962 66.341844 77.488661 88.718511 100.000000
2387 0.238700 0.000000 11.132563 22.226250 33.266270 44.270728 55.281583 66.345033 77.491031 88.719773 100.000000
2388 0.238800 0.000000 11.133812 22.228599 33.269440 44.274338 55.285199 66.348219 77.493399 88.721034 100.000000
2389 0.238900 0.000000 11.135059 22.230945 33.272605 44.277944 55.288812 66.351401 77.495764 88.722294 100.000000
2390 0.239000 0.000000 11.136305 22.233289 33.275767 44.281546 55.292420 66.354580 77.498127 88.723552 100.000000
2391 0.239100 0.000000 11.137549 22.235629 33.278925 44.285143 55.296023 66.357754 77.500486 88.724808 100.000000
2392 0.239200 0.000000 11.138792 22.237967 33.282079 44.288736 55.299623 66.360925 77.502842 88.726063 100.000000
2393 0.239300 0.000000 11.140034 22.240302 33.285229 44.292324 55.303218 66.364091 77.505196 88.727317 100.000000
2394 0.239400 0.000000 11.141273 22.242635 33.288376 44.295909 55.306809 66.367254 77.507547 88.728569 100.000000
2395 0.239500 0.000000 11.142512 22.244964 33.291519 44.299489 55.310395 66.370413 77.509895 88.729819 100.000000
2396 0.239600 0.000000 11.143749 22.247291 33.294658 44.303064 55.313977 66.373569 77.512240 88.731068 100.000000
2397 0.239700 0.000000 11.144984 22.249615 33.297794 44.306636 55.317555 66.376720 77.514582 88.732316 100.000000
2398 0.239800 0.000000 11.146218 22.251936 33.300925 44.310203 55.321128 66.379868 77.516922 88.733562 100.000000
2399 0.239900 0.000000 11.147451 22.254255 33.304053 44.313766 55.324698 66.383012 77.519258 88.734806 100.000000
2400 0.240000 0.000000 11.148682 22.256571 33.307178 44.317325 55.328262 66.386152 77.521592 88.736049 100.000000
2401 0.240100 0.000000 11.149912 22.258884 33.310298 44.320879 55.331823 66.389288 77.523923 88.737290 100.000000
2402 0.240200 0.000000 11.151140 22.261194 33.313415 44.324429 55.335379 66.392421 77.526251 88.738530 100.000000
2403 0.240300 0.000000 11.152367 22.263502 33.316528 44.327975 55.338932 66.395549 77.528577 88.739768 100.000000
2404 0.240400 0.000000 11.153592 22.265806 33.319637 44.331517 55.342479 66.398674 77.530899 88.741005 100.000000
2405 0.240500 0.000000 11.154816 22.268109 33.322743 44.335054 55.346023 66.401796 77.533219 88.742241 100.000000
2406 0.240600 0.000000 11.156038 22.270408 33.325845 44.338587 55.349562 66.404913 77.535536 88.743475 100.000000
2407 0.240700 0.000000 11.157259 22.272704 33.328943 44.342116 55.353097 66.408027 77.537850 88.744707 100.000000
2408 0.240800 0.000000 11.158479 22.274998 33.332038 44.345641 55.356628 66.411137 77.540161 88.745938 100.000000
2409 0.240900 0.000000 11.159697 22.277289 33.335129 44.349162 55.360155 66.414243 77.542470 88.747167 100.000000
2410 0.241000 0.000000 11.160913 22.279578 33.338216 44.352678 55.363677 66.417346 77.544776 88.748395 100.000000
2411 0.241100 0.000000 11.162128 22.281864 33.341300 44.356190 55.367195 66.420444 77.547079 88.749622 100.000000
2412 0.241200 0.000000 11.163342 22.284147 33.344380 44.359698 55.370709 66.423539 77.549379 88.750846 100.000000
2413 0.241300 0.000000 11.164554 22.286427 33.347456 44.363202 55.374219 66.426630 77.551676 88.752070 100.000000
2414 0.241400 0.000000 11.165765 22.288704 33.350528 44.366701 55.377724 66.429718 77.553971 88.753292 100.000000
2415 0.241500 0.000000 11.166975 22.290979 33.353597 44.370197 55.381225 66.432802 77.556263 88.754512 100.000000
2416 0.241600 0.000000 11.168183 22.293251 33.356663 44.373688 55.384722 66.435882 77.558552 88.755731 100.000000
2417 0.241700 0.000000 11.169389 22.295521 33.359724 44.377175 55.388215 66.438958 77.560838 88.756949 100.000000
2418 0.241800 0.000000 11.170594 22.297788 33.362782 44.380658 55.391704 66.442031 77.563121 88.758165 100.000000
2419 0.241900 0.000000 11.171798 22.300052 33.365836 44.384136 55.395188 66.445100 77.565402 88.759380 100.000000
2420 0.242000 0.000000 11.173000 22.302313 33.368887 44.387611 55.398669 66.448165 77.567680 88.760593 100.000000
2421 0.242100 0.000000 11.174201 22.304572 33.371934 44.391081 55.402145 66.451227 77.569956 88.761804 100.000000
2422 0.242200 0.000000 11.175400 22.306828 33.374977 44.394547 55.405617 66.454285 77.572228 88.763014 100.000000
2423 0.242300 0.000000 11.176598 22.309081 33.378017 44.398009 55.409084 66.457339 77.574498 88.764223 100.000000
2424 0.242400 0.000000 11.177795 22.311332 33.381053 44.401467 55.412548 66.460389 77.576765 88.765430 100.000000
2425 0.242500 0.000000 11.178990 22.313580 33.384086 44.404921 55.416007 66.463436 77.579029 88.766636 100.000000
2426 0.242600 0.000000 11.180184 22.315825 33.387115 44.408370 55.419463 66.466479 77.581291 88.767840 100.000000
2427 0.242700 0.000000 11.181376 22.318068 33.390140 44.411816 55.422914 66.469519 77.583549 88.769043 100.000000
2428 0.242800 0.000000 11.182567 22.320308 33.393161 44.415257 55.426361 66.472555 77.585805 88.770245 100.000000
2429 0.242900 0.000000 11.183756 22.322545 33.396179 44.418695 55.429803 66.475587 77.588059 88.771445 100.000000
2430 0.243000 0.000000 11.184945 22.324780 33.399194 44.422128 55.433242 66.478615 77.590309 88.772643 100.000000
2431 0.243100 0.000000 11.186131 22.327012 33.402205 44.425557 55.436677 66.481640 77.592557 88.773840 100.000000
2432 0.243200 0.000000 11.187316 22.329241 33.405212 44.428982 55.440107 66.484661 77.594802 88.775036 100.000000
2433 0.243300 0.000000 11.188500 22.331467 33.408216 44.432402 55.443533 66.487679 77.597045 88.776230 100.000000
2434 0.243400 0.000000 11.189683 22.333692 33.411216 44.435819 55.446956 66.490693 77.599285 88.777423 100.000000
2435 0.243500 0.000000 11.190864 22.335913 33.414212 44.439232 55.450374 66.493703 77.601522 88.778614 100.000000
2436 0.243600 0.000000 11.192043 22.338132 33.417205 44.442640 55.453788 66.496710 77.603756 88.779804 100.000000
2437 0.243700 0.000000 11.193222 22.340348 33.420195 44.446045 55.457197 66.499713 77.605988 88.780992 100.000000
2438 0.243800 0.000000 11.194398 22.342561 33.423180 44.449445 55.460603 66.502712 77.608217 88.782179 100.000000
2439 0.243900 0.000000 11.195574 22.344772 33.426163 44.452841 55.464005 66.505708 77.610443 88.783364 100.000000
2440 0.244000 0.000000 11.196748 22.346980 33.429141 44.456234 55.467402 66.508700 77.612666 88.784548 100.000000
2441 0.244100 0.000000 11.197920 22.349186 33.432116 44.459622 55.470796 66.511689 77.614887 88.785731 100.000000
2442 0.244200 0.000000 11.199092 22.351389 33.435088 44.463006 55.474185 66.514674 77.617105 88.786912 100.000000
2443 0.244300 0.000000 11.200262 22.353589 33.438056 44.466386 55.477571 66.517655 77.619321 88.788092 100.000000
2444 0.244400 0.000000 11.201430 22.355787 33.441021 44.469762 55.480952 66.520633 77.621534 88.789270 100.000000
2445 0.244500 0.000000 11.202597 22.357982 33.443981 44.473134 55.484329 66.523607 77.623744 88.790447 100.000000
2446 0.244600 0.000000 11.203763 22.360174 33.446939 44.476502 55.487702 66.526577 77.625951 88.791623 100.000000
2447 0.244700 0.000000 11.204927 22.362364 33.449893 44.479866 55.491071 66.529544 77.628156 88.792797 100.000000
2448 0.244800 0.000000 11.206090 22.364551 33.452843 44.483226 55.494436 66.532508 77.630358 88.793969 100.000000
2449 0.244900 0.000000 11.207252 22.366736 33.455790 44.486581 55.497797 66.535468 77.632557 88.795140 100.000000
2450 0.245000 0.000000 11.208412 22.368918 33.458733 44.489933 55.501154 66.538424 77.634754 88.796310 100.000000
2451 0.245100 0.000000 11.209570 22.371097 33.461673 44.493281 55.504507 66.541377 77.636948 88.797479 100.000000
2452 0.245200 0.000000 11.210728 22.373274 33.464609 44.496625 55.507856 66.544326 77.639140 88.798646 100.000000
2453 0.245300 0.000000 11.211884 22.375449 33.467542 44.499965 55.511201 66.547271 77.641329 88.799811 100.000000
2454 0.245400 0.000000 11.213038 22.377620 33.470471 44.503300 55.514542 66.550213 77.643515 88.800975 100.000000
2455 0.245500 0.000000 11.214192 22.379789 33.473397 44.506632 55.517878 66.553152 77.645698 88.802138 100.000000
2456 0.245600 0.000000 11.215344 22.381956 33.476319 44.509960 55.521211 66.556087 77.647879 88.803299 100.000000
2457 0.245700 0.000000 11.216494 22.384120 33.479238 44.513284 55.524540 66.559018 77.650058 88.804459 100.000000
2458 0.245800 0.000000 11.217643 22.386281 33.482154 44.516604 55.527865 66.561946 77.652233 88.805618 100.000000
2459 0.245900 0.000000 11.218791 22.388440 33.485065 44.519919 55.531185 66.564870 77.654406 88.806775 100.000000
2460 0.246000 0.000000 11.219938 22.390596 33.487974 44.523231 55.534502 66.567791 77.656576 88.807930 100.000000
2461 0.246100 0.000000 11.221083 22.392750 33.490879 44.526539 55.537815 66.570709 77.658744 88.809085 100.000000
2462 0.246200 0.000000 11.222226 22.394901 33.493780 44.529843 55.541124 66.573622 77.660909 88.810237 100.000000
2463 0.246300 0.000000 11.223369 22.397049 33.496678 44.533143 55.544429 66.576532 77.663072 88.811389 100.000000
2464 0.246400 0.000000 11.224510 22.399195 33.499572 44.536439 55.547730 66.579439 77.665232 88.812539 100.000000
2465 0.246500 0.000000 11.225649 22.401339 33.502463 44.539731 55.551026 66.582342 77.667389 88.813688 100.000000
2466 0.246600 0.000000 11.226788 22.403479 33.505351 44.543019 55.554319 66.585242 77.669544 88.814835 100.000000
2467 0.246700 0.000000 11.227925 22.405618 33.508235 44.546303 55.557608 66.588138 77.671696 88.815981 100.000000
2468 0.246800 0.000000 11.229060 22.407753 33.511116 44.549584 55.560893 66.591031 77.673845 88.817125 100.000000
2469 0.246900 0.000000 11.230194 22.409887 33.513993 44.552860 55.564174 66.593920 77.675992 88.818269 100.000000
2470 0.247000 0.000000 11.231327 22.412017 33.516867 44.556132 55.567451 66.596806 77.678136 88.819410 100.000000
2471 0.247100 0.000000 11.232459 22.414145 33.519737 44.559401 55.570725 66.599688 77.680278 88.820551 100.000000
2472 0.247200 0.000000 11.233589 22.416271 33.522604 44.562665 55.573994 66.602567 77.682417 88.821690 100.000000
2473 0.247300 0.000000 11.234718 22.418394 33.525467 44.565926 55.577259 66.605442 77.684553 88.822827 100.000000
2474 0.247400 0.000000 11.235845 22.420514 33.528327 44.569183 55.580520 66.608314 77.686687 88.823963 100.000000
2475 0.247500 0.000000 11.236971 22.422632 33.531184 44.572436 55.583778 66.611183 77.688818 88.825098 100.000000
2476 0.247600 0.000000 11.238096 22.424748 33.534037 44.575684 55.587031 66.614047 77.690947 88.826232 100.000000
2477 0.247700 0.000000 11.239220 22.426861 33.536887 44.578929 55.590281 66.616909 77.693073 88.827364 100.000000
2478 0.247800 0.000000 11.240342 22.428971 33.539734 44.582171 55.593527 66.619767 77.695197 88.828495 100.000000
2479 0.247900 0.000000 11.241463 22.431079 33.542577 44.585408 55.596769 66.622621 77.697318 88.829624 100.000000
2480 0.248000 0.000000 11.242582 22.433184 33.545416 44.588641 55.600006 66.625473 77.699436 88.830752 100.000000
2481 0.248100 0.000000 11.243700 22.435287 33.548252 44.591871 55.603240 66.628320 77.701552 88.831879 100.000000
2482 0.248200 0.000000 11.244817 22.437388 33.551085 44.595096 55.606470 66.631164 77.703665 88.833004 100.000000
2483 0.248300 0.000000 11.245932 22.439485 33.553915 44.598318 55.609697 66.634005 77.705776 88.834128 100.000000
2484 0.248400 0.000000 11.247046 22.441581 33.556741 44.601536 55.612919 66.636843 77.707884 88.835250 100.000000
2485 0.248500 0.000000 11.248159 22.443674 33.559563 44.604750 55.616137 66.639677 77.709990 88.836371 100.000000
2486 0.248600 0.000000 11.249271 22.445764 33.562383 44.607960 55.619352 66.642507 77.712093 88.837491 100.000000
2487 0.248700 0.000000 11.250381 22.447852 33.565199 44.611166 55.622563 66.645334 77.714194 88.838610 100.000000
2488 0.248800 0.000000 11.251490 22.449937 33.568011 44.614369 55.625770 66.648158 77.716292 88.839727 100.000000
2489 0.248900 0.000000 11.252597 22.452020 33.570820 44.617567 55.628973 66.650978 77.718387 88.840842 100.000000
2490 0.249000 0.000000 11.253703 22.454100 33.573626 44.620762 55.632172 66.653795 77.720480 88.841957 100.000000
2491 0.249100 0.000000 11.254808 22.456178 33.576429 44.623953 55.635367 66.656608 77.722571 88.843070 100.000000
2492 0.249200 0.000000 11.255912 22.458254 33.579228 44.627140 55.638558 66.659419 77.724658 88.844182 100.000000
2493 0.249300 0.000000 11.257014 22.460327 33.582024 44.630323 55.641746 66.662225 77.726744 88.845292 100.000000
2494 0.249400 0.000000 11.258115 22.462397 33.584816 44.633503 55.644930 66.665028 77.728827 88.846401 100.000000
2495 0.249500 0.000000 11.259215 22.464465 33.587605 44.636679 55.648110 66.667828 77.730907 88.847509 100.000000
2496 0.249600 0.000000 11.260313 22.466531 33.590391 44.639850 55.651286 66.670625 77.732985 88.848615 100.000000
2497 0.249700 0.000000 11.261410 22.468594 33.593173 44.643018 55.654458 66.673418 77.735060 88.849720 100.000000
2498 0.249800 0.000000 11.262506 22.470654 33.595952 44.646183 55.657627 66.676208 77.737133 88.850823 100.000000
2499 0.249900 0.000000 11.263600 22.472713 33.598728 44.649343 55.660791 66.678994 77.739203 88.851926 100.000000
2500 0.250000 0.000000 11.264693 22.474768 33.601501 44.652500 55.663952 66.681777 77.741271 88.853027 100.000000
2501 0.250100 0.000000 11.265785 22.476821 33.604270 44.655653 55.667109 66.684557 77.743336 88.854126 100.000000
2502 0.250200 0.000000 11.266875 22.478872 33.607036 44.658802 55.670262 66.687333 77.745399 88.855225 100.000000
2503 0.250300 0.000000 11.267965 22.480921 33.609798 44.661947 55.673412 66.690106 77.747459 88.856321 100.000000
2504 0.250400 0.000000 11.269053 22.482966 33.612557 44.665088 55.676557 66.692876 77.749517 88.857417 100.000000
2505 0.250500 0.000000 11.270139 22.485010 33.615313 44.668226 55.679699 66.695642 77.751572 88.858511 100.000000
2506 0.250600 0.000000 11.271224 22.487051 33.618066 44.671360 55.682837 66.698405 77.753625 88.859604 100.000000
2507 0.250700 0.000000 11.272308 22.489089 33.620815 44.674490 55.685972 66.701165 77.755675 88.860696 100.000000
2508 0.250800 0.000000 11.273391 22.491126 33.623561 44.677617 55.689102 66.703921 77.757723 88.861786 100.000000
2509 0.250900 0.000000 11.274473 22.493159 33.626304 44.680740 55.692229 66.706674 77.759768 88.862875 100.000000
2510 0.251000 0.000000 11.275553 22.495191 33.629043 44.683859 55.695352 66.709424 77.761811 88.863963 100.000000
2511 0.251100 0.000000 11.276631 22.497219 33.631779 44.686974 55.698471 66.712170 77.763851 88.865049 100.000000
2512 0.251200 0.000000 11.277709 22.499246 33.634512 44.690085 55.701586 66.714913 77.765889 88.866134 100.000000
2513 0.251300 0.000000 11.278785 22.501270 33.637242 44.693193 55.704698 66.717653 77.767925 88.867218 100.000000
2514 0.251400 0.000000 11.279860 22.503291 33.639968 44.696297 55.707806 66.720389 77.769958 88.868301 100.000000
2515 0.251500 0.000000 11.280934 22.505311 33.642691 44.699397 55.710910 66.723122 77.771988 88.869382 100.000000
2516 0.251600 0.000000 11.282006 22.507327 33.645411 44.702494 55.714011 66.725852 77.774016 88.870461 100.000000
2517 0.251700 0.000000 11.283077 22.509342 33.648128 44.705587 55.717107 66.728578 77.776042 88.871540 100.000000
2518 0.251800 0.000000 11.284147 22.511354 33.650841 44.708676 55.720201 66.731301 77.778065 88.872617 100.000000
2519 0.251900 0.000000 11.285216 22.513363 33.653551 44.711761 55.723290 66.734021 77.780086 88.873693 100.000000
2520 0.252000 0.000000 11.286283 22.515370 33.656258 44.714843 55.726375 66.736738 77.782104 88.874768 100.000000
2521 0.252100 0.000000 11.287349 22.517375 33.658962 44.717921 55.729457 66.739451 77.784120 88.875841 100.000000
2522 0.252200 0.000000 11.288414 22.519378 33.661662 44.720995 55.732535 66.742161 77.786133 88.876913 100.000000
2523 0.252300 0.000000 11.289478 22.521377 33.664359 44.724066 55.735610 66.744868 77.788144 88.877983 100.000000
2524 0.252400 0.000000 11.290540 22.523375 33.667053 44.727133 55.738681 66.747571 77.790153 88.879053 100.000000
2525 0.252500 0.000000 11.291601 22.525370 33.669743 44.730196 55.741748 66.750272 77.792159 88.880121 100.000000
2526 0.252600 0.000000 11.292660 22.527363 33.672431 44.733256 55.744811 66.752969 77.794162 88.881188 100.000000
2527 0.252700 0.000000 11.293719 22.529353 33.675115 44.736311 55.747871 66.755662 77.796164 88.882253 100.000000
2528 0.252800 0.000000 11.294776 22.531341 33.677796 44.739364 55.750926 66.758353 77.798162 88.883317 100.000000
2529 0.252900 0.000000 11.295832 22.533327 33.680474 44.742412 55.753979 66.761040 77.800159 88.884380 100.000000
2530 0.253000 0.000000 11.296887 22.535310 33.683148 44.745457 55.757027 66.763724 77.802153 88.885442 100.000000
2531 0.253100 0.000000 11.297940 22.537291 33.685820 44.748498 55.760072 66.766405 77.804144 88.886502 100.000000
2532 0.253200 0.000000 11.298992 22.539270 33.688488 44.751536 55.763114 66.769082 77.806133 88.887561 100.000000
2533 0.253300 0.000000 11.300043 22.541246 33.691153 44.754570 55.766151 66.771756 77.808120 88.888619 100.000000
2534 0.253400 0.000000 11.301092 22.543220 33.693815 44.757600 55.769185 66.774427 77.810104 88.889675 100.000000
2535 0.253500 0.000000 11.302141 22.545191 33.696473 44.760627 55.772215 66.777095 77.812086 88.890731 100.000000
2536 0.253600 0.000000 11.303188 22.547160 33.699129 44.763650 55.775242 66.779760 77.814066 88.891784 100.000000
2537 0.253700 0.000000 11.304234 22.549127 33.701781 44.766669 55.778265 66.782421 77.816043 88.892837 100.000000
2538 0.253800 0.000000 11.305278 22.551091 33.704430 44.769685 55.781284 66.785079 77.818018 88.893888 100.000000
2539 0.253900 0.000000 11.306322 22.553054 33.707076 44.772697 55.784300 66.787734 77.819990 88.894939 100.000000
2540 0.254000 0.000000 11.307364 22.555013 33.709718 44.775705 55.787312 66.790386 77.821960 88.895987 100.000000
2541 0.254100 0.000000 11.308405 22.556971 33.712358 44.778710 55.790320 66.793034 77.823928 88.897035 100.000000
2542 0.254200 0.000000 11.309444 22.558926 33.714994 44.781712 55.793325 66.795680 77.825893 88.898081 100.000000
2543 0.254300 0.000000 11.310483 22.560878 33.717627 44.784709 55.796326 66.798322 77.827856 88.899126 100.000000
2544 0.254400 0.000000 11.311520 22.562829 33.720258 44.787703 55.799324 66.800961 77.829816 88.900170 100.000000
2545 0.254500 0.000000 11.312556 22.564777 33.722884 44.790694 55.802318 66.803596 77.831774 88.901212 100.000000
2546 0.254600 0.000000 11.313590 22.566722 33.725508 44.793681 55.805308 66.806229 77.833730 88.902254 100.000000
2547 0.254700 0.000000 11.314624 22.568666 33.728129 44.796664 55.808295 66.808858 77.835683 88.903293 100.000000
2548 0.254800 0.000000 11.315656 22.570607 33.730746 44.799644 55.811278 66.811484 77.837634 88.904332 100.000000
2549 0.254900 0.000000 11.316687 22.572545 33.733360 44.802620 55.814258 66.814107 77.839583 88.905370 100.000000
2550 0.255000 0.000000 11.317717 22.574482 33.735972 44.805592 55.817234 66.816727 77.841529 88.906406 100.000000
2551 0.255100 0.000000 11.318745 22.576416 33.738580 44.808561 55.820206 66.819344 77.843473 88.907441 100.000000
2552 0.255200 0.000000 11.319773 22.578347 33.741185 44.811527 55.823175 66.821957 77.845414 88.908474 100.000000
2553 0.255300 0.000000 11.320799 22.580277 33.743786 44.814488 55.826140 66.824568 77.847353 88.909507 100.000000
2554 0.255400 0.000000 11.321823 22.582204 33.746385 44.817447 55.829102 66.827175 77.849290 88.910538 100.000000
2555 0.255500 0.000000 11.322847 22.584129 33.748981 44.820401 55.832060 66.829779 77.851225 88.911568 100.000000
2556 0.255600 0.000000 11.323869 22.586051 33.751573 44.823353 55.835014 66.832380 77.853157 88.912596 100.000000
2557 0.255700 0.000000 11.324891 22.587972 33.754162 44.826300 55.837965 66.834978 77.855087 88.913624 100.000000
2558 0.255800 0.000000 11.325910 22.589889 33.756749 44.829244 55.840913 66.837572 77.857014 88.914650 100.000000
2559 0.255900 0.000000 11.326929 22.591805 33.759332 44.832185 55.843856 66.840164 77.858939 88.915675 100.000000
2560 0.256000 0.000000 11.327947 22.593718 33.761912 44.835122 55.846797 66.842752 77.860862 88.916698 100.000000
2561 0.256100 0.000000 11.328963 22.595629 33.764489 44.838055 55.849733 66.845337 77.862782 88.917721 100.000000
2562 0.256200 0.000000 11.329978 22.597538 33.767063 44.840985 55.852667 66.847919 77.864701 88.918742 100.000000
2563 0.256300 0.000000 11.330992 22.599445 33.769633 44.843912 55.855596 66.850498 77.866616 88.919762 100.000000
2564 0.256400 0.000000 11.332004 22.601349 33.772201 44.846834 55.858522 66.853074 77.868530 88.920781 100.000000
2565 0.256500 0.000000 11.333016 22.603251 33.774766 44.849754 55.861445 66.855647 77.870441 88.921798 100.000000
2566 0.256600 0.000000 11.334026 22.605150 33.777327 44.852670 55.864364 66.858217 77.872350 88.922814 100.000000
2567 0.256700 0.000000 11.335035 22.607048 33.779886 44.855582 55.867280 66.860783 77.874256 88.923829 100.000000
2568 0.256800 0.000000 11.336043 22.608943 33.782441 44.858491 55.870192 66.863347 77.876161 88.924843 100.000000
2569 0.256900 0.000000 11.337049 22.610836 33.784993 44.861396 55.873100 66.865907 77.878063 88.925856 100.000000
2570 0.257000 0.000000 11.338055 22.612726 33.787542 44.864298 55.876005 66.868464 77.879962 88.926867 100.000000
2571 0.257100 0.000000 11.339059 22.614614 33.790089 44.867196 55.878907 66.871018 77.881860 88.927877 100.000000
2572 0.257200 0.000000 11.340062 22.616500 33.792632 44.870091 55.881805 66.873569 77.883755 88.928886 100.000000
2573 0.257300 0.000000 11.341064 22.618384 33.795172 44.872983 55.884699 66.876117 77.885647 88.929894 100.000000
2574 0.257400 0.000000 11.342064 22.620266 33.797709 44.875871 55.887590 66.878662 77.887538 88.930900 100.000000
2575 0.257500 0.000000 11.343064 22.622145 33.800243 44.878755 55.890478 66.881204 77.889426 88.931905 100.000000
2576 0.257600 0.000000 11.344062 22.624022 33.802774 44.881636 55.893362 66.883743 77.891312 88.932909 100.000000
2577 0.257700 0.000000 11.345059 22.625897 33.805302 44.884514 55.896242 66.886279 77.893195 88.933912 100.000000
2578 0.257800 0.000000 11.346055 22.627769 33.807827 44.887388 55.899120 66.888811 77.895077 88.934914 100.000000
2579 0.257900 0.000000 11.347049 22.629639 33.810348 44.890258 55.901993 66.891341 77.896956 88.935914 100.000000
2580 0.258000 0.000000 11.348043 22.631507 33.812867 44.893125 55.904863 66.893867 77.898832 88.936913 100.000000
2581 0.258100 0.000000 11.349035 22.633373 33.815383 44.895989 55.907730 66.896391 77.900707 88.937911 100.000000
2582 0.258200 0.000000 11.350026 22.635237 33.817896 44.898849 55.910593 66.898911 77.902579 88.938908 100.000000
2583 0.258300 0.000000 11.351016 22.637098 33.820406 44.901706 55.913453 66.901428 77.904449 88.939903 100.000000
2584 0.258400 0.000000 11.352005 22.638957 33.822912 44.904560 55.916309 66.903943 77.906317 88.940897 100.000000
2585 0.258500 0.000000 11.352992 22.640814 33.825416 44.907409 55.919162 66.906454 77.908182 88.941891 100.000000
2586 0.258600 0.000000 11.353978 22.642669 33.827917 44.910256 55.922012 66.908962 77.910045 88.942882 100.000000
2587 0.258700 0.000000 11.354964 22.644521 33.830415 44.913099 55.924858 66.911467 77.911906 88.943873 100.000000
2588 0.258800 0.000000 11.355948 22.646371 33.832909 44.915939 55.927700 66.913969 77.913765 88.944863 100.000000
2589 0.258900 0.000000 11.356930 22.648219 33.835401 44.918775 55.930540 66.916469 77.915621 88.945851 100.000000
2590 0.259000 0.000000 11.357912 22.650065 33.837890 44.921608 55.933375 66.918965 77.917475 88.946838 100.000000
2591 0.259100 0.000000 11.358892 22.651908 33.840375 44.924437 55.936208 66.921458 77.919327 88.947824 100.000000
2592 0.259200 0.000000 11.359872 22.653750 33.842858 44.927263 55.939037 66.923948 77.921177 88.948808 100.000000
2593 0.259300 0.000000 11.360850 22.655589 33.845338 44.930086 55.941862 66.926435 77.923024 88.949792 100.000000
2594 0.259400 0.000000 11.361827 22.657426 33.847815 44.932905 55.944684 66.928919 77.924869 88.950774 100.000000
2595 0.259500 0.000000 11.362802 22.659261 33.850289 44.935721 55.947503 66.931400 77.926712 88.951755 100.000000
2596 0.259600 0.000000 11.363777 22.661093 33.852759 44.938533 55.950318 66.933878 77.928553 88.952735 100.000000
2597 0.259700 0.000000 11.364750 22.662923 33.855227 44.941342 55.953130 66.936353 77.930392 88.953714 100.000000
2598 0.259800 0.000000 11.365722 22.664752 33.857692 44.944148 55.955938 66.938825 77.932228 88.954692 100.000000
2599 0.259900 0.000000 11.366694 22.666577 33.860154 44.946950 55.958743 66.941294 77.934062 88.955668 100.000000
2600 0.260000 0.000000 11.367663 22.668401 33.862613 44.949749 55.961545 66.943760 77.935894 88.956643 100.000000
2601 0.260100 0.000000 11.368632 22.670223 33.865069 44.952545 55.964344 66.946224 77.937723 88.957617 100.000000
2602 0.260200 0.000000 11.369600 22.672042 33.867522 44.955337 55.967138 66.948684 77.939551 88.958590 100.000000
2603 0.260300 0.000000 11.370566 22.673859 33.869973 44.958126 55.969930 66.951141 77.941376 88.959561 100.000000
2604 0.260400 0.000000 11.371532 22.675674 33.872420 44.960911 55.972718 66.953595 77.943199 88.960532 100.000000
2605 0.260500 0.000000 11.372496 22.677487 33.874864 44.963693 55.975503 66.956046 77.945019 88.961501 100.000000
2606 0.260600 0.000000 11.373459 22.679298 33.877305 44.966472 55.978285 66.958494 77.946838 88.962469 100.000000
2607 0.260700 0.000000 11.374420 22.681106 33.879744 44.969247 55.981063 66.960940 77.948654 88.963436 100.000000
2608 0.260800 0.000000 11.375381 22.682913 33.882179 44.972019 55.983837 66.963382 77.950468 88.964402 100.000000
2609 0.260900 0.000000 11.376341 22.684717 33.884612 44.974788 55.986609 66.965821 77.952280 88.965366 100.000000
2610 0.261000 0.000000 11.377299 22.686519 33.887042 44.977554 55.989377 66.968258 77.954090 88.966330 100.000000
2611 0.261100 0.000000 11.378256 22.688319 33.889468 44.980316 55.992142 66.970691 77.955898 88.967292 100.000000
2612 0.261200 0.000000 11.379212 22.690116 33.891892 44.983074 55.994903 66.973122 77.957703 88.968253 100.000000
2613 0.261300 0.000000 11.380167 22.691912 33.894313 44.985830 55.997661 66.975550 77.959506 88.969213 100.000000
2614 0.261400 0.000000 11.381121 22.693705 33.896731 44.988582 56.000416 66.977974 77.961307 88.970172 100.000000
2615 0.261500 0.000000 11.382073 22.695496 33.899146 44.991331 56.003167 66.980396 77.963106 88.971129 100.000000
2616 0.261600 0.000000 11.383025 22.697285 33.901558 44.994076 56.005915 66.982815 77.964902 88.972086 100.000000
2617 0.261700 0.000000 11.383975 22.699072 33.903967 44.996818 56.008660 66.985231 77.966697 88.973041 100.000000
2618 0.261800 0.000000 11.384924 22.700857 33.906374 44.999557 56.011402 66.987644 77.968489 88.973995 100.000000
2619 0.261900 0.000000 11.385873 22.702640 33.908777 45.002293 56.014140 66.990054 77.970279 88.974948 100.000000
2620 0.262000 0.000000 11.386819 22.704420 33.911178 45.005025 56.016875 66.992461 77.972067 88.975900 100.000000
2621 0.262100 0.000000 11.387765 22.706199 33.913575 45.007754 56.019606 66.994865 77.973853 88.976851 100.000000
2622 0.262200 0.000000 11.388710 22.707975 33.915970 45.010480 56.022335 66.997266 77.975636 88.977800 100.000000
2623 0.262300 0.000000 11.389653 22.709749 33.918362 45.013202 56.025059 66.999665 77.977418 88.978748 100.000000
2624 0.262400 0.000000 11.390596 22.711521 33.920751 45.015921 56.027781 67.002060 77.979197 88.979695 100.000000
2625 0.262500 0.000000 11.391537 22.713291 33.923137 45.018637 56.030500 67.004453 77.980974 88.980642 100.000000
2626 0.262600 0.000000 11.392477 22.715058 33.925521 45.021350 56.033215 67.006842 77.982749 88.981586 100.000000
2627 0.262700 0.000000 11.393416 22.716824 33.927901 45.024059 56.035926 67.009229 77.984522 88.982530 100.000000
2628 0.262800 0.000000 11.394354 22.718587 33.930279 45.026765 56.038635 67.011613 77.986293 88.983473 100.000000
2629 0.262900 0.000000 11.395291 22.720349 33.932654 45.029468 56.041340 67.013994 77.988061 88.984414 100.000000
2630 0.263000 0.000000 11.396227 22.722108 33.935025 45.032167 56.044042 67.016372 77.989828 88.985354 100.000000
2631 0.263100 0.000000 11.397161 22.723865 33.937395 45.034864 56.046741 67.018748 77.991592 88.986294 100.000000
2632 0.263200 0.000000 11.398095 22.725620 33.939761 45.037557 56.049437 67.021120 77.993354 88.987232 100.000000
2633 0.263300 0.000000 11.399027 22.727373 33.942124 45.040246 56.052129 67.023490 77.995114 88.988168 100.000000
2634 0.263400 0.000000 11.399958 22.729124 33.944485 45.042933 56.054818 67.025856 77.996872 88.989104 100.000000
2635 0.263500 0.000000 11.400888 22.730873 33.946842 45.045616 56.057504 67.028220 77.998627 88.990039 100.000000
2636 0.263600 0.000000 11.401817 22.732619 33.949197 45.048296 56.060186 67.030581 78.000381 88.990972 100.000000
2637 0.263700 0.000000 11.402745 22.734364 33.951549 45.050973 56.062865 67.032939 78.002132 88.991905 100.000000
2638 0.263800 0.000000 11.403671 22.736106 33.953898 45.053647 56.065541 67.035294 78.003882 88.992836 100.000000
2639 0.263900 0.000000 11.404597 22.737846 33.956245 45.056317 56.068214 67.037647 78.005629 88.993766 100.000000
2640 0.264000 0.000000 11.405522 22.739585 33.958588 45.058985 56.070884 67.039996 78.007374 88.994695 100.000000
2641 0.264100 0.000000 11.406445 22.741321 33.960929 45.061648 56.073550 67.042343 78.009117 88.995623 100.000000
2642 0.264200 0.000000 11.407367 22.743055 33.963267 45.064309 56.076213 67.044687 78.010858 88.996549 100.000000
2643 0.264300 0.000000 11.408288 22.744787 33.965602 45.066967 56.078873 67.047028 78.012597 88.997475 100.000000
2644 0.264400 0.000000 11.409208 22.746517 33.967934 45.069621 56.081530 67.049366 78.014333 88.998399 100.000000
2645 0.264500 0.000000 11.410127 22.748245 33.970263 45.072272 56.084183 67.051701 78.016068 88.999323 100.000000
2646 0.264600 0.000000 11.411045 22.749970 33.972590 45.074920 56.086834 67.054034 78.017800 89.000245 100.000000
2647 0.264700 0.000000 11.411962 22.751694 33.974914 45.077565 56.089481 67.056364 78.019531 89.001166 100.000000
2648 0.264800 0.000000 11.412878 22.753416 33.977235 45.080207 56.092124 67.058691 78.021259 89.002086 100.000000
2649 0.264900 0.000000 11.413792 22.755135 33.979553 45.082845 56.094765 67.061015 78.022985 89.003005 100.000000
2650 0.265000 0.000000 11.414706 22.756853 33.981869 45.085480 56.097403 67.063336 78.024709 89.003923 100.000000
2651 0.265100 0.000000 11.415618 22.758568 33.984181 45.088112 56.100037 67.065654 78.026431 89.004839 100.000000
2652 0.265200 0.000000 11.416529 22.760281 33.986491 45.090741 56.102668 67.067970 78.028151 89.005755 100.000000
2653 0.265300 0.000000 11.417439 22.761993 33.988798 45.093367 56.105296 67.070283 78.029869 89.006669 100.000000
2654 0.265400 0.000000 11.418348 22.763702 33.991103 45.095989 56.107921 67.072593 78.031584 89.007583 100.000000
2655 0.265500 0.000000 11.419256 22.765409 33.993404 45.098609 56.110542 67.074900 78.033298 89.008495 100.000000
2656 0.265600 0.000000 11.420163 22.767114 33.995703 45.101225 56.113161 67.077205 78.035010 89.009406 100.000000
2657 0.265700 0.000000 11.421069 22.768817 33.997999 45.103838 56.115776 67.079506 78.036719 89.010316 100.000000
2658 0.265800 0.000000 11.421974 22.770518 34.000293 45.106448 56.118388 67.081805 78.038426 89.011225 100.000000
2659 0.265900 0.000000 11.422877 22.772217 34.002583 45.109055 56.120997 67.084101 78.040132 89.012132 100.000000
2660 0.266000 0.000000 11.423780 22.773914 34.004871 45.111658 56.123603 67.086395 78.041835 89.013039 100.000000
2661 0.266100 0.000000 11.424681 22.775609 34.007156 45.114259 56.126206 67.088685 78.043536 89.013945 100.000000
2662 0.266200 0.000000 11.425582 22.777302 34.009438 45.116856 56.128805 67.090973 78.045235 89.014849 100.000000
2663 0.266300 0.000000 11.426481 22.778993 34.011718 45.119450 56.131402 67.093258 78.046932 89.015753 100.000000
2664 0.266400 0.000000 11.427379 22.780682 34.013994 45.122041 56.133995 67.095540 78.048627 89.016655 100.000000
2665 0.266500 0.000000 11.428276 22.782368 34.016268 45.124629 56.136585 67.097820 78.050320 89.017556 100.000000
2666 0.266600 0.000000 11.429172 22.784053 34.018540 45.127214 56.139172 67.100097 78.052011 89.018456 100.000000
2667 0.266700 0.000000 11.430067 22.785736 34.020808 45.129796 56.141756 67.102370 78.053700 89.019355 100.000000
2668 0.266800 0.000000 11.430961 22.787417 34.023074 45.132374 56.144337 67.104642 78.055387 89.020253 100.000000
2669 0.266900 0.000000 11.431854 22.789095 34.025337 45.134950 56.146914 67.106910 78.057072 89.021150 100.000000
2670 0.267000 0.000000 11.432746 22.790772 34.027598 45.137522 56.149489 67.109176 78.058755 89.022046 100.000000
2671 0.267100 0.000000 11.433637 22.792447 34.029855 45.140092 56.152060 67.111439 78.060435 89.022940 100.000000
2672 0.267200 0.000000 11.434526 22.794119 34.032110 45.142658 56.154628 67.113699 78.062114 89.023834 100.000000
2673 0.267300 0.000000 11.435415 22.795790 34.034362 45.145221 56.157194 67.115957 78.063791 89.024726 100.000000
2674 0.267400 0.000000 11.436302 22.797458 34.036612 45.147781 56.159756 67.118211 78.065465 89.025618 100.000000
2675 0.267500 0.000000 11.437189 22.799125 34.038859 45.150338 56.162315 67.120463 78.067138 89.026508 100.000000
2676 0.267600 0.000000 11.438074 22.800790 34.041103 45.152892 56.164871 67.122713 78.068808 89.027397 100.000000
2677 0.267700 0.000000 11.438958 22.802452 34.043344 45.155442 56.167423 67.124959 78.070477 89.028285 100.000000
2678 0.267800 0.000000 11.439842 22.804113 34.045583 45.157990 56.169973 67.127203 78.072143 89.029172 100.000000
2679 0.267900 0.000000 11.440724 22.805771 34.047819 45.160535 56.172520 67.129444 78.073808 89.030058 100.000000
2680 0.268000 0.000000 11.441605 22.807428 34.050052 45.163076 56.175063 67.131683 78.075470 89.030943 100.000000
2681 0.268100 0.000000 11.442485 22.809083 34.052283 45.165615 56.177604 67.133919 78.077131 89.031827 100.000000
2682 0.268200 0.000000 11.443364 22.810735 34.054511 45.168150 56.180141 67.136152 78.078789 89.032710 100.000000
2683 0.268300 0.000000 11.444242 22.812386 34.056736 45.170683 56.182676 67.138382 78.080445 89.033592 100.000000
2684 0.268400 0.000000 11.445119 22.814035 34.058959 45.173212 56.185207 67.140610 78.082100 89.034472 100.000000
2685 0.268500 0.000000 11.445995 22.815681 34.061179 45.175738 56.187735 67.142834 78.083752 89.035352 100.000000
2686 0.268600 0.000000 11.446869 22.817326 34.063396 45.178261 56.190260 67.145057 78.085403 89.036230 100.000000
2687 0.268700 0.000000 11.447743 22.818969 34.065610 45.180781 56.192782 67.147276 78.087051 89.037108 100.000000
2688 0.268800 0.000000 11.448616 22.820609 34.067822 45.183299 56.195301 67.149493 78.088697 89.037984 100.000000
2689 0.268900 0.000000 11.449488 22.822248 34.070031 45.185813 56.197817 67.151707 78.090342 89.038859 100.000000
2690 0.269000 0.000000 11.450358 22.823885 34.072238 45.188324 56.200330 67.153919 78.091984 89.039734 100.000000
2691 0.269100 0.000000 11.451228 22.825520 34.074442 45.190832 56.202840 67.156128 78.093625 89.040607 100.000000
2692 0.269200 0.000000 11.452096 22.827153 34.076643 45.193337 56.205347 67.158334 78.095263 89.041479 100.000000
2693 0.269300 0.000000 11.452964 22.828784 34.078842 45.195839 56.207851 67.160537 78.096899 89.042350 100.000000
2694 0.269400 0.000000 11.453830 22.830413 34.081038 45.198338 56.210352 67.162738 78.098534 89.043220 100.000000
2695 0.269500 0.000000 11.454695 22.832040 34.083231 45.200833 56.212850 67.164936 78.100166 89.044089 100.000000
2696 0.269600 0.000000 11.455560 22.833665 34.085422 45.203326 56.215345 67.167132 78.101797 89.044957 100.000000
2697 0.269700 0.000000 11.456423 22.835288 34.087610 45.205816 56.217836 67.169324 78.103425 89.045824 100.000000
2698 0.269800 0.000000 11.457285 22.836909 34.089795 45.208303 56.220325 67.171515 78.105052 89.046690 100.000000
2699 0.269900 0.000000 11.458146 22.838528 34.091978 45.210787 56.222811 67.173702 78.106677 89.047554 100.000000
2700 0.270000 0.000000 11.459007 22.840145 34.094158 45.213268 56.225294 67.175887 78.108299 89.048418 100.000000
2701 0.270100 0.000000 11.459866 22.841760 34.096336 45.215746 56.227774 67.178069 78.109920 89.049281 100.000000
2702 0.270200 0.000000 11.460724 22.843374 34.098510 45.218221 56.230250 67.180249 78.111538 89.050142 100.000000
2703 0.270300 0.000000 11.461581 22.844985 34.100683 45.220693 56.232724 67.182426 78.113155 89.051003 100.000000
2704 0.270400 0.000000 11.462437 22.846595 34.102852 45.223162 56.235195 67.184600 78.114770 89.051862 100.000000
2705 0.270500 0.000000 11.463292 22.848202 34.105019 45.225628 56.237663 67.186772 78.116383 89.052721 100.000000
2706 0.270600 0.000000 11.464146 22.849808 34.107184 45.228091 56.240128 67.188941 78.117993 89.053578 100.000000
2707 0.270700 0.000000 11.464999 22.851411 34.109346 45.230551 56.242589 67.191107 78.119602 89.054435 100.000000
2708 0.270800 0.000000 11.465851 22.853013 34.111505 45.233008 56.245048 67.193271 78.121209 89.055290 100.000000
2709 0.270900 0.000000 11.466702 22.854613 34.113661 45.235462 56.247504 67.195432 78.122814 89.056144 100.000000
2710 0.271000 0.000000 11.467552 22.856211 34.115815 45.237913 56.249957 67.197591 78.124417 89.056997 100.000000
2711 0.271100 0.000000 11.468401 22.857807 34.117967 45.240361 56.252407 67.199747 78.126018 89.057850 100.000000
2712 0.271200 0.000000 11.469248 22.859401 34.120116 45.242806 56.254854 67.201900 78.127618 89.058701 100.000000
2713 0.271300 0.000000 11.470095 22.860993 34.122262 45.245249 56.257298 67.204051 78.129215 89.059551 100.000000
2714 0.271400 0.000000 11.470941 22.862583 34.124405 45.247688 56.259739 67.206199 78.130810 89.060400 100.000000
2715 0.271500 0.000000 11.471786 22.864171 34.126547 45.250124 56.262177 67.208344 78.132403 89.061248 100.000000
2716 0.271600 0.000000 11.472630 22.865758 34.128685 45.252558 56.264612 67.210487 78.133995 89.062095 100.000000
2717 0.271700 0.000000 11.473472 22.867342 34.130821 45.254988 56.267045 67.212627 78.135584 89.062941 100.000000
2718 0.271800 0.000000 11.474314 22.868925 34.132954 45.257416 56.269474 67.214765 78.137172 89.063786 100.000000
2719 0.271900 0.000000 11.475155 22.870505 34.135085 45.259840 56.271900 67.216900 78.138757 89.064630 100.000000
2720 0.272000 0.000000 11.475995 22.872084 34.137213 45.262262 56.274324 67.219033 78.140341 89.065473 100.000000
2721 0.272100 0.000000 11.476833 22.873661 34.139339 45.264681 56.276744 67.221163 78.141923 89.066315 100.000000
2722 0.272200 0.000000 11.477671 22.875236 34.141462 45.267097 56.279162 67.223290 78.143503 89.067156 100.000000
2723 0.272300 0.000000 11.478508 22.876809 34.143582 45.269510 56.281576 67.225415 78.145081 89.067996 100.000000
2724 0.272400 0.000000 11.479343 22.878380 34.145700 45.271920 56.283988 67.227537 78.146657 89.068835 100.000000
2725 0.272500 0.000000 11.480178 22.879949 34.147816 45.274327 56.286397 67.229657 78.148231 89.069673 100.000000
2726 0.272600 0.000000 11.481012 22.881516 34.149928 45.276731 56.288803 67.231774 78.149803 89.070510 100.000000
2727 0.272700 0.000000 11.481844 22.883082 34.152039 45.279132 56.291206 67.233889 78.151373 89.071346 100.000000
2728 0.272800 0.000000 11.482676 22.884645 34.154146 45.281531 56.293606 67.236000 78.152942 89.072180 100.000000
2729 0.272900 0.000000 11.483507 22.886207 34.156252 45.283926 56.296003 67.238110 78.154508 89.073014 100.000000
2730 0.273000 0.000000 11.484337 22.887767 34.158354 45.286319 56.298397 67.240217 78.156073 89.073847 100.000000
2731 0.273100 0.000000 11.485165 22.889325 34.160454 45.288709 56.300789 67.242321 78.157635 89.074679 100.000000
2732 0.273200 0.000000 11.485993 22.890881 34.162552 45.291095 56.303177 67.244423 78.159196 89.075510 100.000000
2733 0.273300 0.000000 11.486820 22.892435 34.164647 45.293479 56.305563 67.246522 78.160755 89.076339 100.000000
2734 0.273400 0.000000 11.487645 22.893988 34.166740 45.295860 56.307946 67.248619 78.162312 89.077168 100.000000
2735 0.273500 0.000000 11.488470 22.895538 34.168830 45.298239 56.310325 67.250713 78.163867 89.077996 100.000000
2736 0.273600 0.000000 11.489294 22.897087 34.170917 45.300614 56.312702 67.252804 78.165421 89.078823 100.000000
2737 0.273700 0.000000 11.490116 22.898633 34.173002 45.302986 56.315076 67.254893 78.166972 89.079648 100.000000
2738 0.273800 0.000000 11.490938 22.900178 34.175085 45.305356 56.317448 67.256980 78.168521 89.080473 100.000000
2739 0.273900 0.000000 11.491759 22.901721 34.177165 45.307723 56.319816 67.259064 78.170069 89.081297 100.000000
2740 0.274000 0.000000 11.492579 22.903262 34.179242 45.310087 56.322181 67.261145 78.171615 89.082120 100.000000
2741 0.274100 0.000000 11.493397 22.904802 34.181317 45.312448 56.324544 67.263224 78.173159 89.082941 100.000000
2742 0.274200 0.000000 11.494215 22.906339 34.183389 45.314806 56.326904 67.265301 78.174701 89.083762 100.000000
2743 0.274300 0.000000 11.495032 22.907875 34.185459 45.317161 56.329261 67.267375 78.176241 89.084582 100.000000
2744 0.274400 0.000000 11.495848 22.909408 34.187527 45.319514 56.331615 67.269446 78.177779 89.085400 100.000000
2745 0.274500 0.000000 11.496663 22.910940 34.189592 45.321863 56.333966 67.271515 78.179315 89.086218 100.000000
2746 0.274600 0.000000 11.497476 22.912470 34.191654 45.324210 56.336314 67.273581 78.180850 89.087035 100.000000
2747 0.274700 0.000000 11.498289 22.913998 34.193714 45.326554 56.338660 67.275645 78.182382 89.087851 100.000000
2748 0.274800 0.000000 11.499101 22.915525 34.195772 45.328895 56.341002 67.277707 78.183913 89.088666 100.000000
2749 0.274900 0.000000 11.499912 22.917049 34.197827 45.331234 56.343342 67.279766 78.185442 89.089479 100.000000
2750 0.275000 0.000000 11.500722 22.918572 34.199879 45.333569 56.345679 67.281822 78.186969 89.090292 100.000000
2751 0.275100 0.000000 11.501531 22.920093 34.201929 45.335902 56.348014 67.283876 78.188494 89.091104 100.000000
2752 0.275200 0.000000 11.502339 22.921612 34.203977 45.338232 56.350345 67.285927 78.190018 89.091915 100.000000
2753 0.275300 0.000000 11.503146 22.923129 34.206022 45.340559 56.352673 67.287976 78.191539 89.092725 100.000000
2754 0.275400 0.000000 11.503952 22.924644 34.208065 45.342883 56.354999 67.290023 78.193059 89.093534 100.000000
2755 0.275500 0.000000 11.504757 22.926158 34.210105 45.345204 56.357322 67.292067 78.194577 89.094341 100.000000
2756 0.275600 0.000000 11.505561 22.927670 34.212142 45.347523 56.359642 67.294108 78.196093 89.095148 100.000000
2757 0.275700 0.000000 11.506364 22.929179 34.214178 45.349839 56.361959 67.296147 78.197607 89.095954 100.000000
2758 0.275800 0.000000 11.507166 22.930688 34.216210 45.352152 56.364274 67.298184 78.199119 89.096759 100.000000
2759 0.275900 0.000000 11.507968 22.932194 34.218241 45.354462 56.366586 67.300218 78.200630 89.097563 100.000000
2760 0.276000 0.000000 11.508768 22.933698 34.220269 45.356769 56.368894 67.302249 78.202138 89.098366 100.000000
2761 0.276100 0.000000 11.509567 22.935201 34.222294 45.359074 56.371201 67.304279 78.203645 89.099168 100.000000
2762 0.276200 0.000000 11.510365 22.936702 34.224317 45.361376 56.373504 67.306305 78.205150 89.099969 100.000000
2763 0.276300 0.000000 11.511163 22.938201 34.226338 45.363675 56.375804 67.308329 78.206653 89.100769 100.000000
2764 0.276400 0.000000 11.511959 22.939698 34.228356 45.365971 56.378102 67.310351 78.208155 89.101568 100.000000
2765 0.276500 0.000000 11.512755 22.941193 34.230372 45.368265 56.380397 67.312371 78.209654 89.102367 100.000000
2766 0.276600 0.000000 11.513549 22.942687 34.232385 45.370555 56.382689 67.314387 78.211152 89.103164 100.000000
2767 0.276700 0.000000 11.514343 22.944179 34.234396 45.372843 56.384979 67.316402 78.212648 89.103960 100.000000
2768 0.276800 0.000000 11.515135 22.945668 34.236404 45.375128 56.387265 67.318414 78.214142 89.104755 100.000000
2769 0.276900 0.000000 11.515927 22.947157 34.238410 45.377411 56.389549 67.320423 78.215634 89.105549 100.000000
2770 0.277000 0.000000 11.516717 22.948643 34.240414 45.379691 56.391830 67.322431 78.217125 89.106343 100.000000
2771 0.277100 0.000000 11.517507 22.950128 34.242415 45.381968 56.394109 67.324435 78.218613 89.107135 100.000000
2772 0.277200 0.000000 11.518296 22.951610 34.244413 45.384242 56.396384 67.326438 78.220100 89.107926 100.000000
2773 0.277300 0.000000 11.519084 22.953091 34.246410 45.386513 56.398657 67.328437 78.221585 89.108717 100.000000
2774 0.277400 0.000000 11.519870 22.954571 34.248404 45.388782 56.400927 67.330435 78.223068 89.109506 100.000000
2775 0.277500 0.000000 11.520656 22.956048 34.250395 45.391048 56.403194 67.332430 78.224550 89.110295 100.000000
2776 0.277600 0.000000 11.521441 22.957524 34.252384 45.393311 56.405459 67.334422 78.226029 89.111082 100.000000
2777 0.277700 0.000000 11.522225 22.958998 34.254371 45.395571 56.407721 67.336413 78.227507 89.111869 100.000000
2778 0.277800 0.000000 11.523008 22.960470 34.256355 45.397829 56.409980 67.338400 78.228983 89.112654 100.000000
2779 0.277900 0.000000 11.523790 22.961940 34.258337 45.400084 56.412236 67.340386 78.230458 89.113439 100.000000
2780 0.278000 0.000000 11.524572 22.963409 34.260317 45.402336 56.414490 67.342369 78.231930 89.114223 100.000000
2781 0.278100 0.000000 11.525352 22.964876 34.262294 45.404586 56.416741 67.344349 78.233401 89.115006 100.000000
2782 0.278200 0.000000 11.526131 22.966341 34.264268 45.406833 56.418989 67.346327 78.234870 89.115787 100.000000
2783 0.278300 0.000000 11.526910 22.967804 34.266241 45.409077 56.421234 67.348303 78.236337 89.116568 100.000000
2784 0.278400 0.000000 11.527687 22.969265 34.268211 45.411318 56.423477 67.350276 78.237802 89.117348 100.000000
2785 0.278500 0.000000 11.528463 22.970725 34.270178 45.413557 56.425717 67.352247 78.239266 89.118127 100.000000
2786 0.278600 0.000000 11.529239 22.972183 34.272144 45.415793 56.427954 67.354216 78.240727 89.118905 100.000000
2787 0.278700 0.000000 11.530014 22.973639 34.274106 45.418026 56.430189 67.356182 78.242187 89.119682 100.000000
2788 0.278800 0.000000 11.530787 22.975094 34.276067 45.420257 56.432421 67.358146 78.243646 89.120458 100.000000
2789 0.278900 0.000000 11.531560 22.976546 34.278025 45.422485 56.434650 67.360107 78.245102 89.121234 100.000000
2790 0.279000 0.000000 11.532332 22.977997 34.279981 45.424710 56.436877 67.362066 78.246557 89.122008 100.000000
2791 0.279100 0.000000 11.533103 22.979447 34.281934 45.426933 56.439101 67.364023 78.248010 89.122781 100.000000
2792 0.279200 0.000000 11.533873 22.980894 34.283885 45.429152 56.441322 67.365977 78.249461 89.123554 100.000000
2793 0.279300 0.000000 11.534642 22.982340 34.285834 45.431370 56.443540 67.367929 78.250910 89.124325 100.000000
2794 0.279400 0.000000 11.535410 22.983784 34.287780 45.433584 56.445756 67.369879 78.252358 89.125095 100.000000
2795 0.279500 0.000000 11.536177 22.985226 34.289724 45.435796 56.447969 67.371826 78.253804 89.125865 100.000000
2796 0.279600 0.000000 11.536943 22.986666 34.291666 45.438005 56.450179 67.373771 78.255248 89.126634 100.000000
2797 0.279700 0.000000 11.537708 22.988105 34.293605 45.440211 56.452387 67.375713 78.256690 89.127401 100.000000
2798 0.279800 0.000000 11.538473 22.989542 34.295542 45.442415 56.454592 67.377653 78.258131 89.128168 100.000000
2799 0.279900 0.000000 11.539236 22.990977 34.297476 45.444616 56.456794 67.379591 78.259570 89.128934 100.000000
2800 0.280000 0.000000 11.539999 22.992411 34.299409 45.446815 56.458994 67.381526 78.261007 89.129699 100.000000
2801 0.280100 0.000000 11.540761 22.993843 34.301339 45.449010 56.461191 67.383459 78.262442 89.130463 100.000000
2802 0.280200 0.000000 11.541521 22.995273 34.303266 45.451204 56.463385 67.385390 78.263876 89.131226 100.000000
2803 0.280300 0.000000 11.542281 22.996701 34.305191 45.453394 56.465577 67.387319 78.265308 89.131988 100.000000
2804 0.280400 0.000000 11.543040 22.998128 34.307114 45.455582 56.467766 67.389245 78.266738 89.132749 100.000000
2805 0.280500 0.000000 11.543798 22.999553 34.309035 45.457767 56.469953 67.391168 78.268167 89.133509 100.000000
2806 0.280600 0.000000 11.544555 23.000976 34.310953 45.459950 56.472136 67.393090 78.269593 89.134269 100.000000
2807 0.280700 0.000000 11.545311 23.002397 34.312869 45.462130 56.474318 67.395009 78.271018 89.135027 100.000000
2808 0.280800 0.000000 11.546066 23.003817 34.314783 45.464307 56.476496 67.396925 78.272442 89.135785 100.000000
2809 0.280900 0.000000 11.546821 23.005235 34.316694 45.466481 56.478672 67.398840 78.273863 89.136541 100.000000
2810 0.281000 0.000000 11.547574 23.006652 34.318603 45.468653 56.480845 67.400752 78.275283 89.137297 100.000000
2811 0.281100 0.000000 11.548327 23.008066 34.320510 45.470823 56.483016 67.402662 78.276701 89.138052 100.000000
2812 0.281200 0.000000 11.549078 23.009479 34.322414 45.472990 56.485184 67.404569 78.278117 89.138806 100.000000
2813 0.281300 0.000000 11.549829 23.010890 34.324317 45.475154 56.487349 67.406474 78.279532 89.139558 100.000000
2814 0.281400 0.000000 11.550579 23.012300 34.326216 45.477315 56.489512 67.408377 78.280945 89.140310 100.000000
2815 0.281500 0.000000 11.551328 23.013708 34.328114 45.479474 56.491672 67.410278 78.282356 89.141062 100.000000
2816 0.281600 0.000000 11.552075 23.015114 34.330009 45.481630 56.493829 67.412176 78.283766 89.141812 100.000000
2817 0.281700 0.000000 11.552823 23.016518 34.331902 45.483784 56.495984 67.414072 78.285173 89.142561 100.000000
2818 0.281800 0.000000 11.553569 23.017921 34.333793 45.485935 56.498136 67.415965 78.286579 89.143309 100.000000
2819 0.281900 0.000000 11.554314 23.019322 34.335681 45.488084 56.500286 67.417857 78.287984 89.144057 100.000000
2820 0.282000 0.000000 11.555058 23.020721 34.337567 45.490230 56.502433 67.419746 78.289386 89.144803 100.000000
2821 0.282100 0.000000 11.555802 23.022119 34.339451 45.492373 56.504577 67.421632 78.290787 89.145549 100.000000
2822 0.282200 0.000000 11.556544 23.023515 34.341333 45.494514 56.506719 67.423517 78.292187 89.146294 100.000000
2823 0.282300 0.000000 11.557286 23.024909 34.343212 45.496652 56.508858 67.425399 78.293584 89.147038 100.000000
2824 0.282400 0.000000 11.558027 23.026302 34.345089 45.498787 56.510995 67.427279 78.294980 89.147780 100.000000
2825 0.282500 0.000000 11.558767 23.027693 34.346964 45.500920 56.513129 67.429156 78.296374 89.148522 100.000000
2826 0.282600 0.000000 11.559506 23.029082 34.348836 45.503050 56.515261 67.431032 78.297767 89.149264 100.000000
2827 0.282700 0.000000 11.560244 23.030470 34.350706 45.505178 56.517389 67.432905 78.299157 89.150004 100.000000
2828 0.282800 0.000000 11.560981 23.031855 34.352574 45.507303 56.519516 67.434776 78.300547 89.150743 100.000000
2829 0.282900 0.000000 11.561717 23.033240 34.354440 45.509426 56.521639 67.436644 78.301934 89.151482 100.000000
2830 0.283000 0.000000 11.562453 23.034622 34.356303 45.511546 56.523761 67.438510 78.303320 89.152219 100.000000
2831 0.283100 0.000000 11.563187 23.036003 34.358165 45.513664 56.525879 67.440374 78.304704 89.152956 100.000000
2832 0.283200 0.000000 11.563921 23.037382 34.360023 45.515778 56.527995 67.442236 78.306086 89.153691 100.000000
2833 0.283300 0.000000 11.564654 23.038760 34.361880 45.517891 56.530109 67.444095 78.307467 89.154426 100.000000
2834 0.283400 0.000000 11.565386 23.040136 34.363735 45.520001 56.532220 67.445953 78.308846 89.155160 100.000000
2835 0.283500 0.000000 11.566117 23.041510 34.365587 45.522108 56.534328 67.447808 78.310223 89.155893 100.000000
2836 0.283600 0.000000 11.566847 23.042882 34.367437 45.524213 56.536434 67.449660 78.311599 89.156625 100.000000
2837 0.283700 0.000000 11.567576 23.044253 34.369285 45.526315 56.538537 67.451511 78.312973 89.157357 100.000000
2838 0.283800 0.000000 11.568305 23.045623 34.371130 45.528414 56.540638 67.453359 78.314345 89.158087 100.000000
2839 0.283900 0.000000 11.569032 23.046990 34.372973 45.530512 56.542736 67.455205 78.315716 89.158817 100.000000
2840 0.284000 0.000000 11.569759 23.048356 34.374814 45.532606 56.544832 67.457049 78.317085 89.159545 100.000000
2841 0.284100 0.000000 11.570484 23.049720 34.376653 45.534698 56.546925 67.458890 78.318452 89.160273 100.000000
2842 0.284200 0.000000 11.571209 23.051083 34.378490 45.536788 56.549015 67.460729 78.319818 89.161000 100.000000
2843 0.284300 0.000000 11.571933 23.052444 34.380324 45.538875 56.551103 67.462566 78.321182 89.161726 100.000000
2844 0.284400 0.000000 11.572656 23.053803 34.382156 45.540959 56.553189 67.464401 78.322544 89.162451 100.000000
2845 0.284500 0.000000 11.573379 23.055161 34.383986 45.543041 56.555272 67.466234 78.323905 89.163175 100.000000
2846 0.284600 0.000000 11.574100 23.056517 34.385814 45.545120 56.557352 67.468064 78.325264 89.163898 100.000000
2847 0.284700 0.000000 11.574820 23.057872 34.387639 45.547197 56.559430 67.469892 78.326621 89.164621 100.000000
2848 0.284800 0.000000 11.575540 23.059224 34.389463 45.549271 56.561505 67.471718 78.327977 89.165342 100.000000
2849 0.284900 0.000000 11.576259 23.060575 34.391284 45.551343 56.563578 67.473542 78.329331 89.166063 100.000000
2850 0.285000 0.000000 11.576977 23.061925 34.393103 45.553413 56.565648 67.475363 78.330684 89.166783 100.000000
2851 0.285100 0.000000 11.577694 23.063273 34.394919 45.555480 56.567716 67.477183 78.332034 89.167502 100.000000
2852 0.285200 0.000000 11.578410 23.064619 34.396734 45.557544 56.569782 67.479000 78.333384 89.168220 100.000000
2853 0.285300 0.000000 11.579125 23.065964 34.398546 45.559606 56.571845 67.480815 78.334731 89.168937 100.000000
2854 0.285400 0.000000 11.579840 23.067307 34.400356 45.561665 56.573905 67.482627 78.336077 89.169653 100.000000
2855 0.285500 0.000000 11.580553 23.068648 34.402164 45.563722 56.575963 67.484438 78.337421 89.170369 100.000000
2856 0.285600 0.000000 11.581266 23.069988 34.403970 45.565776 56.578018 67.486246 78.338764 89.171083 100.000000
2857 0.285700 0.000000 11.581978 23.071326 34.405774 45.567828 56.580071 67.488052 78.340105 89.171797 100.000000
2858 0.285800 0.000000 11.582689 23.072663 34.407575 45.569877 56.582121 67.489856 78.341444 89.172510 100.000000
2859 0.285900 0.000000 11.583399 23.073998 34.409374 45.571924 56.584169 67.491658 78.342782 89.173222 100.000000
2860 0.286000 0.000000 11.584108 23.075331 34.411171 45.573969 56.586215 67.493457 78.344118 89.173933 100.000000
2861 0.286100 0.000000 11.584817 23.076663 34.412966 45.576011 56.588258 67.495255 78.345453 89.174643 100.000000
2862 0.286200 0.000000 11.585524 23.077993 34.414759 45.578050 56.590298 67.497050 78.346786 89.175353 100.000000
2863 0.286300 0.000000 11.586231 23.079321 34.416549 45.580087 56.592336 67.498843 78.348117 89.176061 100.000000
2864 0.286400 0.000000 11.586937 23.080648 34.418338 45.582122 56.594372 67.500633 78.349447 89.176769 100.000000
2865 0.286500 0.000000 11.587642 23.081973 34.420124 45.584154 56.596405 67.502422 78.350775 89.177476 100.000000
2866 0.286600 0.000000 11.588346 23.083297 34.421908 45.586184 56.598435 67.504209 78.352101 89.178182 100.000000
2867 0.286700 0.000000 11.589049 23.084619 34.423690 45.588211 56.600463 67.505993 78.353426 89.178887 100.000000
2868 0.286800 0.000000 11.589752 23.085940 34.425469 45.590235 56.602489 67.507775 78.354749 89.179591 100.000000
2869 0.286900 0.000000 11.590453 23.087259 34.427247 45.592258 56.604512 67.509555 78.356071 89.180294 100.000000
2870 0.287000 0.000000 11.591154 23.088576 34.429022 45.594278 56.606533 67.511333 78.357391 89.180997 100.000000
2871 0.287100 0.000000 11.591854 23.089892 34.430796 45.596295 56.608551 67.513108 78.358709 89.181698 100.000000
2872 0.287200 0.000000 11.592553 23.091206 34.432567 45.598310 56.610567 67.514882 78.360026 89.182399 100.000000
2873 0.287300 0.000000 11.593251 23.092518 34.434336 45.600322 56.612581 67.516653 78.361341 89.183099 100.000000
2874 0.287400 0.000000 11.593949 23.093829 34.436103 45.602332 56.614592 67.518422 78.362655 89.183798 100.000000
2875 0.287500 0.000000 11.594645 23.095138 34.437867 45.604340 56.616600 67.520189 78.363967 89.184497 100.000000
2876 0.287600 0.000000 11.595341 23.096446 34.439630 45.606345 56.618606 67.521954 78.365277 89.185194 100.000000
2877 0.287700 0.000000 11.596036 23.097752 34.441390 45.608348 56.620610 67.523717 78.366586 89.185891 100.000000
2878 0.287800 0.000000 11.596730 23.099057 34.443149 45.610348 56.622611 67.525478 78.367893 89.186586 100.000000
2879 0.287900 0.000000 11.597423 23.100360 34.444905 45.612346 56.624610 67.527236 78.369199 89.187281 100.000000
2880 0.288000 0.000000 11.598115 23.101662 34.446659 45.614342 56.626606 67.528993 78.370503 89.187975 100.000000
2881 0.288100 0.000000 11.598807 23.102961 34.448411 45.616335 56.628600 67.530747 78.371806 89.188668 100.000000
2882 0.288200 0.000000 11.599497 23.104260 34.450161 45.618325 56.630592 67.532499 78.373106 89.189361 100.000000
2883 0.288300 0.000000 11.600187 23.105556 34.451908 45.620314 56.632581 67.534249 78.374406 89.190052 100.000000
2884 0.288400 0.000000 11.600876 23.106852 34.453654 45.622300 56.634568 67.535997 78.375704 89.190743 100.000000
2885 0.288500 0.000000 11.601564 23.108145 34.455398 45.624283 56.636552 67.537742 78.377000 89.191433 100.000000
2886 0.288600 0.000000 11.602252 23.109437 34.457139 45.626264 56.638534 67.539486 78.378294 89.192122 100.000000
2887 0.288700 0.000000 11.602938 23.110728 34.458878 45.628243 56.640514 67.541228 78.379587 89.192810 100.000000
2888 0.288800 0.000000 11.603624 23.112017 34.460615 45.630219 56.642491 67.542967 78.380879 89.193497 100.000000
2889 0.288900 0.000000 11.604309 23.113304 34.462350 45.632193 56.644465 67.544704 78.382169 89.194184 100.000000
2890 0.289000 0.000000 11.604993 23.114590 34.464083 45.634164 56.646438 67.546439 78.383457 89.194869 100.000000
2891 0.289100 0.000000 11.605676 23.115874 34.465814 45.636133 56.648408 67.548172 78.384744 89.195554 100.000000
2892 0.289200 0.000000 11.606358 23.117157 34.467543 45.638100 56.650375 67.549903 78.386029 89.196238 100.000000
2893 0.289300 0.000000 11.607040 23.118438 34.469270 45.640064 56.652340 67.551632 78.387313 89.196921 100.000000
2894 0.289400 0.000000 11.607720 23.119718 34.470994 45.642026 56.654303 67.553359 78.388595 89.197604 100.000000
2895 0.289500 0.000000 11.608400 23.120996 34.472717 45.643986 56.656264 67.555084 78.389875 89.198285 100.000000
2896 0.289600 0.000000 11.609079 23.122272 34.474437 45.645943 56.658222 67.556806 78.391154 89.198966 100.000000
2897 0.289700 0.000000 11.609758 23.123547 34.476155 45.647898 56.660177 67.558527 78.392432 89.199646 100.000000
2898 0.289800 0.000000 11.610435 23.124821 34.477872 45.649850 56.662131 67.560245 78.393707 89.200325 100.000000
2899 0.289900 0.000000 11.611112 23.126093 34.479586 45.651800 56.664081 67.561961 78.394982 89.201003 100.000000
2900 0.290000 0.000000 11.611788 23.127363 34.481298 45.653748 56.666030 67.563676 78.396254 89.201680 100.000000
2901 0.290100 0.000000 11.612462 23.128632 34.483008 45.655693 56.667976 67.565388 78.397526 89.202357 100.000000
2902 0.290200 0.000000 11.613137 23.129899 34.484716 45.657636 56.669920 67.567098 78.398795 89.203033 100.000000
2903 0.290300 0.000000 11.613810 23.131165 34.486422 45.659577 56.671862 67.568806 78.400063 89.203707 100.000000
2904 0.290400 0.000000 11.614483 23.132429 34.488126 45.661515 56.673801 67.570512 78.401330 89.204382 100.000000
2905 0.290500 0.000000 11.615154 23.133692 34.489828 45.663451 56.675737 67.572216 78.402595 89.205055 100.000000
2906 0.290600 0.000000 11.615825 23.134953 34.491527 45.665385 56.677672 67.573917 78.403859 89.205727 100.000000
2907 0.290700 0.000000 11.616495 23.136212 34.493225 45.667316 56.679604 67.575617 78.405121 89.206399 100.000000
2908 0.290800 0.000000 11.617165 23.137471 34.494921 45.669245 56.681534 67.577315 78.406381 89.207070 100.000000
2909 0.290900 0.000000 11.617833 23.138727 34.496614 45.671172 56.683461 67.579010 78.407640 89.207740 100.000000
2910 0.291000 0.000000 11.618501 23.139982 34.498306 45.673096 56.685386 67.580704 78.408897 89.208409 100.000000
2911 0.291100 0.000000 11.619168 23.141236 34.499995 45.675018 56.687309 67.582395 78.410153 89.209077 100.000000
2912 0.291200 0.000000 11.619834 23.142488 34.501682 45.676938 56.689229 67.584085 78.411407 89.209745 100.000000
2913 0.291300 0.000000 11.620499 23.143738 34.503368 45.678855 56.691147 67.585772 78.412660 89.210412 100.000000
2914 0.291400 0.000000 11.621163 23.144987 34.505051 45.680770 56.693063 67.587457 78.413912 89.211077 100.000000
2915 0.291500 0.000000 11.621827 23.146235 34.506732 45.682682 56.694976 67.589141 78.415161 89.211743 100.000000
2916 0.291600 0.000000 11.622490 23.147481 34.508412 45.684593 56.696888 67.590822 78.416410 89.212407 100.000000
2917 0.291700 0.000000 11.623152 23.148725 34.510089 45.686501 56.698796 67.592501 78.417656 89.213070 100.000000
2918 0.291800 0.000000 11.623813 23.149968 34.511764 45.688406 56.700703 67.594178 78.418902 89.213733 100.000000
2919 0.291900 0.000000 11.624474 23.151210 34.513437 45.690310 56.702607 67.595853 78.420145 89.214395 100.000000
2920 0.292000 0.000000 11.625133 23.152450 34.515108 45.692211 56.704509 67.597526 78.421387 89.215056 100.000000
2921 0.292100 0.000000 11.625792 23.153688 34.516778 45.694110 56.706408 67.599197 78.422628 89.215716 100.000000
2922 0.292200 0.000000 11.626450 23.154925 34.518445 45.696006 56.708306 67.600867 78.423867 89.216376 100.000000
2923 0.292300 0.000000 11.627107 23.156161 34.520110 45.697900 56.710201 67.602534 78.425105 89.217035 100.000000
2924 0.292400 0.000000 11.627764 23.157395 34.521773 45.699792 56.712093 67.604199 78.426341 89.217692 100.000000
2925 0.292500 0.000000 11.628420 23.158627 34.523434 45.701682 56.713983 67.605861 78.427576 89.218350 100.000000
2926 0.292600 0.000000 11.629074 23.159858 34.525093 45.703569 56.715872 67.607522 78.428809 89.219006 100.000000
2927 0.292700 0.000000 11.629728 23.161088 34.526750 45.705454 56.717757 67.609181 78.430041 89.219661 100.000000
2928 0.292800 0.000000 11.630382 23.162316 34.528405 45.707337 56.719641 67.610838 78.431271 89.220316 100.000000
2929 0.292900 0.000000 11.631034 23.163542 34.530058 45.709217 56.721522 67.612493 78.432500 89.220970 100.000000
2930 0.293000 0.000000 11.631686 23.164767 34.531709 45.711095 56.723401 67.614146 78.433727 89.221623 100.000000
2931 0.293100 0.000000 11.632337 23.165991 34.533358 45.712971 56.725277 67.615797 78.434952 89.222275 100.000000
2932 0.293200 0.000000 11.632987 23.167213 34.535005 45.714845 56.727152 67.617446 78.436177 89.222927 100.000000
2933 0.293300 0.000000 11.633636 23.168434 34.536650 45.716716 56.729024 67.619093 78.437399 89.223578 100.000000
2934 0.293400 0.000000 11.634285 23.169653 34.538293 45.718585 56.730894 67.620738 78.438621 89.224227 100.000000
2935 0.293500 0.000000 11.634933 23.170871 34.539934 45.720452 56.732761 67.622380 78.439840 89.224877 100.000000
2936 0.293600 0.000000 11.635580 23.172087 34.541573 45.722317 56.734627 67.624021 78.441059 89.225525 100.000000
2937 0.293700 0.000000 11.636226 23.173302 34.543210 45.724179 56.736490 67.625660 78.442275 89.226173 100.000000
2938 0.293800 0.000000 11.636871 23.174515 34.544845 45.726039 56.738350 67.627297 78.443491 89.226819 100.000000
2939 0.293900 0.000000 11.637516 23.175727 34.546478 45.727897 56.740209 67.628932 78.444705 89.227465 100.000000
2940 0.294000 0.000000 11.638160 23.176937 34.548110 45.729752 56.742065 67.630565 78.445917 89.228111 100.000000
2941 0.294100 0.000000 11.638803 23.178146 34.549739 45.731606 56.743919 67.632196 78.447128 89.228755 100.000000
2942 0.294200 0.000000 11.639445 23.179353 34.551366 45.733457 56.745771 67.633825 78.448337 89.229399 100.000000
2943 0.294300 0.000000 11.640087 23.180559 34.552991 45.735305 56.747620 67.635452 78.449545 89.230041 100.000000
2944 0.294400 0.000000 11.640728 23.181764 34.554614 45.737152 56.749468 67.637077 78.450752 89.230684 100.000000
2945 0.294500 0.000000 11.641368 23.182967 34.556236 45.738996 56.751313 67.638700 78.451957 89.231325 100.000000
2946 0.294600 0.000000 11.642007 23.184168 34.557855 45.740838 56.753155 67.640321 78.453160 89.231965 100.000000
2947 0.294700 0.000000 11.642645 23.185368 34.559472 45.742678 56.754996 67.641940 78.454362 89.232605 100.000000
2948 0.294800 0.000000 11.643283 23.186567 34.561088 45.744516 56.756834 67.643557 78.455563 89.233244 100.000000
2949 0.294900 0.000000 11.643920 23.187764 34.562701 45.746351 56.758670 67.645173 78.456762 89.233882 100.000000
2950 0.295000 0.000000 11.644556 23.188960 34.564313 45.748184 56.760504 67.646786 78.457960 89.234520 100.000000
2951 0.295100 0.000000 11.645191 23.190154 34.565922 45.750015 56.762336 67.648397 78.459156 89.235156 100.000000
2952 0.295200 0.000000 11.645826 23.191347 34.567530 45.751844 56.764165 67.650006 78.460351 89.235792 100.000000
2953 0.295300 0.000000 11.646460 23.192538 34.569136 45.753671 56.765992 67.651614 78.461544 89.236427 100.000000
2954 0.295400 0.000000 11.647093 23.193728 34.570739 45.755495 56.767817 67.653219 78.462736 89.237062 100.000000
2955 0.295500 0.000000 11.647725 23.194917 34.572341 45.757317 56.769640 67.654823 78.463927 89.237695 100.000000
2956 0.295600 0.000000 11.648357 23.196104 34.573941 45.759137 56.771461 67.656424 78.465116 89.238328 100.000000
2957 0.295700 0.000000 11.648987 23.197290 34.575539 45.760954 56.773279 67.658024 78.466303 89.238960 100.000000
2958 0.295800 0.000000 11.649617 23.198474 34.577135 45.762770 56.775095 67.659621 78.467489 89.239591 100.000000
2959 0.295900 0.000000 11.650247 23.199657 34.578729 45.764583 56.776909 67.661217 78.468674 89.240222 100.000000
2960 0.296000 0.000000 11.650875 23.200838 34.580321 45.766394 56.778721 67.662811 78.469857 89.240851 100.000000
2961 0.296100 0.000000 11.651503 23.202018 34.581911 45.768203 56.780530 67.664403 78.471039 89.241480 100.000000
2962 0.296200 0.000000 11.652130 23.203197 34.583499 45.770010 56.782338 67.665992 78.472220 89.242108 100.000000
2963 0.296300 0.000000 11.652756 23.204374 34.585085 45.771814 56.784143 67.667580 78.473399 89.242736 100.000000
2964 0.296400 0.000000 11.653381 23.205549 34.586670 45.773617 56.785946 67.669166 78.474576 89.243363 100.000000
2965 0.296500 0.000000 11.654006 23.206723 34.588252 45.775417 56.787746 67.670750 78.475752 89.243988 100.000000
2966 0.296600 0.000000 11.654630 23.207896 34.589833 45.777215 56.789545 67.672333 78.476927 89.244614 100.000000
2967 0.296700 0.000000 11.655253 23.209068 34.591412 45.779010 56.791341 67.673913 78.478100 89.245238 100.000000
2968 0.296800 0.000000 11.655876 23.210238 34.592988 45.780804 56.793136 67.675491 78.479272 89.245862 100.000000
2969 0.296900 0.000000 11.656497 23.211406 34.594563 45.782595 56.794928 67.677068 78.480442 89.246484 100.000000
2970 0.297000 0.000000 11.657118 23.212573 34.596136 45.784385 56.796717 67.678642 78.481611 89.247106 100.000000
2971 0.297100 0.000000 11.657738 23.213739 34.597707 45.786172 56.798505 67.680215 78.482779 89.247728 100.000000
2972 0.297200 0.000000 11.658358 23.214903 34.599276 45.787957 56.800291 67.681785 78.483945 89.248348 100.000000
2973 0.297300 0.000000 11.658976 23.216066 34.600843 45.789739 56.802074 67.683354 78.485109 89.248968 100.000000
2974 0.297400 0.000000 11.659594 23.217228 34.602409 45.791520 56.803855 67.684921 78.486273 89.249587 100.000000
2975 0.297500 0.000000 11.660212 23.218388 34.603972 45.793298 56.805634 67.686486 78.487435 89.250206 100.000000
2976 0.297600 0.000000 11.660828 23.219547 34.605533 45.795075 56.807411 67.688049 78.488595 89.250823 100.000000
2977 0.297700 0.000000 11.661444 23.220704 34.607093 45.796849 56.809186 67.689610 78.489754 89.251440 100.000000
2978 0.297800 0.000000 11.662059 23.221860 34.608651 45.798621 56.810958 67.691169 78.490912 89.252056 100.000000
2979 0.297900 0.000000 11.662673 23.223014 34.610207 45.800390 56.812729 67.692727 78.492068 89.252671 100.000000
2980 0.298000 0.000000 11.663286 23.224167 34.611761 45.802158 56.814497 67.694282 78.493223 89.253286 100.000000
2981 0.298100 0.000000 11.663899 23.225319 34.613313 45.803924 56.816263 67.695836 78.494376 89.253900 100.000000
2982 0.298200 0.000000 11.664511 23.226469 34.614863 45.805687 56.818027 67.697388 78.495528 89.254513 100.000000
2983 0.298300 0.000000 11.665122 23.227618 34.616411 45.807448 56.819789 67.698937 78.496679 89.255125 100.000000
2984 0.298400 0.000000 11.665732 23.228766 34.617958 45.809207 56.821549 67.700485 78.497828 89.255737 100.000000
2985 0.298500 0.000000 11.666342 23.229912 34.619502 45.810964 56.823306 67.702031 78.498976 89.256348 100.000000
2986 0.298600 0.000000 11.666951 23.231057 34.621045 45.812719 56.825062 67.703576 78.500122 89.256958 100.000000
2987 0.298700 0.000000 11.667559 23.232200 34.622586 45.814472 56.826815 67.705118 78.501267 89.257567 100.000000
2988 0.298800 0.000000 11.668167 23.233342 34.624125 45.816223 56.828566 67.706658 78.502411 89.258176 100.000000
2989 0.298900 0.000000 11.668774 23.234482 34.625662 45.817971 56.830315 67.708197 78.503553 89.258784 100.000000
2990 0.299000 0.000000 11.669380 23.235622 34.627197 45.819717 56.832062 67.709734 78.504694 89.259391 100.000000
2991 0.299100 0.000000 11.669985 23.236759 34.628730 45.821462 56.833807 67.711269 78.505834 89.259997 100.000000
2992 0.299200 0.000000 11.670590 23.237896 34.630262 45.823204 56.835550 67.712802 78.506972 89.260603 100.000000
2993 0.299300 0.000000 11.671194 23.239031 34.631792 45.824944 56.837290 67.714333 78.508108 89.261208 100.000000
2994 0.299400 0.000000 11.671797 23.240165 34.633319 45.826682 56.839029 67.715862 78.509244 89.261812 100.000000
2995 0.299500 0.000000 11.672399 23.241297 34.634845 45.828417 56.840765 67.717389 78.510378 89.262415 100.000000
2996 0.299600 0.000000 11.673001 23.242428 34.636369 45.830151 56.842499 67.718915 78.511510 89.263018 100.000000
2997 0.299700 0.000000 11.673602 23.243557 34.637892 45.831883 56.844231 67.720438 78.512642 89.263620 100.000000
2998 0.299800 0.000000 11.674202 23.244686 34.639412 45.833612 56.845961 67.721960 78.513771 89.264221 100.000000
2999 0.299900 0.000000 11.674801 23.245813 34.640931 45.835339 56.847689 67.723480 78.514900 89.264822 100.000000
3000 0.300000 0.000000 11.675400 23.246938 34.642447 45.837065 56.849415 67.724998 78.516027 89.265422 100.000000
3001 0.300100 0.000000 11.675998 23.248062 34.643962 45.838788 56.851139 67.726515 78.517153 89.266021 100.000000
3002 0.300200 0.000000 11.676596 23.249185 34.645475 45.840509 56.852861 67.728029 78.518277 89.266619 100.000000
3003 0.300300 0.000000 11.677192 23.250306 34.646986 45.842228 56.854580 67.729542 78.519400 89.267217 100.000000
3004 0.300400 0.000000 11.677788 23.251426 34.648496 45.843945 56.856298 67.731053 78.520522 89.267814 100.000000
3005 0.300500 0.000000 11.678383 23.252545 34.650003 45.845660 56.858013 67.732562 78.521642 89.268410 100.000000
3006 0.300600 0.000000 11.678978 23.253662 34.651509 45.847373 56.859726 67.734069 78.522761 89.269005 100.000000
3007 0.300700 0.000000 11.679571 23.254778 34.653013 45.849083 56.861438 67.735574 78.523878 89.269600 100.000000
3008 0.300800 0.000000 11.680164 23.255893 34.654515 45.850792 56.863147 67.737077 78.524994 89.270194 100.000000
3009 0.300900 0.000000 11.680756 23.257006 34.656015 45.852498 56.864854 67.738579 78.526109 89.270787 100.000000
3010 0.301000 0.000000 11.681348 23.258118 34.657514 45.854203 56.866559 67.740079 78.527223 89.271380 100.000000
3011 0.301100 0.000000 11.681939 23.259229 34.659010 45.855905 56.868262 67.741577 78.528335 89.271972 100.000000
3012 0.301200 0.000000 11.682529 23.260338 34.660505 45.857606 56.869963 67.743073 78.529446 89.272563 100.000000
3013 0.301300 0.000000 11.683118 23.261446 34.661998 45.859304 56.871661 67.744567 78.530555 89.273153 100.000000
3014 0.301400 0.000000 11.683707 23.262552 34.663489 45.861000 56.873358 67.746060 78.531663 89.273743 100.000000
3015 0.301500 0.000000 11.684295 23.263657 34.664979 45.862694 56.875053 67.747551 78.532770 89.274332 100.000000
3016 0.301600 0.000000 11.684882 23.264761 34.666466 45.864386 56.876746 67.749039 78.533875 89.274920 100.000000
3017 0.301700 0.000000 11.685469 23.265864 34.667952 45.866076 56.878436 67.750527 78.534979 89.275508 100.000000
3018 0.301800 0.000000 11.686055 23.266965 34.669436 45.867764 56.880125 67.752012 78.536082 89.276094 100.000000
3019 0.301900 0.000000 11.686640 23.268065 34.670918 45.869450 56.881811 67.753495 78.537183 89.276681 100.000000
3020 0.302000 0.000000 11.687224 23.269163 34.672399 45.871134 56.883495 67.754977 78.538283 89.277266 100.000000
3021 0.302100 0.000000 11.687808 23.270261 34.673877 45.872816 56.885178 67.756457 78.539382 89.277851 100.000000
3022 0.302200 0.000000 11.688391 23.271356 34.675354 45.874496 56.886858 67.757935 78.540479 89.278435 100.000000
3023 0.302300 0.000000 11.688973 23.272451 34.676829 45.876174 56.888537 67.759411 78.541575 89.279018 100.000000
3024 0.302400 0.000000 11.689555 23.273544 34.678302 45.877850 56.890213 67.760886 78.542670 89.279600 100.000000
3025 0.302500 0.000000 11.690136 23.274636 34.679774 45.879523 56.891887 67.762358 78.543763 89.280182 100.000000
3026 0.302600 0.000000 11.690716 23.275727 34.681243 45.881195 56.893559 67.763829 78.544855 89.280763 100.000000
3027 0.302700 0.000000 11.691295 23.276816 34.682711 45.882865 56.895229 67.765298 78.545946 89.281344 100.000000
3028 0.302800 0.000000 11.691874 23.277904 34.684177 45.884532 56.896897 67.766766 78.547035 89.281924 100.000000
3029 0.302900 0.000000 11.692452 23.278990 34.685642 45.886198 56.898564 67.768231 78.548123 89.282503 100.000000
3030 0.303000 0.000000 11.693030 23.280076 34.687104 45.887861 56.900228 67.769695 78.549210 89.283081 100.000000
3031 0.303100 0.000000 11.693606 23.281160 34.688565 45.889523 56.901890 67.771157 78.550295 89.283658 100.000000
3032 0.303200 0.000000 11.694182 23.282242 34.690024 45.891183 56.903550 67.772617 78.551379 89.284235 100.000000
3033 0.303300 0.000000 11.694758 23.283324 34.691481 45.892840 56.905208 67.774076 78.552462 89.284812 100.000000
3034 0.303400 0.000000 11.695332 23.284404 34.692937 45.894496 56.906864 67.775533 78.553544 89.285387 100.000000
3035 0.303500 0.000000 11.695906 23.285482 34.694390 45.896149 56.908518 67.776987 78.554624 89.285962 100.000000
3036 0.303600 0.000000 11.696479 23.286560 34.695842 45.897801 56.910170 67.778441 78.555702 89.286536 100.000000
3037 0.303700 0.000000 11.697052 23.287636 34.697292 45.899450 56.911820 67.779892 78.556780 89.287109 100.000000
3038 0.303800 0.000000 11.697624 23.288711 34.698741 45.901098 56.913468 67.781342 78.557856 89.287682 100.000000
3039 0.303900 0.000000 11.698195 23.289784 34.700187 45.902743 56.915114 67.782789 78.558931 89.288254 100.000000
3040 0.304000 0.000000 11.698765 23.290856 34.701632 45.904387 56.916758 67.784236 78.560005 89.288825 100.000000
3041 0.304100 0.000000 11.699335 23.291927 34.703076 45.906028 56.918400 67.785680 78.561077 89.289396 100.000000
3042 0.304200 0.000000 11.699904 23.292997 34.704517 45.907668 56.920040 67.787122 78.562148 89.289966 100.000000
3043 0.304300 0.000000 11.700472 23.294065 34.705957 45.909305 56.921678 67.788563 78.563217 89.290535 100.000000
3044 0.304400 0.000000 11.701040 23.295132 34.707394 45.910941 56.923314 67.790002 78.564286 89.291104 100.000000
3045 0.304500 0.000000 11.701607 23.296198 34.708831 45.912575 56.924948 67.791440 78.565353 89.291672 100.000000
3046 0.304600 0.000000 11.702173 23.297262 34.710265 45.914206 56.926580 67.792875 78.566419 89.292239 100.000000
3047 0.304700 0.000000 11.702739 23.298326 34.711698 45.915836 56.928210 67.794309 78.567483 89.292805 100.000000
3048 0.304800 0.000000 11.703304 23.299387 34.713129 45.917463 56.929838 67.795741 78.568546 89.293371 100.000000
3049 0.304900 0.000000 11.703868 23.300448 34.714558 45.919089 56.931464 67.797172 78.569608 89.293936 100.000000
3050 0.305000 0.000000 11.704432 23.301507 34.715985 45.920713 56.933088 67.798600 78.570669 89.294501 100.000000
3051 0.305100 0.000000 11.704994 23.302565 34.717411 45.922334 56.934711 67.800027 78.571728 89.295064 100.000000
3052 0.305200 0.000000 11.705557 23.303622 34.718835 45.923954 56.936331 67.801452 78.572786 89.295627 100.000000
3053 0.305300 0.000000 11.706118 23.304677 34.720257 45.925572 56.937949 67.802876 78.573843 89.296190 100.000000
3054 0.305400 0.000000 11.706679 23.305732 34.721678 45.927188 56.939565 67.804297 78.574898 89.296751 100.000000
3055 0.305500 0.000000 11.707239 23.306784 34.723097 45.928802 56.941180 67.805717 78.575952 89.297312 100.000000
3056 0.305600 0.000000 11.707799 23.307836 34.724514 45.930414 56.942792 67.807136 78.577005 89.297873 100.000000
3057 0.305700 0.000000 11.708357 23.308886 34.725929 45.932023 56.944402 67.808552 78.578057 89.298432 100.000000
3058 0.305800 0.000000 11.708915 23.309935 34.727343 45.933631 56.946011 67.809967 78.579107 89.298991 100.000000
3059 0.305900 0.000000 11.709473 23.310983 34.728755 45.935238 56.947617 67.811380 78.580156 89.299549 100.000000
3060 0.306000 0.000000 11.710030 23.312030 34.730165 45.936842 56.949222 67.812791 78.581204 89.300107 100.000000
3061 0.306100 0.000000 11.710586 23.313075 34.731574 45.938444 56.950824 67.814201 78.582251 89.300664 100.000000
3062 0.306200 0.000000 11.711141 23.314119 34.732981 45.940044 56.952425 67.815609 78.583296 89.301220 100.000000
3063 0.306300 0.000000 11.711696 23.315162 34.734386 45.941642 56.954024 67.817015 78.584340 89.301776 100.000000
3064 0.306400 0.000000 11.712250 23.316203 34.735789 45.943239 56.955620 67.818420 78.585382 89.302331 100.000000
3065 0.306500 0.000000 11.712803 23.317243 34.737191 45.944833 56.957215 67.819823 78.586424 89.302885 100.000000
3066 0.306600 0.000000 11.713356 23.318282 34.738591 45.946425 56.958808 67.821224 78.587464 89.303438 100.000000
3067 0.306700 0.000000 11.713908 23.319320 34.739989 45.948016 56.960399 67.822623 78.588503 89.303991 100.000000
3068 0.306800 0.000000 11.714459 23.320356 34.741386 45.949604 56.961988 67.824021 78.589541 89.304543 100.000000
3069 0.306900 0.000000 11.715010 23.321391 34.742781 45.951191 56.963575 67.825417 78.590577 89.305095 100.000000
3070 0.307000 0.000000 11.715560 23.322425 34.744174 45.952776 56.965160 67.826811 78.591612 89.305646 100.000000
3071 0.307100 0.000000 11.716110 23.323458 34.745565 45.954359 56.966744 67.828204 78.592646 89.306196 100.000000
3072 0.307200 0.000000 11.716658 23.324489 34.746955 45.955940 56.968325 67.829595 78.593678 89.306745 100.000000
3073 0.307300 0.000000 11.717206 23.325519 34.748344 45.957519 56.969904 67.830984 78.594710 89.307294 100.000000
3074 0.307400 0.000000 11.717754 23.326548 34.749730 45.959096 56.971482 67.832371 78.595740 89.307842 100.000000
3075 0.307500 0.000000 11.718301 23.327576 34.751115 45.960671 56.973057 67.833757 78.596769 89.308390 100.000000
3076 0.307600 0.000000 11.718847 23.328602 34.752498 45.962244 56.974631 67.835141 78.597796 89.308937 100.000000
3077 0.307700 0.000000 11.719392 23.329628 34.753879 45.963815 56.976203 67.836524 78.598823 89.309483 100.000000
3078 0.307800 0.000000 11.719937 23.330651 34.755259 45.965385 56.977772 67.837905 78.599848 89.310028 100.000000
3079 0.307900 0.000000 11.720481 23.331674 34.756637 45.966952 56.979340 67.839284 78.600871 89.310573 100.000000
3080 0.308000 0.000000 11.721024 23.332696 34.758014 45.968518 56.980906 67.840661 78.601894 89.311117 100.000000
3081 0.308100 0.000000 11.721567 23.333716 34.759388 45.970081 56.982470 67.842037 78.602915 89.311661 100.000000
3082 0.308200 0.000000 11.722109 23.334735 34.760762 45.971643 56.984033 67.843411 78.603935 89.312204 100.000000
3083 0.308300 0.000000 11.722650 23.335752 34.762133 45.973203 56.985593 67.844784 78.604954 89.312746 100.000000
3084 0.308400 0.000000 11.723191 23.336769 34.763503 45.974761 56.987151 67.846154 78.605972 89.313287 100.000000
3085 0.308500 0.000000 11.723731 23.337784 34.764871 45.976317 56.988708 67.847523 78.606988 89.313828 100.000000
3086 0.308600 0.000000 11.724271 23.338798 34.766237 45.977872 56.990263 67.848891 78.608004 89.314369 100.000000
3087 0.308700 0.000000 11.724810 23.339811 34.767602 45.979424 56.991815 67.850257 78.609017 89.314908 100.000000
3088 0.308800 0.000000 11.725348 23.340822 34.768965 45.980974 56.993366 67.851621 78.610030 89.315447 100.000000
3089 0.308900 0.000000 11.725885 23.341833 34.770327 45.982523 56.994915 67.852983 78.611042 89.315985 100.000000
3090 0.309000 0.000000 11.726422 23.342842 34.771687 45.984070 56.996462 67.854344 78.612052 89.316523 100.000000
3091 0.309100 0.000000 11.726958 23.343850 34.773045 45.985614 56.998007 67.855703 78.613061 89.317060 100.000000
3092 0.309200 0.000000 11.727494 23.344856 34.774401 45.987157 56.999551 67.857061 78.614069 89.317596 100.000000
3093 0.309300 0.000000 11.728029 23.345862 34.775756 45.988698 57.001092 67.858417 78.615075 89.318132 100.000000
3094 0.309400 0.000000 11.728563 23.346866 34.777109 45.990238 57.002632 67.859771 78.616080 89.318667 100.000000
3095 0.309500 0.000000 11.729097 23.347869 34.778461 45.991775 57.004169 67.861123 78.617084 89.319201 100.000000
3096 0.309600 0.000000 11.729630 23.348871 34.779811 45.993310 57.005705 67.862474 78.618087 89.319735 100.000000
3097 0.309700 0.000000 11.730162 23.349871 34.781159 45.994844 57.007239 67.863824 78.619089 89.320268 100.000000
3098 0.309800 0.000000 11.730694 23.350871 34.782506 45.996376 57.008771 67.865171 78.620089 89.320800 100.000000
3099 0.309900 0.000000 11.731225 23.351869 34.783851 45.997906 57.010302 67.866517 78.621089 89.321332 100.000000
3100 0.310000 0.000000 11.731755 23.352866 34.785194 45.999434 57.011830 67.867861 78.622087 89.321863 100.000000
3101 0.310100 0.000000 11.732285 23.353862 34.786536 46.000960 57.013357 67.869204 78.623083 89.322393 100.000000
3102 0.310200 0.000000 11.732814 23.354856 34.787876 46.002484 57.014881 67.870545 78.624079 89.322923 100.000000
3103 0.310300 0.000000 11.733343 23.355849 34.789215 46.004007 57.016404 67.871885 78.625073 89.323452 100.000000
3104 0.310400 0.000000 11.733870 23.356842 34.790552 46.005527 57.017925 67.873223 78.626067 89.323981 100.000000
3105 0.310500 0.000000 11.734398 23.357832 34.791887 46.007046 57.019444 67.874559 78.627059 89.324509 100.000000
3106 0.310600 0.000000 11.734924 23.358822 34.793221 46.008563 57.020962 67.875893 78.628049 89.325036 100.000000
3107 0.310700 0.000000 11.735450 23.359811 34.794553 46.010078 57.022477 67.877226 78.629039 89.325563 100.000000
3108 0.310800 0.000000 11.735975 23.360798 34.795883 46.011591 57.023991 67.878558 78.630027 89.326089 100.000000
3109 0.310900 0.000000 11.736500 23.361784 34.797212 46.013103 57.025502 67.879887 78.631014 89.326614 100.000000
3110 0.311000 0.000000 11.737024 23.362769 34.798539 46.014612 57.027012 67.881216 78.632000 89.327139 100.000000
3111 0.311100 0.000000 11.737547 23.363753 34.799865 46.016120 57.028520 67.882542 78.632985 89.327663 100.000000
3112 0.311200 0.000000 11.738070 23.364735 34.801189 46.017626 57.030027 67.883867 78.633969 89.328186 100.000000
3113 0.311300 0.000000 11.738592 23.365716 34.802511 46.019130 57.031531 67.885190 78.634951 89.328709 100.000000
3114 0.311400 0.000000 11.739114 23.366697 34.803832 46.020632 57.033034 67.886512 78.635932 89.329231 100.000000
3115 0.311500 0.000000 11.739634 23.367676 34.805151 46.022133 57.034534 67.887832 78.636912 89.329752 100.000000
3116 0.311600 0.000000 11.740155 23.368653 34.806469 46.023631 57.036033 67.889150 78.637891 89.330273 100.000000
3117 0.311700 0.000000 11.740674 23.369630 34.807785 46.025128 57.037531 67.890467 78.638868 89.330793 100.000000
3118 0.311800 0.000000 11.741193 23.370605 34.809099 46.026623 57.039026 67.891782 78.639845 89.331313 100.000000
3119 0.311900 0.000000 11.741711 23.371579 34.810412 46.028116 57.040519 67.893096 78.640820 89.331832 100.000000
3120 0.312000 0.000000 11.742229 23.372553 34.811723 46.029608 57.042011 67.894408 78.641794 89.332350 100.000000
3121 0.312100 0.000000 11.742746 23.373524 34.813033 46.031097 57.043501 67.895719 78.642767 89.332868 100.000000
3122 0.312200 0.000000 11.743263 23.374495 34.814341 46.032585 57.044989 67.897027 78.643738 89.333385 100.000000
3123 0.312300 0.000000 11.743778 23.375465 34.815647 46.034071 57.046475 67.898335 78.644709 89.333901 100.000000
3124 0.312400 0.000000 11.744294 23.376433 34.816952 46.035555 57.047960 67.899640 78.645678 89.334417 100.000000
3125 0.312500 0.000000 11.744808 23.377400 34.818255 46.037037 57.049442 67.900945 78.646646 89.334932 100.000000
3126 0.312600 0.000000 11.745322 23.378366 34.819557 46.038518 57.050923 67.902247 78.647613 89.335447 100.000000
3127 0.312700 0.000000 11.745835 23.379331 34.820857 46.039996 57.052402 67.903548 78.648579 89.335961 100.000000
3128 0.312800 0.000000 11.746348 23.380294 34.822155 46.041473 57.053880 67.904847 78.649544 89.336474 100.000000
3129 0.312900 0.000000 11.746860 23.381257 34.823452 46.042948 57.055355 67.906145 78.650507 89.336987 100.000000
3130 0.313000 0.000000 11.747371 23.382218 34.824748 46.044422 57.056829 67.907441 78.651469 89.337499 100.000000
3131 0.313100 0.000000 11.747882 23.383178 34.826041 46.045893 57.058301 67.908736 78.652430 89.338010 100.000000
3132 0.313200 0.000000 11.748392 23.384137 34.827334 46.047363 57.059771 67.910029 78.653390 89.338521 100.000000
3133 0.313300 0.000000 11.748902 23.385095 34.828624 46.048831 57.061239 67.911320 78.654349 89.339031 100.000000
3134 0.313400 0.000000 11.749411 23.386052 34.829913 46.050297 57.062705 67.912610 78.655306 89.339541 100.000000
3135 0.313500 0.000000 11.749919 23.387007 34.831201 46.051762 57.064170 67.913899 78.656263 89.340050 100.000000
3136 0.313600 0.000000 11.750427 23.387961 34.832487 46.053224 57.065633 67.915185 78.657218 89.340558 100.000000
3137 0.313700 0.000000 11.750934 23.388914 34.833771 46.054685 57.067094 67.916471 78.658172 89.341066 100.000000
3138 0.313800 0.000000 11.751441 23.389866 34.835054 46.056144 57.068554 67.917754 78.659125 89.341573 100.000000
3139 0.313900 0.000000 11.751946 23.390817 34.836335 46.057602 57.070011 67.919036 78.660077 89.342079 100.000000
3140 0.314000 0.000000 11.752452 23.391767 34.837615 46.059057 57.071467 67.920317 78.661027 89.342585 100.000000
3141 0.314100 0.000000 11.752956 23.392716 34.838893 46.060511 57.072921 67.921596 78.661977 89.343091 100.000000
3142 0.314200 0.000000 11.753460 23.393663 34.840170 46.061963 57.074374 67.922873 78.662925 89.343595 100.000000
3143 0.314300 0.000000 11.753964 23.394609 34.841445 46.063413 57.075824 67.924149 78.663872 89.344099 100.000000
3144 0.314400 0.000000 11.754467 23.395554 34.842718 46.064862 57.077273 67.925423 78.664818 89.344603 100.000000
3145 0.314500 0.000000 11.754969 23.396498 34.843990 46.066308 57.078720 67.926696 78.665763 89.345105 100.000000
3146 0.314600 0.000000 11.755470 23.397441 34.845261 46.067753 57.080165 67.927967 78.666707 89.345608 100.000000
3147 0.314700 0.000000 11.755971 23.398383 34.846530 46.069197 57.081609 67.929237 78.667649 89.346109 100.000000
3148 0.314800 0.000000 11.756472 23.399323 34.847797 46.070638 57.083051 67.930505 78.668591 89.346610 100.000000
3149 0.314900 0.000000 11.756972 23.400262 34.849063 46.072078 57.084491 67.931772 78.669531 89.347110 100.000000
3150 0.315000 0.000000 11.757471 23.401201 34.850327 46.073516 57.085929 67.933037 78.670470 89.347610 100.000000
3151 0.315100 0.000000 11.757969 23.402138 34.851590 46.074952 57.087365 67.934300 78.671408 89.348109 100.000000
3152 0.315200 0.000000 11.758467 23.403074 34.852851 46.076386 57.088800 67.935562 78.672345 89.348608 100.000000
3153 0.315300 0.000000 11.758965 23.404008 34.854111 46.077819 57.090233 67.936823 78.673280 89.349106 100.000000
3154 0.315400 0.000000 11.759461 23.404942 34.855369 46.079250 57.091664 67.938082 78.674215 89.349603 100.000000
3155 0.315500 0.000000 11.759957 23.405875 34.856625 46.080679 57.093094 67.939339 78.675148 89.350100 100.000000
3156 0.315600 0.000000 11.760453 23.406806 34.857880 46.082107 57.094522 67.940595 78.676081 89.350596 100.000000
3157 0.315700 0.000000 11.760948 23.407736 34.859134 46.083533 57.095948 67.941849 78.677012 89.351091 100.000000
3158 0.315800 0.000000 11.761442 23.408666 34.860386 46.084957 57.097372 67.943102 78.677942 89.351586 100.000000
3159 0.315900 0.000000 11.761936 23.409594 34.861637 46.086379 57.098795 67.944353 78.678871 89.352080 100.000000
3160 0.316000 0.000000 11.762429 23.410520 34.862886 46.087799 57.100216 67.945603 78.679798 89.352574 100.000000
3161 0.316100 0.000000 11.762922 23.411446 34.864133 46.089218 57.101635 67.946851 78.680725 89.353067 100.000000
3162 0.316200 0.000000 11.763414 23.412371 34.865379 46.090635 57.103052 67.948098 78.681650 89.353560 100.000000
3163 0.316300 0.000000 11.763905 23.413294 34.866623 46.092051 57.104468 67.949343 78.682575 89.354052 100.000000
3164 0.316400 0.000000 11.764396 23.414217 34.867866 46.093465 57.105882 67.950587 78.683498 89.354543 100.000000
3165 0.316500 0.000000 11.764886 23.415138 34.869108 46.094877 57.107294 67.951829 78.684420 89.355034 100.000000
3166 0.316600 0.000000 11.765375 23.416058 34.870348 46.096287 57.108705 67.953069 78.685341 89.355524 100.000000
3167 0.316700 0.000000 11.765864 23.416977 34.871586 46.097695 57.110114 67.954309 78.686261 89.356013 100.000000
3168 0.316800 0.000000 11.766353 23.417895 34.872823 46.099102 57.111521 67.955546 78.687180 89.356502 100.000000
3169 0.316900 0.000000 11.766841 23.418812 34.874059 46.100507 57.112926 67.956782 78.688097 89.356990 100.000000
3170 0.317000 0.000000 11.767328 23.419728 34.875292 46.101911 57.114330 67.958017 78.689014 89.357478 100.000000
3171 0.317100 0.000000 11.767814 23.420642 34.876525 46.103313 57.115732 67.959250 78.689929 89.357965 100.000000
3172 0.317200 0.000000 11.768300 23.421556 34.877756 46.104713 57.117132 67.960482 78.690844 89.358452 100.000000
3173 0.317300 0.000000 11.768786 23.422468 34.878985 46.106111 57.118531 67.961712 78.691757 89.358938 100.000000
3174 0.317400 0.000000 11.769271 23.423379 34.880213 46.107507 57.119928 67.962941 78.692669 89.359423 100.000000
3175 0.317500 0.000000 11.769755 23.424290 34.881440 46.108902 57.121323 67.964168 78.693580 89.359908 100.000000
3176 0.317600 0.000000 11.770239 23.425199 34.882665 46.110296 57.122716 67.965393 78.694490 89.360392 100.000000
3177 0.317700 0.000000 11.770722 23.426107 34.883888 46.111687 57.124108 67.966617 78.695398 89.360876 100.000000
3178 0.317800 0.000000 11.771204 23.427014 34.885110 46.113077 57.125498 67.967840 78.696306 89.361359 100.000000
3179 0.317900 0.000000 11.771686 23.427919 34.886331 46.114465 57.126887 67.969061 78.697213 89.361841 100.000000
3180 0.318000 0.000000 11.772167 23.428824 34.887550 46.115852 57.128273 67.970281 78.698118 89.362323 100.000000
3181 0.318100 0.000000 11.772648 23.429727 34.888767 46.117236 57.129658 67.971499 78.699022 89.362804 100.000000
3182 0.318200 0.000000 11.773128 23.430630 34.889983 46.118619 57.131042 67.972716 78.699926 89.363285 100.000000
3183 0.318300 0.000000 11.773608 23.431531 34.891198 46.120001 57.132423 67.973931 78.700828 89.363765 100.000000
3184 0.318400 0.000000 11.774087 23.432432 34.892411 46.121381 57.133803 67.975145 78.701729 89.364244 100.000000
3185 0.318500 0.000000 11.774565 23.433331 34.893622 46.122759 57.135182 67.976357 78.702629 89.364723 100.000000
3186 0.318600 0.000000 11.775043 23.434229 34.894833 46.124135 57.136558 67.977568 78.703527 89.365201 100.000000
3187 0.318700 0.000000 11.775520 23.435126 34.896041 46.125510 57.137933 67.978777 78.704425 89.365679 100.000000
3188 0.318800 0.000000 11.775997 23.436022 34.897249 46.126883 57.139307 67.979985 78.705322 89.366156 100.000000
3189 0.318900 0.000000 11.776473 23.436917 34.898454 46.128254 57.140678 67.981192 78.706217 89.366633 100.000000
3190 0.319000 0.000000 11.776948 23.437810 34.899659 46.129624 57.142048 67.982397 78.707112 89.367109 100.000000
3191 0.319100 0.000000 11.777423 23.438703 34.900861 46.130992 57.143417 67.983600 78.708005 89.367584 100.000000
3192 0.319200 0.000000 11.777898 23.439594 34.902063 46.132358 57.144783 67.984802 78.708898 89.368059 100.000000
3193 0.319300 0.000000 11.778371 23.440485 34.903263 46.133723 57.146148 67.986003 78.709789 89.368533 100.000000
3194 0.319400 0.000000 11.778845 23.441374 34.904461 46.135086 57.147512 67.987202 78.710679 89.369007 100.000000
3195 0.319500 0.000000 11.779317 23.442263 34.905658 46.136448 57.148873 67.988400 78.711568 89.369480 100.000000
3196 0.319600 0.000000 11.779789 23.443150 34.906854 46.137807 57.150233 67.989596 78.712456 89.369953 100.000000
3197 0.319700 0.000000 11.780261 23.444036 34.908048 46.139165 57.151592 67.990790 78.713343 89.370425 100.000000
3198 0.319800 0.000000 11.780732 23.444921 34.909240 46.140522 57.152948 67.991984 78.714229 89.370896 100.000000
3199 0.319900 0.000000 11.781202 23.445805 34.910432 46.141877 57.154303 67.993176 78.715113 89.371367 100.000000
3200 0.320000 0.000000 11.781672 23.446688 34.911621 46.143230 57.155657 67.994366 78.715997 89.371837 100.000000
3201 0.320100 0.000000 11.782141 23.447570 34.912810 46.144581 57.157009 67.995555 78.716880 89.372307 100.000000
3202 0.320200 0.000000 11.782610 23.448451 34.913996 46.145931 57.158359 67.996742 78.717761 89.372776 100.000000
3203 0.320300 0.000000 11.783078 23.449330 34.915182 46.147280 57.159707 67.997928 78.718642 89.373244 100.000000
3204 0.320400 0.000000 11.783545 23.450209 34.916366 46.148626 57.161054 67.999113 78.719521 89.373712 100.000000
3205 0.320500 0.000000 11.784012 23.451087 34.917548 46.149971 57.162399 68.000296 78.720399 89.374180 100.000000
3206 0.320600 0.000000 11.784478 23.451963 34.918729 46.151314 57.163743 68.001478 78.721276 89.374646 100.000000
3207 0.320700 0.000000 11.784944 23.452839 34.919909 46.152656 57.165085 68.002658 78.722153 89.375113 100.000000
3208 0.320800 0.000000 11.785409 23.453713 34.921087 46.153996 57.166425 68.003837 78.723028 89.375578 100.000000
3209 0.320900 0.000000 11.785874 23.454586 34.922264 46.155335 57.167764 68.005014 78.723902 89.376043 100.000000
3210 0.321000 0.000000 11.786338 23.455459 34.923440 46.156671 57.169101 68.006190 78.724775 89.376508 100.000000
3211 0.321100 0.000000 11.786802 23.456330 34.924614 46.158007 57.170436 68.007365 78.725647 89.376972 100.000000
3212 0.321200 0.000000 11.787265 23.457200 34.925786 46.159340 57.171770 68.008538 78.726517 89.377435 100.000000
3213 0.321300 0.000000 11.787727 23.458069 34.926957 46.160672 57.173102 68.009710 78.727387 89.377898 100.000000
3214 0.321400 0.000000 11.788189 23.458937 34.928127 46.162002 57.174433 68.010880 78.728256 89.378360 100.000000
3215 0.321500 0.000000 11.788650 23.459804 34.929295 46.163331 57.175762 68.012049 78.729124 89.378822 100.000000
3216 0.321600 0.000000 11.789111 23.460670 34.930462 46.164658 57.177089 68.013216 78.729990 89.379283 100.000000
3217 0.321700 0.000000 11.789571 23.461535 34.931627 46.165984 57.178415 68.014382 78.730856 89.379744 100.000000
3218 0.321800 0.000000 11.790030 23.462399 34.932791 46.167308 57.179739 68.015547 78.731720 89.380204 100.000000
3219 0.321900 0.000000 11.790490 23.463262 34.933954 46.168630 57.181061 68.016710 78.732584 89.380663 100.000000
3220 0.322000 0.000000 11.790948 23.464123 34.935115 46.169950 57.182382 68.017872 78.733446 89.381122 100.000000
3221 0.322100 0.000000 11.791406 23.464984 34.936275 46.171269 57.183701 68.019032 78.734307 89.381581 100.000000
3222 0.322200 0.000000 11.791863 23.465844 34.937433 46.172587 57.185019 68.020191 78.735168 89.382038 100.000000
3223 0.322300 0.000000 11.792320 23.466702 34.938590 46.173903 57.186335 68.021349 78.736027 89.382496 100.000000
3224 0.322400 0.000000 11.792776 23.467560 34.939746 46.175217 57.187650 68.022505 78.736885 89.382952 100.000000
3225 0.322500 0.000000 11.793232 23.468416 34.940900 46.176530 57.188963 68.023659 78.737742 89.383408 100.000000
3226 0.322600 0.000000 11.793687 23.469272 34.942053 46.177841 57.190274 68.024813 78.738598 89.383864 100.000000
3227 0.322700 0.000000 11.794142 23.470126 34.943204 46.179150 57.191583 68.025965 78.739454 89.384319 100.000000
3228 0.322800 0.000000 11.794596 23.470980 34.944354 46.180458 57.192892 68.027115 78.740308 89.384773 100.000000
3229 0.322900 0.000000 11.795049 23.471832 34.945502 46.181764 57.194198 68.028264 78.741161 89.385227 100.000000
3230 0.323000 0.000000 11.795502 23.472683 34.946649 46.183069 57.195503 68.029412 78.742013 89.385681 100.000000
3231 0.323100 0.000000 11.795955 23.473534 34.947795 46.184372 57.196806 68.030558 78.742863 89.386134 100.000000
3232 0.323200 0.000000 11.796407 23.474383 34.948940 46.185674 57.198108 68.031703 78.743713 89.386586 100.000000
3233 0.323300 0.000000 11.796858 23.475231 34.950083 46.186974 57.199408 68.032847 78.744562 89.387038 100.000000
3234 0.323400 0.000000 11.797309 23.476078 34.951224 46.188272 57.200707 68.033989 78.745410 89.387489 100.000000
3235 0.323500 0.000000 11.797759 23.476925 34.952364 46.189569 57.202004 68.035129 78.746257 89.387939 100.000000
3236 0.323600 0.000000 11.798208 23.477770 34.953503 46.190864 57.203299 68.036269 78.747103 89.388389 100.000000
3237 0.323700 0.000000 11.798658 23.478614 34.954641 46.192158 57.204593 68.037407 78.747947 89.388839 100.000000
3238 0.323800 0.000000 11.799106 23.479457 34.955777 46.193450 57.205885 68.038543 78.748791 89.389288 100.000000
3239 0.323900 0.000000 11.799554 23.480299 34.956911 46.194740 57.207176 68.039679 78.749634 89.389736 100.000000
3240 0.324000 0.000000 11.800002 23.481140 34.958044 46.196029 57.208465 68.040812 78.750475 89.390184 100.000000
3241 0.324100 0.000000 11.800449 23.481980 34.959176 46.197316 57.209753 68.041945 78.751316 89.390631 100.000000
3242 0.324200 0.000000 11.800895 23.482819 34.960307 46.198602 57.211039 68.043076 78.752156 89.391078 100.000000
3243 0.324300 0.000000 11.801341 23.483657 34.961436 46.199886 57.212323 68.044206 78.752994 89.391524 100.000000
3244 0.324400 0.000000 11.801786 23.484494 34.962564 46.201169 57.213606 68.045334 78.753832 89.391970 100.000000
3245 0.324500 0.000000 11.802231 23.485330 34.963690 46.202450 57.214887 68.046461 78.754668 89.392415 100.000000
3246 0.324600 0.000000 11.802675 23.486165 34.964815 46.203730 57.216167 68.047586 78.755504 89.392860 100.000000
3247 0.324700 0.000000 11.803119 23.486999 34.965939 46.205008 57.217445 68.048711 78.756338 89.393304 100.000000
3248 0.324800 0.000000 11.803562 23.487832 34.967061 46.206284 57.218722 68.049833 78.757172 89.393748 100.000000
3249 0.324900 0.000000 11.804004 23.488664 34.968182 46.207559 57.219997 68.050955 78.758004 89.394191 100.000000
3250 0.325000 0.000000 11.804447 23.489494 34.969302 46.208832 57.221270 68.052075 78.758836 89.394633 100.000000
3251 0.325100 0.000000 11.804888 23.490324 34.970420 46.210104 57.222542 68.053194 78.759666 89.395075 100.000000
3252 0.325200 0.000000 11.805329 23.491153 34.971537 46.211374 57.223813 68.054311 78.760496 89.395516 100.000000
3253 0.325300 0.000000 11.805770 23.491981 34.972652 46.212643 57.225082 68.055427 78.761324 89.395957 100.000000
3254 0.325400 0.000000 11.806209 23.492808 34.973767 46.213910 57.226349 68.056542 78.762152 89.396397 100.000000
3255 0.325500 0.000000 11.806649 23.493634 34.974879 46.215176 57.227615 68.057655 78.762978 89.396837 100.000000
3256 0.325600 0.000000 11.807088 23.494459 34.975991 46.216440 57.228879 68.058767 78.763803 89.397276 100.000000
3257 0.325700 0.000000 11.807526 23.495282 34.977101 46.217702 57.230142 68.059878 78.764628 89.397715 100.000000
3258 0.325800 0.000000 11.807964 23.496105 34.978210 46.218963 57.231403 68.060987 78.765451 89.398153 100.000000
3259 0.325900 0.000000 11.808401 23.496927 34.979317 46.220223 57.232663 68.062095 78.766274 89.398591 100.000000
3260 0.326000 0.000000 11.808838 23.497748 34.980423 46.221481 57.233921 68.063201 78.767095 89.399028 100.000000
3261 0.326100 0.000000 11.809274 23.498568 34.981528 46.222737 57.235178 68.064306 78.767915 89.399465 100.000000
3262 0.326200 0.000000 11.809710 23.499387 34.982631 46.223992 57.236433 68.065410 78.768735 89.399901 100.000000
3263 0.326300 0.000000 11.810145 23.500205 34.983733 46.225245 57.237686 68.066513 78.769553 89.400336 100.000000
3264 0.326400 0.000000 11.810579 23.501021 34.984834 46.226497 57.238938 68.067614 78.770371 89.400771 100.000000
3265 0.326500 0.000000 11.811014 23.501837 34.985933 46.227748 57.240189 68.068714 78.771187 89.401205 100.000000
3266 0.326600 0.000000 11.811447 23.502652 34.987031 46.228996 57.241438 68.069812 78.772003 89.401639 100.000000
3267 0.326700 0.000000 11.811880 23.503466 34.988128 46.230244 57.242685 68.070909 78.772817 89.402073 100.000000
3268 0.326800 0.000000 11.812313 23.504279 34.989223 46.231489 57.243931 68.072005 78.773630 89.402506 100.000000
3269 0.326900 0.000000 11.812745 23.505091 34.990317 46.232734 57.245176 68.073100 78.774443 89.402938 100.000000
3270 0.327000 0.000000 11.813176 23.505902 34.991410 46.233976 57.246419 68.074193 78.775254 89.403370 100.000000
3271 0.327100 0.000000 11.813607 23.506712 34.992501 46.235218 57.247660 68.075285 78.776065 89.403801 100.000000
3272 0.327200 0.000000 11.814037 23.507521 34.993591 46.236457 57.248900 68.076375 78.776874 89.404232 100.000000
3273 0.327300 0.000000 11.814467 23.508329 34.994680 46.237696 57.250138 68.077464 78.777683 89.404662 100.000000
3274 0.327400 0.000000 11.814897 23.509136 34.995767 46.238932 57.251375 68.078552 78.778490 89.405092 100.000000
3275 0.327500 0.000000 11.815325 23.509942 34.996853 46.240167 57.252610 68.079639 78.779297 89.405521 100.000000
3276 0.327600 0.000000 11.815754 23.510747 34.997938 46.241401 57.253844 68.080724 78.780102 89.405950 100.000000
3277 0.327700 0.000000 11.816182 23.511551 34.999022 46.242633 57.255077 68.081808 78.780907 89.406378 100.000000
3278 0.327800 0.000000 11.816609 23.512354 35.000104 46.243864 57.256308 68.082890 78.781711 89.406805 100.000000
3279 0.327900 0.000000 11.817036 23.513156 35.001185 46.245093 57.257537 68.083972 78.782513 89.407232 100.000000
3280 0.328000 0.000000 11.817462 23.513957 35.002264 46.246321 57.258765 68.085052 78.783315 89.407659 100.000000
3281 0.328100 0.000000 11.817888 23.514757 35.003342 46.247547 57.259991 68.086130 78.784116 89.408085 100.000000
3282 0.328200 0.000000 11.818313 23.515556 35.004419 46.248772 57.261216 68.087208 78.784915 89.408511 100.000000
3283 0.328300 0.000000 11.818737 23.516355 35.005495 46.249995 57.262440 68.088284 78.785714 89.408936 100.000000
3284 0.328400 0.000000 11.819162 23.517152 35.006569 46.251217 57.263661 68.089358 78.786512 89.409360 100.000000
3285 0.328500 0.000000 11.819585 23.517948 35.007642 46.252437 57.264882 68.090432 78.787309 89.409784 100.000000
3286 0.328600 0.000000 11.820008 23.518743 35.008713 46.253656 57.266101 68.091504 78.788104 89.410208 100.000000
3287 0.328700 0.000000 11.820431 23.519538 35.009784 46.254873 57.267318 68.092574 78.788899 89.410631 100.000000
3288 0.328800 0.000000 11.820853 23.520331 35.010853 46.256089 57.268534 68.093644 78.789693 89.411053 100.000000
3289 0.328900 0.000000 11.821275 23.521124 35.011920 46.257303 57.269749 68.094712 78.790486 89.411475 100.000000
3290 0.329000 0.000000 11.821696 23.521915 35.012987 46.258516 57.270962 68.095779 78.791278 89.411896 100.000000
3291 0.329100 0.000000 11.822116 23.522705 35.014052 46.259728 57.272173 68.096845 78.792069 89.412317 100.000000
3292 0.329200 0.000000 11.822536 23.523495 35.015116 46.260937 57.273384 68.097909 78.792859 89.412738 100.000000
3293 0.329300 0.000000 11.822956 23.524284 35.016178 46.262146 57.274592 68.098972 78.793648 89.413158 100.000000
3294 0.329400 0.000000 11.823375 23.525071 35.017240 46.263353 57.275799 68.100033 78.794436 89.413577 100.000000
3295 0.329500 0.000000 11.823794 23.525858 35.018300 46.264558 57.277005 68.101094 78.795223 89.413996 100.000000
3296 0.329600 0.000000 11.824212 23.526643 35.019358 46.265762 57.278209 68.102153 78.796009 89.414414 100.000000
3297 0.329700 0.000000 11.824629 23.527428 35.020416 46.266965 57.279412 68.103211 78.796795 89.414832 100.000000
3298 0.329800 0.000000 11.825046 23.528212 35.021472 46.268166 57.280613 68.104267 78.797579 89.415249 100.000000
3299 0.329900 0.000000 11.825463 23.528995 35.022527 46.269366 57.281813 68.105323 78.798362 89.415666 100.000000
3300 0.330000 0.000000 11.825879 23.529777 35.023580 46.270564 57.283011 68.106377 78.799145 89.416082 100.000000
3301 0.330100 0.000000 11.826294 23.530558 35.024632 46.271761 57.284208 68.107429 78.799926 89.416498 100.000000
3302 0.330200 0.000000 11.826709 23.531338 35.025683 46.272956 57.285404 68.108481 78.800706 89.416913 100.000000
3303 0.330300 0.000000 11.827124 23.532117 35.026733 46.274150 57.286598 68.109531 78.801486 89.417328 100.000000
3304 0.330400 0.000000 11.827538 23.532895 35.027781 46.275342 57.287790 68.110580 78.802264 89.417743 100.000000
3305 0.330500 0.000000 11.827951 23.533672 35.028829 46.276533 57.288981 68.111627 78.803042 89.418156 100.000000
3306 0.330600 0.000000 11.828364 23.534448 35.029874 46.277723 57.290171 68.112673 78.803819 89.418570 100.000000
3307 0.330700 0.000000 11.828777 23.535223 35.030919 46.278911 57.291359 68.113718 78.804594 89.418982 100.000000
3308 0.330800 0.000000 11.829189 23.535998 35.031962 46.280097 57.292546 68.114762 78.805369 89.419395 100.000000
3309 0.330900 0.000000 11.829600 23.536771 35.033004 46.281282 57.293731 68.115805 78.806143 89.419806 100.000000
3310 0.331000 0.000000 11.830011 23.537543 35.034045 46.282466 57.294915 68.116846 78.806916 89.420218 100.000000
3311 0.331100 0.000000 11.830421 23.538315 35.035085 46.283648 57.296097 68.117886 78.807688 89.420629 100.000000
3312 0.331200 0.000000 11.830831 23.539085 35.036123 46.284829 57.297278 68.118924 78.808459 89.421039 100.000000
3313 0.331300 0.000000 11.831241 23.539855 35.037160 46.286009 57.298458 68.119962 78.809229 89.421449 100.000000
3314 0.331400 0.000000 11.831650 23.540624 35.038196 46.287186 57.299636 68.120998 78.809998 89.421858 100.000000
3315 0.331500 0.000000 11.832058 23.541392 35.039230 46.288363 57.300813 68.122033 78.810766 89.422267 100.000000
3316 0.331600 0.000000 11.832466 23.542158 35.040264 46.289538 57.301988 68.123066 78.811534 89.422675 100.000000
3317 0.331700 0.000000 11.832874 23.542924 35.041296 46.290712 57.303162 68.124099 78.812300 89.423083 100.000000
3318 0.331800 0.000000 11.833281 23.543689 35.042326 46.291884 57.304334 68.125130 78.813065 89.423490 100.000000
3319 0.331900 0.000000 11.833687 23.544453 35.043356 46.293055 57.305505 68.126160 78.813830 89.423897 100.000000
3320 0.332000 0.000000 11.834093 23.545216 35.044384 46.294224 57.306675 68.127188 78.814593 89.424303 100.000000
3321 0.332100 0.000000 11.834499 23.545978 35.045411 46.295392 57.307843 68.128216 78.815356 89.424709 100.000000
3322 0.332200 0.000000 11.834904 23.546740 35.046437 46.296559 57.309010 68.129242 78.816118 89.425114 100.000000
3323 0.332300 0.000000 11.835308 23.547500 35.047461 46.297724 57.310175 68.130267 78.816878 89.425519 100.000000
3324 0.332400 0.000000 11.835712 23.548259 35.048484 46.298888 57.311339 68.131290 78.817638 89.425923 100.000000
3325 0.332500 0.000000 11.836116 23.549018 35.049506 46.300050 57.312501 68.132313 78.818397 89.426327 100.000000
3326 0.332600 0.000000 11.836519 23.549775 35.050527 46.301211 57.313662 68.133334 78.819155 89.426730 100.000000
3327 0.332700 0.000000 11.836922 23.550532 35.051546 46.302370 57.314822 68.134354 78.819912 89.427133 100.000000
3328 0.332800 0.000000 11.837324 23.551288 35.052565 46.303528 57.315980 68.135372 78.820668 89.427536 100.000000
3329 0.332900 0.000000 11.837725 23.552042 35.053582 46.304685 57.317137 68.136390 78.821423 89.427937 100.000000
3330 0.333000 0.000000 11.838126 23.552796 35.054598 46.305840 57.318292 68.137406 78.822178 89.428339 100.000000
3331 0.333100 0.000000 11.838527 23.553549 35.055612 46.306994 57.319446 68.138421 78.822931 89.428740 100.000000
3332 0.333200 0.000000 11.838927 23.554301 35.056625 46.308146 57.320599 68.139434 78.823684 89.429140 100.000000
3333 0.333300 0.000000 11.839327 23.555052 35.057637 46.309297 57.321750 68.140447 78.824435 89.429540 100.000000
3334 0.333400 0.000000 11.839726 23.555803 35.058648 46.310447 57.322900 68.141458 78.825186 89.429939 100.000000
3335 0.333500 0.000000 11.840125 23.556552 35.059658 46.311595 57.324048 68.142468 78.825935 89.430338 100.000000
3336 0.333600 0.000000 11.840523 23.557300 35.060666 46.312742 57.325195 68.143477 78.826684 89.430737 100.000000
3337 0.333700 0.000000 11.840920 23.558048 35.061674 46.313888 57.326341 68.144484 78.827432 89.431135 100.000000
3338 0.333800 0.000000 11.841318 23.558794 35.062679 46.315032 57.327485 68.145491 78.828179 89.431532 100.000000
3339 0.333900 0.000000 11.841714 23.559540 35.063684 46.316174 57.328628 68.146496 78.828925 89.431929 100.000000
3340 0.334000 0.000000 11.842111 23.560285 35.064688 46.317315 57.329769 68.147500 78.829670 89.432326 100.000000
3341 0.334100 0.000000 11.842506 23.561029 35.065690 46.318455 57.330909 68.148502 78.830415 89.432722 100.000000
3342 0.334200 0.000000 11.842902 23.561772 35.066691 46.319594 57.332048 68.149504 78.831158 89.433117 100.000000
3343 0.334300 0.000000 11.843296 23.562514 35.067691 46.320731 57.333185 68.150504 78.831900 89.433512 100.000000
3344 0.334400 0.000000 11.843691 23.563255 35.068689 46.321867 57.334321 68.151503 78.832642 89.433907 100.000000
3345 0.334500 0.000000 11.844085 23.563995 35.069687 46.323001 57.335455 68.152501 78.833382 89.434301 100.000000
3346 0.334600 0.000000 11.844478 23.564734 35.070683 46.324134 57.336588 68.153497 78.834122 89.434695 100.000000
3347 0.334700 0.000000 11.844871 23.565473 35.071678 46.325266 57.337720 68.154492 78.834861 89.435088 100.000000
3348 0.334800 0.000000 11.845263 23.566210 35.072672 46.326396 57.338850 68.155487 78.835599 89.435481 100.000000
3349 0.334900 0.000000 11.845655 23.566947 35.073664 46.327525 57.339979 68.156479 78.836336 89.435873 100.000000
3350 0.335000 0.000000 11.846047 23.567683 35.074656 46.328652 57.341107 68.157471 78.837072 89.436265 100.000000
3351 0.335100 0.000000 11.846438 23.568418 35.075646 46.329778 57.342233 68.158462 78.837807 89.436656 100.000000
3352 0.335200 0.000000 11.846828 23.569151 35.076635 46.330903 57.343358 68.159451 78.838542 89.437047 100.000000
3353 0.335300 0.000000 11.847218 23.569885 35.077623 46.332026 57.344482 68.160439 78.839275 89.437437 100.000000
3354 0.335400 0.000000 11.847608 23.570617 35.078609 46.333148 57.345604 68.161426 78.840008 89.437827 100.000000
3355 0.335500 0.000000 11.847997 23.571348 35.079594 46.334269 57.346724 68.162412 78.840739 89.438216 100.000000
3356 0.335600 0.000000 11.848386 23.572078 35.080579 46.335388 57.347844 68.163396 78.841470 89.438605 100.000000
3357 0.335700 0.000000 11.848774 23.572808 35.081562 46.336506 57.348962 68.164379 78.842200 89.438993 100.000000
3358 0.335800 0.000000 11.849161 23.573537 35.082543 46.337623 57.350079 68.165361 78.842929 89.439381 100.000000
3359 0.335900 0.000000 11.849549 23.574264 35.083524 46.338738 57.351194 68.166342 78.843657 89.439769 100.000000
3360 0.336000 0.000000 11.849935 23.574991 35.084503 46.339852 57.352308 68.167322 78.844384 89.440156 100.000000
3361 0.336100 0.000000 11.850321 23.575717 35.085481 46.340964 57.353420 68.168301 78.845111 89.440542 100.000000
3362 0.336200 0.000000 11.850707 23.576442 35.086458 46.342075 57.354532 68.169278 78.845836 89.440928 100.000000
3363 0.336300 0.000000 11.851093 23.577166 35.087434 46.343185 57.355641 68.170254 78.846561 89.441314 100.000000
3364 0.336400 0.000000 11.851477 23.577890 35.088409 46.344293 57.356750 68.171229 78.847284 89.441699 100.000000
3365 0.336500 0.000000 11.851862 23.578612 35.089382 46.345400 57.357857 68.172203 78.848007 89.442083 100.000000
3366 0.336600 0.000000 11.852246 23.579334 35.090355 46.346506 57.358963 68.173175 78.848729 89.442468 100.000000
3367 0.336700 0.000000 11.852629 23.580054 35.091326 46.347610 57.360068 68.174147 78.849450 89.442851 100.000000
3368 0.336800 0.000000 11.853012 23.580774 35.092295 46.348713 57.361171 68.175117 78.850170 89.443234 100.000000
3369 0.336900 0.000000 11.853395 23.581493 35.093264 46.349815 57.362273 68.176086 78.850890 89.443617 100.000000
3370 0.337000 0.000000 11.853777 23.582211 35.094232 46.350915 57.363373 68.177054 78.851608 89.443999 100.000000
3371 0.337100 0.000000 11.854158 23.582928 35.095198 46.352014 57.364472 68.178020 78.852326 89.444381 100.000000
3372 0.337200 0.000000 11.854539 23.583645 35.096163 46.353112 57.365570 68.178986 78.853042 89.444763 100.000000
3373 0.337300 0.000000 11.854920 23.584360 35.097127 46.354208 57.366666 68.179950 78.853758 89.445144 100.000000
3374 0.337400 0.000000 11.855300 23.585075 35.098090 46.355304 57.367762 68.180913 78.854473 89.445524 100.000000
3375 0.337500 0.000000 11.855680 23.585788 35.099052 46.356397 57.368855 68.181875 78.855187 89.445904 100.000000
3376 0.337600 0.000000 11.856059 23.586501 35.100012 46.357490 57.369948 68.182836 78.855900 89.446283 100.000000
3377 0.337700 0.000000 11.856438 23.587213 35.100972 46.358581 57.371039 68.183796 78.856613 89.446662 100.000000
3378 0.337800 0.000000 11.856816 23.587924 35.101930 46.359670 57.372129 68.184754 78.857324 89.447041 100.000000
3379 0.337900 0.000000 11.857194 23.588635 35.102887 46.360759 57.373217 68.185711 78.858035 89.447419 100.000000
3380 0.338000 0.000000 11.857572 23.589344 35.103842 46.361846 57.374304 68.186668 78.858744 89.447797 100.000000
3381 0.338100 0.000000 11.857949 23.590052 35.104797 46.362931 57.375390 68.187623 78.859453 89.448174 100.000000
3382 0.338200 0.000000 11.858325 23.590760 35.105751 46.364016 57.376475 68.188576 78.860161 89.448551 100.000000
3383 0.338300 0.000000 11.858701 23.591467 35.106703 46.365099 57.377558 68.189529 78.860868 89.448927 100.000000
3384 0.338400 0.000000 11.859077 23.592173 35.107654 46.366181 57.378640 68.190480 78.861575 89.449303 100.000000
3385 0.338500 0.000000 11.859452 23.592878 35.108604 46.367261 57.379720 68.191431 78.862280 89.449678 100.000000
3386 0.338600 0.000000 11.859827 23.593582 35.109553 46.368340 57.380800 68.192380 78.862985 89.450053 100.000000
3387 0.338700 0.000000 11.860201 23.594285 35.110501 46.369418 57.381877 68.193328 78.863688 89.450428 100.000000
3388 0.338800 0.000000 11.860575 23.594988 35.111447 46.370494 57.382954 68.194275 78.864391 89.450802 100.000000
3389 0.338900 0.000000 11.860948 23.595690 35.112393 46.371570 57.384029 68.195221 78.865093 89.451175 100.000000
3390 0.339000 0.000000 11.861321 23.596390 35.113337 46.372643 57.385103 68.196165 78.865794 89.451548 100.000000
3391 0.339100 0.000000 11.861693 23.597090 35.114280 46.373716 57.386176 68.197108 78.866495 89.451921 100.000000
3392 0.339200 0.000000 11.862065 23.597789 35.115222 46.374787 57.387247 68.198051 78.867194 89.452293 100.000000
3393 0.339300 0.000000 11.862437 23.598488 35.116163 46.375857 57.388318 68.198992 78.867893 89.452665 100.000000
3394 0.339400 0.000000 11.862808 23.599185 35.117103 46.376926 57.389386 68.199932 78.868590 89.453036 100.000000
3395 0.339500 0.000000 11.863178 23.599882 35.118041 46.377993 57.390454 68.200871 78.869287 89.453407 100.000000
3396 0.339600 0.000000 11.863549 23.600577 35.118978 46.379059 57.391520 68.201808 78.869983 89.453777 100.000000
3397 0.339700 0.000000 11.863918 23.601272 35.119915 46.380124 57.392585 68.202745 78.870678 89.454147 100.000000
3398 0.339800 0.000000 11.864288 23.601966 35.120850 46.381188 57.393648 68.203680 78.871373 89.454517 100.000000
3399 0.339900 0.000000 11.864656 23.602659 35.121784 46.382250 57.394711 68.204614 78.872066 89.454886 100.000000
3400 0.340000 0.000000 11.865025 23.603352 35.122717 46.383311 57.395772 68.205548 78.872759 89.455254 100.000000
3401 0.340100 0.000000 11.865393 23.604043 35.123648 46.384370 57.396831 68.206480 78.873451 89.455622 100.000000
3402 0.340200 0.000000 11.865760 23.604734 35.124579 46.385429 57.397890 68.207410 78.874142 89.455990 100.000000
3403 0.340300 0.000000 11.866127 23.605424 35.125508 46.386486 57.398947 68.208340 78.874832 89.456357 100.000000
3404 0.340400 0.000000 11.866494 23.606113 35.126437 46.387541 57.400003 68.209269 78.875521 89.456724 100.000000
3405 0.340500 0.000000 11.866860 23.606801 35.127364 46.388596 57.401057 68.210196 78.876209 89.457090 100.000000
3406 0.340600 0.000000 11.867225 23.607488 35.128290 46.389649 57.402111 68.211122 78.876897 89.457456 100.000000
3407 0.340700 0.000000 11.867591 23.608174 35.129215 46.390701 57.403163 68.212048 78.877584 89.457822 100.000000
3408 0.340800 0.000000 11.867956 23.608860 35.130139 46.391751 57.404213 68.212972 78.878270 89.458187 100.000000
3409 0.340900 0.000000 11.868320 23.609545 35.131061 46.392801 57.405263 68.213895 78.878955 89.458551 100.000000
3410 0.341000 0.000000 11.868684 23.610229 35.131983 46.393849 57.406311 68.214817 78.879639 89.458915 100.000000
3411 0.341100 0.000000 11.869047 23.610912 35.132903 46.394896 57.407358 68.215737 78.880322 89.459279 100.000000
3412 0.341200 0.000000 11.869410 23.611594 35.133823 46.395941 57.408403 68.216657 78.881005 89.459642 100.000000
3413 0.341300 0.000000 11.869773 23.612276 35.134741 46.396985 57.409448 68.217575 78.881687 89.460005 100.000000
3414 0.341400 0.000000 11.870135 23.612956 35.135658 46.398028 57.410491 68.218493 78.882368 89.460367 100.000000
3415 0.341500 0.000000 11.870497 23.613636 35.136574 46.399070 57.411533 68.219409 78.883048 89.460729 100.000000
3416 0.341600 0.000000 11.870858 23.614315 35.137489 46.400110 57.412573 68.220324 78.883727 89.461090 100.000000
3417 0.341700 0.000000 11.871219 23.614993 35.138402 46.401149 57.413612 68.221238 78.884406 89.461451 100.000000
3418 0.341800 0.000000 11.871579 23.615670 35.139315 46.402187 57.414650 68.222151 78.885083 89.461812 100.000000
3419 0.341900 0.000000 11.871939 23.616347 35.140226 46.403224 57.415687 68.223063 78.885760 89.462172 100.000000
3420 0.342000 0.000000 11.872299 23.617023 35.141137 46.404259 57.416723 68.223973 78.886436 89.462532 100.000000
3421 0.342100 0.000000 11.872658 23.617697 35.142046 46.405293 57.417757 68.224883 78.887111 89.462891 100.000000
3422 0.342200 0.000000 11.873016 23.618371 35.142954 46.406326 57.418790 68.225791 78.887785 89.463250 100.000000
3423 0.342300 0.000000 11.873374 23.619045 35.143861 46.407358 57.419821 68.226699 78.888459 89.463608 100.000000
3424 0.342400 0.000000 11.873732 23.619717 35.144767 46.408388 57.420852 68.227605 78.889132 89.463966 100.000000
3425 0.342500 0.000000 11.874089 23.620389 35.145672 46.409417 57.421881 68.228510 78.889803 89.464324 100.000000
3426 0.342600 0.000000 11.874446 23.621059 35.146576 46.410445 57.422909 68.229414 78.890474 89.464681 100.000000
3427 0.342700 0.000000 11.874803 23.621729 35.147479 46.411472 57.423936 68.230317 78.891145 89.465038 100.000000
3428 0.342800 0.000000 11.875159 23.622398 35.148380 46.412497 57.424961 68.231219 78.891814 89.465394 100.000000
3429 0.342900 0.000000 11.875514 23.623067 35.149281 46.413521 57.425985 68.232119 78.892483 89.465749 100.000000
3430 0.343000 0.000000 11.875870 23.623734 35.150180 46.414544 57.427008 68.233019 78.893150 89.466105 100.000000
3431 0.343100 0.000000 11.876224 23.624401 35.151078 46.415566 57.428030 68.233918 78.893817 89.466460 100.000000
3432 0.343200 0.000000 11.876579 23.625067 35.151976 46.416586 57.429050 68.234815 78.894484 89.466814 100.000000
3433 0.343300 0.000000 11.876932 23.625732 35.152872 46.417605 57.430069 68.235711 78.895149 89.467168 100.000000
3434 0.343400 0.000000 11.877286 23.626396 35.153767 46.418623 57.431087 68.236607 78.895813 89.467522 100.000000
3435 0.343500 0.000000 11.877639 23.627060 35.154661 46.419639 57.432104 68.237501 78.896477 89.467875 100.000000
3436 0.343600 0.000000 11.877991 23.627722 35.155554 46.420655 57.433120 68.238394 78.897140 89.468228 100.000000
3437 0.343700 0.000000 11.878344 23.628384 35.156445 46.421669 57.434134 68.239286 78.897802 89.468580 100.000000
3438 0.343800 0.000000 11.878695 23.629045 35.157336 46.422682 57.435147 68.240177 78.898464 89.468932 100.000000
3439 0.343900 0.000000 11.879047 23.629705 35.158226 46.423694 57.436159 68.241067 78.899124 89.469283 100.000000
3440 0.344000 0.000000 11.879397 23.630365 35.159114 46.424704 57.437169 68.241955 78.899784 89.469634 100.000000
3441 0.344100 0.000000 11.879748 23.631023 35.160001 46.425713 57.438179 68.242843 78.900443 89.469985 100.000000
3442 0.344200 0.000000 11.880098 23.631681 35.160888 46.426721 57.439187 68.243730 78.901101 89.470335 100.000000
3443 0.344300 0.000000 11.880447 23.632338 35.161773 46.427728 57.440194 68.244615 78.901758 89.470685 100.000000
3444 0.344400 0.000000 11.880797 23.632994 35.162657 46.428734 57.441199 68.245500 78.902414 89.471034 100.000000
3445 0.344500 0.000000 11.881145 23.633650 35.163540 46.429738 57.442204 68.246383 78.903070 89.471383 100.000000
3446 0.344600 0.000000 11.881494 23.634304 35.164422 46.430741 57.443207 68.247265 78.903725 89.471732 100.000000
3447 0.344700 0.000000 11.881841 23.634958 35.165303 46.431743 57.444209 68.248146 78.904379 89.472080 100.000000
3448 0.344800 0.000000 11.882189 23.635611 35.166183 46.432744 57.445209 68.249026 78.905032 89.472427 100.000000
3449 0.344900 0.000000 11.882536 23.636264 35.167062 46.433743 57.446209 68.249905 78.905685 89.472775 100.000000
3450 0.345000 0.000000 11.882883 23.636915 35.167940 46.434741 57.447207 68.250783 78.906337 89.473121 100.000000
3451 0.345100 0.000000 11.883229 23.637566 35.168816 46.435738 57.448204 68.251660 78.906988 89.473468 100.000000
3452 0.345200 0.000000 11.883575 23.638216 35.169692 46.436734 57.449200 68.252536 78.907638 89.473814 100.000000
3453 0.345300 0.000000 11.883920 23.638865 35.170567 46.437729 57.450195 68.253411 78.908287 89.474159 100.000000
3454 0.345400 0.000000 11.884265 23.639513 35.171440 46.438722 57.451188 68.254285 78.908936 89.474504 100.000000
3455 0.345500 0.000000 11.884609 23.640160 35.172313 46.439714 57.452181 68.255157 78.909583 89.474849 100.000000
3456 0.345600 0.000000 11.884953 23.640807 35.173184 46.440705 57.453172 68.256029 78.910230 89.475193 100.000000
3457 0.345700 0.000000 11.885297 23.641453 35.174054 46.441695 57.454162 68.256899 78.910876 89.475537 100.000000
3458 0.345800 0.000000 11.885640 23.642098 35.174923 46.442683 57.455150 68.257769 78.911522 89.475880 100.000000
3459 0.345900 0.000000 11.885983 23.642742 35.175792 46.443671 57.456138 68.258637 78.912166 89.476223 100.000000
3460 0.346000 0.000000 11.886326 23.643386 35.176659 46.444657 57.457124 68.259505 78.912810 89.476566 100.000000
3461 0.346100 0.000000 11.886668 23.644029 35.177525 46.445642 57.458109 68.260371 78.913453 89.476908 100.000000
3462 0.346200 0.000000 11.887009 23.644671 35.178390 46.446626 57.459093 68.261236 78.914096 89.477250 100.000000
3463 0.346300 0.000000 11.887350 23.645312 35.179254 46.447608 57.460075 68.262100 78.914737 89.477591 100.000000
3464 0.346400 0.000000 11.887691 23.645952 35.180117 46.448590 57.461057 68.262964 78.915378 89.477932 100.000000
3465 0.346500 0.000000 11.888031 23.646592 35.180979 46.449570 57.462037 68.263826 78.916018 89.478273 100.000000
3466 0.346600 0.000000 11.888371 23.647231 35.181839 46.450549 57.463016 68.264687 78.916657 89.478613 100.000000
3467 0.346700 0.000000 11.888711 23.647869 35.182699 46.451526 57.463994 68.265547 78.917295 89.478952 100.000000
3468 0.346800 0.000000 11.889050 23.648506 35.183558 46.452503 57.464971 68.266406 78.917933 89.479292 100.000000
3469 0.346900 0.000000 11.889389 23.649143 35.184416 46.453478 57.465946 68.267263 78.918569 89.479631 100.000000
3470 0.347000 0.000000 11.889727 23.649779 35.185272 46.454453 57.466920 68.268120 78.919205 89.479969 100.000000
3471 0.347100 0.000000 11.890065 23.650414 35.186128 46.455426 57.467894 68.268976 78.919841 89.480307 100.000000
3472 0.347200 0.000000 11.890402 23.651048 35.186982 46.456397 57.468865 68.269831 78.920475 89.480645 100.000000
3473 0.347300 0.000000 11.890739 23.651681 35.187836 46.457368 57.469836 68.270685 78.921109 89.480982 100.000000
3474 0.347400 0.000000 11.891076 23.652314 35.188688 46.458338 57.470806 68.271537 78.921742 89.481319 100.000000
3475 0.347500 0.000000 11.891412 23.652946 35.189540 46.459306 57.471774 68.272389 78.922374 89.481655 100.000000
3476 0.347600 0.000000 11.891748 23.653577 35.190390 46.460273 57.472741 68.273240 78.923005 89.481991 100.000000
3477 0.347700 0.000000 11.892083 23.654208 35.191240 46.461239 57.473707 68.274089 78.923636 89.482326 100.000000
3478 0.347800 0.000000 11.892418 23.654837 35.192088 46.462204 57.474672 68.274938 78.924266 89.482662 100.000000
3479 0.347900 0.000000 11.892753 23.655466 35.192935 46.463167 57.475636 68.275785 78.924895 89.482996 100.000000
3480 0.348000 0.000000 11.893087 23.656094 35.193781 46.464130 57.476598 68.276632 78.925523 89.483331 100.000000
3481 0.348100 0.000000 11.893421 23.656721 35.194627 46.465091 57.477560 68.277477 78.926151 89.483665 100.000000
3482 0.348200 0.000000 11.893754 23.657348 35.195471 46.466051 57.478520 68.278321 78.926777 89.483998 100.000000
3483 0.348300 0.000000 11.894087 23.657974 35.196314 46.467010 57.479479 68.279165 78.927403 89.484331 100.000000
3484 0.348400 0.000000 11.894420 23.658599 35.197156 46.467968 57.480437 68.280007 78.928029 89.484664 100.000000
3485 0.348500 0.000000 11.894752 23.659223 35.197997 46.468924 57.481393 68.280849 78.928653 89.484996 100.000000
3486 0.348600 0.000000 11.895084 23.659847 35.198837 46.469880 57.482349 68.281689 78.929277 89.485328 100.000000
3487 0.348700 0.000000 11.895415 23.660469 35.199676 46.470834 57.483303 68.282528 78.929900 89.485660 100.000000
3488 0.348800 0.000000 11.895746 23.661091 35.200515 46.471787 57.484256 68.283366 78.930522 89.485991 100.000000
3489 0.348900 0.000000 11.896076 23.661713 35.201352 46.472739 57.485208 68.284204 78.931144 89.486321 100.000000
3490 0.349000 0.000000 11.896407 23.662333 35.202188 46.473690 57.486159 68.285040 78.931764 89.486652 100.000000
3491 0.349100 0.000000 11.896736 23.662953 35.203023 46.474639 57.487109 68.285875 78.932384 89.486982 100.000000
3492 0.349200 0.000000 11.897066 23.663572 35.203857 46.475588 57.488057 68.286709 78.933003 89.487311 100.000000
3493 0.349300 0.000000 11.897395 23.664190 35.204690 46.476535 57.489005 68.287542 78.933622 89.487640 100.000000
3494 0.349400 0.000000 11.897723 23.664807 35.205522 46.477481 57.489951 68.288375 78.934240 89.487969 100.000000
3495 0.349500 0.000000 11.898051 23.665424 35.206353 46.478426 57.490896 68.289206 78.934857 89.488297 100.000000
3496 0.349600 0.000000 11.898379 23.666040 35.207182 46.479370 57.491840 68.290036 78.935473 89.488625 100.000000
3497 0.349700 0.000000 11.898706 23.666655 35.208011 46.480313 57.492783 68.290865 78.936088 89.488952 100.000000
3498 0.349800 0.000000 11.899033 23.667270 35.208839 46.481254 57.493724 68.291693 78.936703 89.489280 100.000000
3499 0.349900 0.000000 11.899360 23.667883 35.209666 46.482195 57.494665 68.292520 78.937317 89.489606 100.000000
3500 0.350000 0.000000 11.899686 23.668496 35.210492 46.483134 57.495604 68.293346 78.937930 89.489932 100.000000
3501 0.350100 0.000000 11.900012 23.669109 35.211317 46.484072 57.496542 68.294171 78.938542 89.490258 100.000000
3502 0.350200 0.000000 11.900337 23.669720 35.212141 46.485009 57.497479 68.294995 78.939154 89.490584 100.000000
3503 0.350300 0.000000 11.900662 23.670331 35.212964 46.485945 57.498415 68.295818 78.939765 89.490909 100.000000
3504 0.350400 0.000000 11.900987 23.670941 35.213786 46.486879 57.499350 68.296641 78.940375 89.491234 100.000000
3505 0.350500 0.000000 11.901311 23.671550 35.214607 46.487813 57.500284 68.297462 78.940985 89.491558 100.000000
3506 0.350600 0.000000 11.901635 23.672159 35.215426 46.488745 57.501216 68.298282 78.941593 89.491882 100.000000
3507 0.350700 0.000000 11.901958 23.672766 35.216245 46.489677 57.502147 68.299101 78.942201 89.492205 100.000000
3508 0.350800 0.000000 11.902281 23.673373 35.217063 46.490607 57.503078 68.299919 78.942809 89.492528 100.000000
3509 0.350900 0.000000 11.902603 23.673980 35.217880 46.491536 57.504007 68.300736 78.943415 89.492851 100.000000
3510 0.351000 0.000000 11.902926 23.674585 35.218696 46.492464 57.504935 68.301552 78.944021 89.493174 100.000000
3511 0.351100 0.000000 11.903247 23.675190 35.219511 46.493390 57.505861 68.302367 78.944626 89.493495 100.000000
3512 0.351200 0.000000 11.903569 23.675794 35.220325 46.494316 57.506787 68.303181 78.945230 89.493817 100.000000
3513 0.351300 0.000000 11.903890 23.676398 35.221138 46.495241 57.507712 68.303994 78.945834 89.494138 100.000000
3514 0.351400 0.000000 11.904211 23.677000 35.221950 46.496164 57.508635 68.304806 78.946437 89.494459 100.000000
3515 0.351500 0.000000 11.904531 23.677602 35.222761 46.497086 57.509557 68.305618 78.947039 89.494779 100.000000
3516 0.351600 0.000000 11.904851 23.678203 35.223571 46.498007 57.510479 68.306428 78.947640 89.495099 100.000000
3517 0.351700 0.000000 11.905170 23.678804 35.224380 46.498927 57.511399 68.307237 78.948241 89.495419 100.000000
3518 0.351800 0.000000 11.905489 23.679403 35.225188 46.499846 57.512318 68.308045 78.948840 89.495738 100.000000
3519 0.351900 0.000000 11.905808 23.680002 35.225995 46.500764 57.513235 68.308852 78.949440 89.496057 100.000000
3520 0.352000 0.000000 11.906126 23.680600 35.226801 46.501681 57.514152 68.309658 78.950038 89.496375 100.000000
3521 0.352100 0.000000 11.906444 23.681198 35.227606 46.502596 57.515068 68.310464 78.950636 89.496693 100.000000
3522 0.352200 0.000000 11.906762 23.681795 35.228410 46.503511 57.515982 68.311268 78.951233 89.497011 100.000000
3523 0.352300 0.000000 11.907079 23.682391 35.229213 46.504424 57.516896 68.312071 78.951829 89.497328 100.000000
3524 0.352400 0.000000 11.907395 23.682986 35.230015 46.505336 57.517808 68.312873 78.952424 89.497645 100.000000
3525 0.352500 0.000000 11.907712 23.683581 35.230816 46.506247 57.518719 68.313675 78.953019 89.497962 100.000000
3526 0.352600 0.000000 11.908028 23.684175 35.231616 46.507157 57.519629 68.314475 78.953613 89.498278 100.000000
3527 0.352700 0.000000 11.908343 23.684768 35.232415 46.508066 57.520538 68.315274 78.954207 89.498593 100.000000
3528 0.352800 0.000000 11.908659 23.685360 35.233214 46.508974 57.521446 68.316073 78.954799 89.498909 100.000000
3529 0.352900 0.000000 11.908973 23.685952 35.234011 46.509880 57.522353 68.316870 78.955391 89.499224 100.000000
3530 0.353000 0.000000 11.909288 23.686543 35.234807 46.510786 57.523258 68.317667 78.955982 89.499538 100.000000
3531 0.353100 0.000000 11.909602 23.687133 35.235603 46.511690 57.524163 68.318462 78.956573 89.499852 100.000000
3532 0.353200 0.000000 11.909916 23.687723 35.236397 46.512594 57.525066 68.319257 78.957162 89.500166 100.000000
3533 0.353300 0.000000 11.910229 23.688311 35.237190 46.513496 57.525968 68.320050 78.957751 89.500480 100.000000
3534 0.353400 0.000000 11.910542 23.688899 35.237983 46.514397 57.526870 68.320843 78.958340 89.500793 100.000000
3535 0.353500 0.000000 11.910854 23.689487 35.238774 46.515297 57.527770 68.321634 78.958927 89.501105 100.000000
3536 0.353600 0.000000 11.911166 23.690074 35.239565 46.516196 57.528669 68.322425 78.959514 89.501418 100.000000
3537 0.353700 0.000000 11.911478 23.690660 35.240354 46.517094 57.529567 68.323215 78.960100 89.501730 100.000000
3538 0.353800 0.000000 11.911790 23.691245 35.241143 46.517991 57.530464 68.324003 78.960686 89.502041 100.000000
3539 0.353900 0.000000 11.912101 23.691829 35.241930 46.518886 57.531359 68.324791 78.961270 89.502352 100.000000
3540 0.354000 0.000000 11.912411 23.692413 35.242717 46.519781 57.532254 68.325578 78.961854 89.502663 100.000000
3541 0.354100 0.000000 11.912722 23.692996 35.243502 46.520674 57.533147 68.326364 78.962438 89.502973 100.000000
3542 0.354200 0.000000 11.913031 23.693579 35.244287 46.521567 57.534040 68.327149 78.963020 89.503283 100.000000
3543 0.354300 0.000000 11.913341 23.694160 35.245071 46.522458 57.534931 68.327932 78.963602 89.503593 100.000000
3544 0.354400 0.000000 11.913650 23.694741 35.245854 46.523348 57.535822 68.328715 78.964183 89.503902 100.000000
3545 0.354500 0.000000 11.913959 23.695322 35.246636 46.524238 57.536711 68.329497 78.964764 89.504211 100.000000
3546 0.354600 0.000000 11.914267 23.695901 35.247417 46.525126 57.537599 68.330279 78.965344 89.504520 100.000000
3547 0.354700 0.000000 11.914575 23.696480 35.248196 46.526013 57.538486 68.331059 78.965923 89.504828 100.000000
3548 0.354800 0.000000 11.914883 23.697058 35.248975 46.526899 57.539372 68.331838 78.966501 89.505135 100.000000
3549 0.354900 0.000000 11.915190 23.697636 35.249754 46.527783 57.540257 68.332616 78.967079 89.505443 100.000000
3550 0.355000 0.000000 11.915497 23.698212 35.250531 46.528667 57.541141 68.333393 78.967656 89.505750 100.000000
3551 0.355100 0.000000 11.915803 23.698789 35.251307 46.529550 57.542023 68.334170 78.968232 89.506056 100.000000
3552 0.355200 0.000000 11.916110 23.699364 35.252082 46.530431 57.542905 68.334945 78.968807 89.506363 100.000000
3553 0.355300 0.000000 11.916415 23.699939 35.252856 46.531312 57.543786 68.335719 78.969382 89.506669 100.000000
3554 0.355400 0.000000 11.916721 23.700513 35.253630 46.532191 57.544665 68.336493 78.969956 89.506974 100.000000
3555 0.355500 0.000000 11.917026 23.701086 35.254402 46.533070 57.545544 68.337265 78.970530 89.507279 100.000000
3556 0.355600 0.000000 11.917330 23.701658 35.255173 46.533947 57.546421 68.338037 78.971102 89.507584 100.000000
3557 0.355700 0.000000 11.917635 23.702230 35.255944 46.534823 57.547297 68.338808 78.971675 89.507888 100.000000
3558 0.355800 0.000000 11.917939 23.702801 35.256714 46.535699 57.548173 68.339577 78.972246 89.508192 100.000000
3559 0.355900 0.000000 11.918242 23.703372 35.257482 46.536573 57.549047 68.340346 78.972817 89.508496 100.000000
3560 0.356000 0.000000 11.918545 23.703942 35.258250 46.537446 57.549920 68.341114 78.973386 89.508799 100.000000
3561 0.356100 0.000000 11.918848 23.704511 35.259017 46.538318 57.550792 68.341881 78.973956 89.509102 100.000000
3562 0.356200 0.000000 11.919150 23.705079 35.259782 46.539189 57.551663 68.342647 78.974524 89.509405 100.000000
3563 0.356300 0.000000 11.919453 23.705647 35.260547 46.540058 57.552533 68.343412 78.975092 89.509707 100.000000
3564 0.356400 0.000000 11.919754 23.706214 35.261311 46.540927 57.553402 68.344176 78.975659 89.510009 100.000000
3565 0.356500 0.000000 11.920056 23.706780 35.262074 46.541795 57.554269 68.344939 78.976226 89.510310 100.000000
3566 0.356600 0.000000 11.920357 23.707346 35.262837 46.542662 57.555136 68.345701 78.976792 89.510611 100.000000
3567 0.356700 0.000000 11.920657 23.707911 35.263598 46.543527 57.556002 68.346463 78.977357 89.510912 100.000000
3568 0.356800 0.000000 11.920957 23.708475 35.264358 46.544392 57.556867 68.347223 78.977921 89.511212 100.000000
3569 0.356900 0.000000 11.921257 23.709039 35.265117 46.545255 57.557730 68.347983 78.978485 89.511512 100.000000
3570 0.357000 0.000000 11.921557 23.709601 35.265876 46.546118 57.558593 68.348741 78.979048 89.511812 100.000000
3571 0.357100 0.000000 11.921856 23.710164 35.266633 46.546979 57.559454 68.349499 78.979610 89.512111 100.000000
3572 0.357200 0.000000 11.922155 23.710725 35.267390 46.547840 57.560315 68.350256 78.980172 89.512410 100.000000
3573 0.357300 0.000000 11.922453 23.711286 35.268145 46.548699 57.561174 68.351011 78.980733 89.512708 100.000000
3574 0.357400 0.000000 11.922751 23.711846 35.268900 46.549557 57.562032 68.351766 78.981293 89.513006 100.000000
3575 0.357500 0.000000 11.923049 23.712406 35.269654 46.550415 57.562890 68.352520 78.981853 89.513304 100.000000
3576 0.357600 0.000000 11.923346 23.712964 35.270407 46.551271 57.563746 68.353273 78.982412 89.513602 100.000000
3577 0.357700 0.000000 11.923643 23.713522 35.271159 46.552126 57.564601 68.354025 78.982970 89.513899 100.000000
3578 0.357800 0.000000 11.923940 23.714080 35.271910 46.552980 57.565455 68.354776 78.983528 89.514195 100.000000
3579 0.357900 0.000000 11.924236 23.714637 35.272660 46.553833 57.566308 68.355527 78.984084 89.514492 100.000000
3580 0.358000 0.000000 11.924532 23.715193 35.273409 46.554685 57.567160 68.356276 78.984641 89.514788 100.000000
3581 0.358100 0.000000 11.924827 23.715748 35.274157 46.555536 57.568011 68.357024 78.985196 89.515083 100.000000
3582 0.358200 0.000000 11.925122 23.716303 35.274905 46.556386 57.568861 68.357772 78.985751 89.515379 100.000000
3583 0.358300 0.000000 11.925417 23.716857 35.275651 46.557235 57.569710 68.358519 78.986305 89.515673 100.000000
3584 0.358400 0.000000 11.925711 23.717410 35.276397 46.558083 57.570558 68.359264 78.986859 89.515968 100.000000
3585 0.358500 0.000000 11.926006 23.717963 35.277142 46.558930 57.571405 68.360009 78.987412 89.516262 100.000000
3586 0.358600 0.000000 11.926299 23.718515 35.277885 46.559776 57.572251 68.360753 78.987964 89.516556 100.000000
3587 0.358700 0.000000 11.926593 23.719066 35.278628 46.560620 57.573096 68.361496 78.988515 89.516849 100.000000
3588 0.358800 0.000000 11.926886 23.719617 35.279370 46.561464 57.573940 68.362238 78.989066 89.517142 100.000000
3589 0.358900 0.000000 11.927178 23.720167 35.280111 46.562307 57.574783 68.362979 78.989616 89.517435 100.000000
3590 0.359000 0.000000 11.927471 23.720716 35.280851 46.563149 57.575624 68.363720 78.990166 89.517728 100.000000
3591 0.359100 0.000000 11.927762 23.721265 35.281591 46.563989 57.576465 68.364459 78.990715 89.518020 100.000000
3592 0.359200 0.000000 11.928054 23.721813 35.282329 46.564829 57.577305 68.365197 78.991263 89.518311 100.000000
3593 0.359300 0.000000 11.928345 23.722360 35.283066 46.565668 57.578144 68.365935 78.991810 89.518603 100.000000
3594 0.359400 0.000000 11.928636 23.722907 35.283803 46.566505 57.578981 68.366672 78.992357 89.518894 100.000000
3595 0.359500 0.000000 11.928927 23.723453 35.284539 46.567342 57.579818 68.367407 78.992903 89.519184 100.000000
3596 0.359600 0.000000 11.929217 23.723998 35.285273 46.568177 57.580654 68.368142 78.993449 89.519474 100.000000
3597 0.359700 0.000000 11.929507 23.724543 35.286007 46.569012 57.581488 68.368876 78.993993 89.519764 100.000000
3598 0.359800 0.000000 11.929796 23.725087 35.286740 46.569846 57.582322 68.369609 78.994538 89.520054 100.000000
3599 0.359900 0.000000 11.930085 23.725630 35.287472 46.570678 57.583154 68.370342 78.995081 89.520343 100.000000
3600 0.360000 0.000000 11.930374 23.726173 35.288203 46.571510 57.583986 68.371073 78.995624 89.520632 100.000000
3601 0.360100 0.000000 11.930662 23.726715 35.288934 46.572340 57.584816 68.371803 78.996166 89.520920 100.000000
3602 0.360200 0.000000 11.930950 23.727256 35.289663 46.573170 57.585646 68.372533 78.996708 89.521209 100.000000
3603 0.360300 0.000000 11.931238 23.727797 35.290392 46.573998 57.586475 68.373262 78.997248 89.521496 100.000000
3604 0.360400 0.000000 11.931525 23.728337 35.291119 46.574826 57.587302 68.373989 78.997789 89.521784 100.000000
3605 0.360500 0.000000 11.931812 23.728876 35.291846 46.575652 57.588129 68.374716 78.998328 89.522071 100.000000
3606 0.360600 0.000000 11.932099 23.729415 35.292572 46.576478 57.588954 68.375442 78.998867 89.522358 100.000000
3607 0.360700 0.000000 11.932385 23.729953 35.293297 46.577302 57.589779 68.376167 78.999405 89.522644 100.000000
3608 0.360800 0.000000 11.932671 23.730491 35.294021 46.578125 57.590602 68.376891 78.999943 89.522930 100.000000
3609 0.360900 0.000000 11.932957 23.731027 35.294744 46.578948 57.591425 68.377615 79.000480 89.523216 100.000000
3610 0.361000 0.000000 11.933242 23.731563 35.295467 46.579769 57.592246 68.378337 79.001016 89.523501 100.000000
3611 0.361100 0.000000 11.933527 23.732099 35.296188 46.580590 57.593067 68.379059 79.001551 89.523786 100.000000
3612 0.361200 0.000000 11.933812 23.732634 35.296909 46.581409 57.593886 68.379780 79.002086 89.524071 100.000000
3613 0.361300 0.000000 11.934096 23.733168 35.297628 46.582228 57.594705 68.380499 79.002621 89.524355 100.000000
3614 0.361400 0.000000 11.934380 23.733701 35.298347 46.583045 57.595522 68.381218 79.003154 89.524639 100.000000
3615 0.361500 0.000000 11.934663 23.734234 35.299065 46.583862 57.596339 68.381936 79.003687 89.524922 100.000000
3616 0.361600 0.000000 11.934946 23.734766 35.299782 46.584677 57.597154 68.382654 79.004220 89.525206 100.000000
3617 0.361700 0.000000 11.935229 23.735298 35.300498 46.585492 57.597969 68.383370 79.004751 89.525489 100.000000
3618 0.361800 0.000000 11.935512 23.735829 35.301214 46.586305 57.598782 68.384085 79.005282 89.525771 100.000000
3619 0.361900 0.000000 11.935794 23.736359 35.301928 46.587118 57.599595 68.384800 79.005813 89.526053 100.000000
3620 0.362000 0.000000 11.936076 23.736889 35.302642 46.587929 57.600406 68.385514 79.006343 89.526335 100.000000
3621 0.362100 0.000000 11.936357 23.737418 35.303354 46.588740 57.601217 68.386226 79.006872 89.526617 100.000000
3622 0.362200 0.000000 11.936638 23.737946 35.304066 46.589549 57.602026 68.386938 79.007400 89.526898 100.000000
3623 0.362300 0.000000 11.936919 23.738474 35.304777 46.590358 57.602835 68.387649 79.007928 89.527179 100.000000
3624 0.362400 0.000000 11.937199 23.739001 35.305487 46.591165 57.603643 68.388360 79.008455 89.527459 100.000000
3625 0.362500 0.000000 11.937479 23.739527 35.306197 46.591972 57.604449 68.389069 79.008982 89.527740 100.000000
3626 0.362600 0.000000 11.937759 23.740053 35.306905 46.592777 57.605255 68.389778 79.009508 89.528019 100.000000
3627 0.362700 0.000000 11.938039 23.740578 35.307612 46.593582 57.606059 68.390485 79.010033 89.528299 100.000000
3628 0.362800 0.000000 11.938318 23.741103 35.308319 46.594386 57.606863 68.391192 79.010557 89.528578 100.000000
3629 0.362900 0.000000 11.938596 23.741626 35.309025 46.595188 57.607666 68.391898 79.011081 89.528857 100.000000
3630 0.363000 0.000000 11.938875 23.742150 35.309730 46.595990 57.608468 68.392603 79.011605 89.529135 100.000000
3631 0.363100 0.000000 11.939153 23.742672 35.310434 46.596791 57.609268 68.393307 79.012127 89.529413 100.000000
3632 0.363200 0.000000 11.939430 23.743194 35.311137 46.597590 57.610068 68.394010 79.012649 89.529691 100.000000
3633 0.363300 0.000000 11.939708 23.743715 35.311840 46.598389 57.610867 68.394713 79.013171 89.529969 100.000000
3634 0.363400 0.000000 11.939985 23.744236 35.312541 46.599187 57.611665 68.395415 79.013692 89.530246 100.000000
3635 0.363500 0.000000 11.940262 23.744756 35.313242 46.599984 57.612461 68.396115 79.014212 89.530523 100.000000
3636 0.363600 0.000000 11.940538 23.745276 35.313941 46.600779 57.613257 68.396815 79.014731 89.530799 100.000000
3637 0.363700 0.000000 11.940814 23.745794 35.314640 46.601574 57.614052 68.397514 79.015250 89.531075 100.000000
3638 0.363800 0.000000 11.941090 23.746312 35.315339 46.602368 57.614846 68.398213 79.015768 89.531351 100.000000
3639 0.363900 0.000000 11.941365 23.746830 35.316036 46.603161 57.615639 68.398910 79.016286 89.531626 100.000000
3640 0.364000 0.000000 11.941640 23.747347 35.316732 46.603953 57.616431 68.399606 79.016803 89.531901 100.000000
3641 0.364100 0.000000 11.941915 23.747863 35.317428 46.604744 57.617222 68.400302 79.017319 89.532176 100.000000
3642 0.364200 0.000000 11.942189 23.748379 35.318122 46.605534 57.618012 68.400997 79.017835 89.532451 100.000000
3643 0.364300 0.000000 11.942463 23.748894 35.318816 46.606323 57.618801 68.401691 79.018350 89.532725 100.000000
3644 0.364400 0.000000 11.942737 23.749408 35.319509 46.607111 57.619590 68.402384 79.018865 89.532998 100.000000
3645 0.364500 0.000000 11.943010 23.749922 35.320202 46.607898 57.620377 68.403076 79.019379 89.533272 100.000000
3646 0.364600 0.000000 11.943283 23.750435 35.320893 46.608685 57.621163 68.403768 79.019892 89.533545 100.000000
3647 0.364700 0.000000 11.943556 23.750947 35.321583 46.609470 57.621948 68.404458 79.020404 89.533818 100.000000
3648 0.364800 0.000000 11.943828 23.751459 35.322273 46.610254 57.622733 68.405148 79.020916 89.534090 100.000000
3649 0.364900 0.000000 11.944100 23.751970 35.322962 46.611037 57.623516 68.405837 79.021428 89.534362 100.000000
3650 0.365000 0.000000 11.944372 23.752481 35.323650 46.611820 57.624298 68.406525 79.021938 89.534634 100.000000
3651 0.365100 0.000000 11.944643 23.752991 35.324337 46.612601 57.625080 68.407212 79.022449 89.534905 100.000000
3652 0.365200 0.000000 11.944914 23.753500 35.325023 46.613382 57.625860 68.407899 79.022958 89.535176 100.000000
3653 0.365300 0.000000 11.945185 23.754009 35.325709 46.614161 57.626640 68.408584 79.023467 89.535447 100.000000
3654 0.365400 0.000000 11.945455 23.754517 35.326393 46.614940 57.627418 68.409269 79.023975 89.535718 100.000000
3655 0.365500 0.000000 11.945725 23.755025 35.327077 46.615717 57.628196 68.409953 79.024483 89.535988 100.000000
3656 0.365600 0.000000 11.945995 23.755532 35.327760 46.616494 57.628973 68.410636 79.024990 89.536258 100.000000
3657 0.365700 0.000000 11.946264 23.756038 35.328442 46.617270 57.629749 68.411318 79.025496 89.536527 100.000000
3658 0.365800 0.000000 11.946533 23.756544 35.329123 46.618045 57.630523 68.411999 79.026002 89.536796 100.000000
3659 0.365900 0.000000 11.946802 23.757049 35.329804 46.618818 57.631297 68.412680 79.026507 89.537065 100.000000
3660 0.366000 0.000000 11.947070 23.757553 35.330484 46.619591 57.632070 68.413360 79.027012 89.537333 100.000000
3661 0.366100 0.000000 11.947339 23.758057 35.331162 46.620363 57.632842 68.414039 79.027516 89.537602 100.000000
3662 0.366200 0.000000 11.947606 23.758560 35.331840 46.621134 57.633613 68.414717 79.028019 89.537869 100.000000
3663 0.366300 0.000000 11.947874 23.759063 35.332517 46.621904 57.634383 68.415394 79.028522 89.538137 100.000000
3664 0.366400 0.000000 11.948141 23.759565 35.333194 46.622673 57.635153 68.416070 79.029024 89.538404 100.000000
3665 0.366500 0.000000 11.948408 23.760066 35.333869 46.623442 57.635921 68.416746 79.029525 89.538671 100.000000
3666 0.366600 0.000000 11.948674 23.760567 35.334544 46.624209 57.636688 68.417421 79.030026 89.538937 100.000000
3667 0.366700 0.000000 11.948940 23.761067 35.335218 46.624975 57.637454 68.418095 79.030526 89.539204 100.000000
3668 0.366800 0.000000 11.949206 23.761566 35.335891 46.625741 57.638220 68.418768 79.031026 89.539469 100.000000
3669 0.366900 0.000000 11.949471 23.762065 35.336563 46.626505 57.638984 68.419440 79.031525 89.539735 100.000000
3670 0.367000 0.000000 11.949736 23.762564 35.337235 46.627269 57.639748 68.420112 79.032023 89.540000 100.000000
3671 0.367100 0.000000 11.950001 23.763061 35.337905 46.628031 57.640511 68.420782 79.032521 89.540265 100.000000
3672 0.367200 0.000000 11.950266 23.763558 35.338575 46.628793 57.641272 68.421452 79.033018 89.540530 100.000000
3673 0.367300 0.000000 11.950530 23.764055 35.339244 46.629554 57.642033 68.422121 79.033515 89.540794 100.000000
3674 0.367400 0.000000 11.950794 23.764551 35.339912 46.630313 57.642793 68.422790 79.034011 89.541058 100.000000
3675 0.367500 0.000000 11.951057 23.765046 35.340579 46.631072 57.643552 68.423457 79.034506 89.541321 100.000000
3676 0.367600 0.000000 11.951321 23.765541 35.341246 46.631830 57.644310 68.424124 79.035001 89.541585 100.000000
3677 0.367700 0.000000 11.951583 23.766035 35.341912 46.632587 57.645067 68.424789 79.035495 89.541848 100.000000
3678 0.367800 0.000000 11.951846 23.766528 35.342576 46.633343 57.645823 68.425454 79.035989 89.542110 100.000000
3679 0.367900 0.000000 11.952108 23.767021 35.343241 46.634099 57.646578 68.426119 79.036482 89.542373 100.000000
3680 0.368000 0.000000 11.952370 23.767514 35.343904 46.634853 57.647333 68.426782 79.036974 89.542635 100.000000
3681 0.368100 0.000000 11.952632 23.768005 35.344566 46.635606 57.648086 68.427444 79.037466 89.542896 100.000000
3682 0.368200 0.000000 11.952893 23.768496 35.345228 46.636359 57.648838 68.428106 79.037957 89.543158 100.000000
3683 0.368300 0.000000 11.953154 23.768987 35.345889 46.637110 57.649590 68.428767 79.038448 89.543419 100.000000
3684 0.368400 0.000000 11.953415 23.769477 35.346549 46.637861 57.650341 68.429427 79.038938 89.543679 100.000000
3685 0.368500 0.000000 11.953675 23.769966 35.347208 46.638611 57.651090 68.430087 79.039427 89.543940 100.000000
3686 0.368600 0.000000 11.953935 23.770455 35.347866 46.639359 57.651839 68.430745 79.039916 89.544200 100.000000
3687 0.368700 0.000000 11.954195 23.770943 35.348524 46.640107 57.652587 68.431403 79.040404 89.544460 100.000000
3688 0.368800 0.000000 11.954454 23.771430 35.349181 46.640854 57.653334 68.432060 79.040892 89.544719 100.000000
3689 0.368900 0.000000 11.954713 23.771917 35.349837 46.641600 57.654080 68.432716 79.041379 89.544978 100.000000
3690 0.369000 0.000000 11.954972 23.772403 35.350492 46.642345 57.654825 68.433371 79.041865 89.545237 100.000000
3691 0.369100 0.000000 11.955230 23.772889 35.351147 46.643090 57.655570 68.434026 79.042351 89.545496 100.000000
3692 0.369200 0.000000 11.955489 23.773374 35.351800 46.643833 57.656313 68.434679 79.042836 89.545754 100.000000
3693 0.369300 0.000000 11.955746 23.773859 35.352453 46.644575 57.657055 68.435332 79.043321 89.546012 100.000000
3694 0.369400 0.000000 11.956004 23.774343 35.353105 46.645317 57.657797 68.435985 79.043805 89.546269 100.000000
3695 0.369500 0.000000 11.956261 23.774826 35.353756 46.646057 57.658538 68.436636 79.044288 89.546526 100.000000
3696 0.369600 0.000000 11.956518 23.775309 35.354407 46.646797 57.659277 68.437286 79.044771 89.546783 100.000000
3697 0.369700 0.000000 11.956775 23.775791 35.355057 46.647536 57.660016 68.437936 79.045254 89.547040 100.000000
3698 0.369800 0.000000 11.957031 23.776273 35.355705 46.648274 57.660754 68.438585 79.045735 89.547296 100.000000
3699 0.369900 0.000000 11.957287 23.776754 35.356354 46.649011 57.661491 68.439233 79.046216 89.547552 100.000000
3700 0.370000 0.000000 11.957542 23.777234 35.357001 46.649747 57.662227 68.439881 79.046697 89.547808 100.000000
3701 0.370100 0.000000 11.957798 23.777714 35.357647 46.650482 57.662963 68.440527 79.047177 89.548063 100.000000
3702 0.370200 0.000000 11.958053 23.778193 35.358293 46.651217 57.663697 68.441173 79.047656 89.548318 100.000000
3703 0.370300 0.000000 11.958307 23.778672 35.358938 46.651950 57.664430 68.441818 79.048135 89.548573 100.000000
3704 0.370400 0.000000 11.958562 23.779150 35.359582 46.652683 57.665163 68.442462 79.048613 89.548828 100.000000
3705 0.370500 0.000000 11.958816 23.779628 35.360226 46.653414 57.665895 68.443106 79.049091 89.549082 100.000000
3706 0.370600 0.000000 11.959070 23.780104 35.360868 46.654145 57.666625 68.443748 79.049568 89.549336 100.000000
3707 0.370700 0.000000 11.959323 23.780581 35.361510 46.654875 57.667355 68.444390 79.050044 89.549589 100.000000
3708 0.370800 0.000000 11.959576 23.781057 35.362151 46.655604 57.668084 68.445031 79.050520 89.549842 100.000000
3709 0.370900 0.000000 11.959829 23.781532 35.362791 46.656332 57.668812 68.445672 79.050995 89.550095 100.000000
3710 0.371000 0.000000 11.960082 23.782006 35.363431 46.657059 57.669540 68.446311 79.051470 89.550348 100.000000
3711 0.371100 0.000000 11.960334 23.782480 35.364069 46.657785 57.670266 68.446950 79.051944 89.550600 100.000000
3712 0.371200 0.000000 11.960586 23.782954 35.364707 46.658511 57.670991 68.447588 79.052418 89.550852 100.000000
3713 0.371300 0.000000 11.960837 23.783427 35.365344 46.659235 57.671716 68.448225 79.052891 89.551104 100.000000
3714 0.371400 0.000000 11.961089 23.783899 35.365981 46.659959 57.672440 68.448862 79.053363 89.551355 100.000000
3715 0.371500 0.000000 11.961340 23.784371 35.366616 46.660682 57.673163 68.449497 79.053835 89.551606 100.000000
3716 0.371600 0.000000 11.961590 23.784842 35.367251 46.661404 57.673884 68.450132 79.054306 89.551857 100.000000
3717 0.371700 0.000000 11.961841 23.785312 35.367885 46.662125 57.674606 68.450766 79.054777 89.552107 100.000000
3718 0.371800 0.000000 11.962091 23.785782 35.368518 46.662845 57.675326 68.451400 79.055247 89.552357 100.000000
3719 0.371900 0.000000 11.962340 23.786252 35.369151 46.663564 57.676045 68.452032 79.055716 89.552607 100.000000
3720 0.372000 0.000000 11.962590 23.786721 35.369783 46.664282 57.676763 68.452664 79.056185 89.552857 100.000000
3721 0.372100 0.000000 11.962839 23.787189 35.370413 46.665000 57.677481 68.453295 79.056654 89.553106 100.000000
3722 0.372200 0.000000 11.963088 23.787657 35.371044 46.665717 57.678198 68.453925 79.057122 89.553355 100.000000
3723 0.372300 0.000000 11.963337 23.788124 35.371673 46.666432 57.678913 68.454555 79.057589 89.553604 100.000000
3724 0.372400 0.000000 11.963585 23.788590 35.372302 46.667147 57.679628 68.455183 79.058055 89.553852 100.000000
3725 0.372500 0.000000 11.963833 23.789057 35.372930 46.667861 57.680342 68.455811 79.058522 89.554100 100.000000
3726 0.372600 0.000000 11.964080 23.789522 35.373557 46.668574 57.681056 68.456439 79.058987 89.554348 100.000000
3727 0.372700 0.000000 11.964328 23.789987 35.374183 46.669287 57.681768 68.457065 79.059452 89.554595 100.000000
3728 0.372800 0.000000 11.964575 23.790451 35.374809 46.669998 57.682479 68.457691 79.059916 89.554842 100.000000
3729 0.372900 0.000000 11.964822 23.790915 35.375433 46.670709 57.683190 68.458316 79.060380 89.555089 100.000000
3730 0.373000 0.000000 11.965068 23.791378 35.376057 46.671418 57.683900 68.458940 79.060843 89.555335 100.000000
3731 0.373100 0.000000 11.965314 23.791841 35.376681 46.672127 57.684608 68.459563 79.061306 89.555582 100.000000
3732 0.373200 0.000000 11.965560 23.792303 35.377303 46.672835 57.685316 68.460186 79.061768 89.555827 100.000000
3733 0.373300 0.000000 11.965806 23.792764 35.377925 46.673542 57.686024 68.460808 79.062230 89.556073 100.000000
3734 0.373400 0.000000 11.966051 23.793225 35.378546 46.674248 57.686730 68.461429 79.062691 89.556318 100.000000
3735 0.373500 0.000000 11.966296 23.793685 35.379166 46.674954 57.687435 68.462049 79.063151 89.556563 100.000000
3736 0.373600 0.000000 11.966540 23.794145 35.379786 46.675658 57.688140 68.462669 79.063611 89.556808 100.000000
3737 0.373700 0.000000 11.966785 23.794605 35.380405 46.676362 57.688843 68.463287 79.064071 89.557052 100.000000
3738 0.373800 0.000000 11.967029 23.795063 35.381023 46.677065 57.689546 68.463905 79.064529 89.557297 100.000000
3739 0.373900 0.000000 11.967273 23.795521 35.381640 46.677767 57.690248 68.464523 79.064988 89.557540 100.000000
3740 0.374000 0.000000 11.967516 23.795979 35.382256 46.678468 57.690949 68.465139 79.065445 89.557784 100.000000
3741 0.374100 0.000000 11.967759 23.796436 35.382872 46.679168 57.691650 68.465755 79.065902 89.558027 100.000000
3742 0.374200 0.000000 11.968002 23.796892 35.383487 46.679867 57.692349 68.466370 79.066359 89.558270 100.000000
3743 0.374300 0.000000 11.968245 23.797348 35.384101 46.680566 57.693047 68.466985 79.066815 89.558513 100.000000
3744 0.374400 0.000000 11.968487 23.797804 35.384715 46.681264 57.693745 68.467598 79.067270 89.558755 100.000000
3745 0.374500 0.000000 11.968729 23.798258 35.385328 46.681960 57.694442 68.468211 79.067725 89.558997 100.000000
3746 0.374600 0.000000 11.968971 23.798713 35.385940 46.682656 57.695138 68.468823 79.068179 89.559239 100.000000
3747 0.374700 0.000000 11.969212 23.799166 35.386551 46.683351 57.695833 68.469434 79.068633 89.559480 100.000000
3748 0.374800 0.000000 11.969453 23.799619 35.387161 46.684046 57.696527 68.470045 79.069086 89.559721 100.000000
3749 0.374900 0.000000 11.969694 23.800072 35.387771 46.684739 57.697221 68.470655 79.069539 89.559962 100.000000
3750 0.375000 0.000000 11.969934 23.800524 35.388380 46.685432 57.697914 68.471264 79.069991 89.560203 100.000000
3751 0.375100 0.000000 11.970175 23.800976 35.388989 46.686123 57.698605 68.471872 79.070443 89.560443 100.000000
3752 0.375200 0.000000 11.970415 23.801426 35.389596 46.686814 57.699296 68.472480 79.070894 89.560683 100.000000
3753 0.375300 0.000000 11.970654 23.801877 35.390203 46.687504 57.699986 68.473087 79.071344 89.560923 100.000000
3754 0.375400 0.000000 11.970893 23.802327 35.390809 46.688194 57.700676 68.473693 79.071794 89.561162 100.000000
3755 0.375500 0.000000 11.971133 23.802776 35.391414 46.688882 57.701364 68.474298 79.072243 89.561401 100.000000
3756 0.375600 0.000000 11.971371 23.803225 35.392019 46.689570 57.702052 68.474903 79.072692 89.561640 100.000000
3757 0.375700 0.000000 11.971610 23.803673 35.392623 46.690256 57.702738 68.475507 79.073140 89.561879 100.000000
3758 0.375800 0.000000 11.971848 23.804120 35.393226 46.690942 57.703424 68.476110 79.073588 89.562117 100.000000
3759 0.375900 0.000000 11.972086 23.804568 35.393828 46.691627 57.704109 68.476712 79.074035 89.562355 100.000000
3760 0.376000 0.000000 11.972323 23.805014 35.394430 46.692311 57.704793 68.477314 79.074482 89.562592 100.000000
3761 0.376100 0.000000 11.972561 23.805460 35.395031 46.692995 57.705477 68.477915 79.074928 89.562830 100.000000
3762 0.376200 0.000000 11.972798 23.805906 35.395631 46.693677 57.706159 68.478515 79.075374 89.563067 100.000000
3763 0.376300 0.000000 11.973034 23.806350 35.396230 46.694359 57.706841 68.479115 79.075819 89.563304 100.000000
3764 0.376400 0.000000 11.973271 23.806795 35.396829 46.695040 57.707522 68.479714 79.076263 89.563540 100.000000
3765 0.376500 0.000000 11.973507 23.807239 35.397427 46.695720 57.708202 68.480312 79.076707 89.563776 100.000000
3766 0.376600 0.000000 11.973743 23.807682 35.398024 46.696399 57.708881 68.480909 79.077150 89.564012 100.000000
3767 0.376700 0.000000 11.973979 23.808125 35.398621 46.697077 57.709560 68.481506 79.077593 89.564248 100.000000
3768 0.376800 0.000000 11.974214 23.808567 35.399217 46.697755 57.710237 68.482102 79.078035 89.564483 100.000000
3769 0.376900 0.000000 11.974449 23.809009 35.399812 46.698432 57.710914 68.482697 79.078477 89.564718 100.000000
3770 0.377000 0.000000 11.974684 23.809450 35.400406 46.699108 57.711590 68.483291 79.078918 89.564953 100.000000
3771 0.377100 0.000000 11.974918 23.809890 35.401000 46.699783 57.712265 68.483885 79.079359 89.565187 100.000000
3772 0.377200 0.000000 11.975152 23.810330 35.401593 46.700457 57.712939 68.484478 79.079799 89.565422 100.000000
3773 0.377300 0.000000 11.975386 23.810770 35.402185 46.701130 57.713613 68.485070 79.080239 89.565656 100.000000
3774 0.377400 0.000000 11.975620 23.811209 35.402776 46.701803 57.714285 68.485662 79.080678 89.565889 100.000000
3775 0.377500 0.000000 11.975853 23.811647 35.403367 46.702475 57.714957 68.486252 79.081116 89.566123 100.000000
3776 0.377600 0.000000 11.976086 23.812085 35.403957 46.703146 57.715628 68.486842 79.081554 89.566356 100.000000
3777 0.377700 0.000000 11.976319 23.812523 35.404546 46.703816 57.716298 68.487432 79.081992 89.566588 100.000000
3778 0.377800 0.000000 11.976551 23.812960 35.405135 46.704485 57.716968 68.488021 79.082429 89.566821 100.000000
3779 0.377900 0.000000 11.976783 23.813396 35.405723 46.705154 57.717636 68.488608 79.082865 89.567053 100.000000
3780 0.378000 0.000000 11.977015 23.813832 35.406310 46.705822 57.718304 68.489196 79.083301 89.567285 100.000000
3781 0.378100 0.000000 11.977247 23.814267 35.406897 46.706488 57.718971 68.489782 79.083736 89.567517 100.000000
3782 0.378200 0.000000 11.977478 23.814702 35.407482 46.707155 57.719637 68.490368 79.084171 89.567748 100.000000
3783 0.378300 0.000000 11.977709 23.815136 35.408067 46.707820 57.720302 68.490953 79.084605 89.567979 100.000000
3784 0.378400 0.000000 11.977940 23.815570 35.408652 46.708484 57.720967 68.491537 79.085039 89.568210 100.000000
3785 0.378500 0.000000 11.978170 23.816003 35.409235 46.709148 57.721631 68.492121 79.085472 89.568440 100.000000
3786 0.378600 0.000000 11.978400 23.816435 35.409818 46.709811 57.722294 68.492704 79.085905 89.568671 100.000000
3787 0.378700 0.000000 11.978630 23.816867 35.410400 46.710473 57.722956 68.493286 79.086337 89.568901 100.000000
3788 0.378800 0.000000 11.978860 23.817299 35.410982 46.711134 57.723617 68.493868 79.086769 89.569130 100.000000
3789 0.378900 0.000000 11.979089 23.817730 35.411562 46.711794 57.724277 68.494449 79.087200 89.569360 100.000000
3790 0.379000 0.000000 11.979318 23.818161 35.412142 46.712454 57.724937 68.495029 79.087630 89.569589 100.000000
3791 0.379100 0.000000 11.979547 23.818591 35.412722 46.713113 57.725596 68.495608 79.088061 89.569818 100.000000
3792 0.379200 0.000000 11.979776 23.819020 35.413300 46.713771 57.726254 68.496187 79.088490 89.570046 100.000000
3793 0.379300 0.000000 11.980004 23.819449 35.413878 46.714428 57.726911 68.496765 79.088919 89.570274 100.000000
3794 0.379400 0.000000 11.980232 23.819877 35.414456 46.715085 57.727567 68.497342 79.089348 89.570502 100.000000
3795 0.379500 0.000000 11.980460 23.820305 35.415032 46.715740 57.728223 68.497919 79.089775 89.570730 100.000000
3796 0.379600 0.000000 11.980687 23.820733 35.415608 46.716395 57.728878 68.498494 79.090203 89.570958 100.000000
3797 0.379700 0.000000 11.980914 23.821159 35.416183 46.717049 57.729532 68.499070 79.090630 89.571185 100.000000
3798 0.379800 0.000000 11.981141 23.821586 35.416757 46.717702 57.730185 68.499644 79.091056 89.571412 100.000000
3799 0.379900 0.000000 11.981367 23.822012 35.417331 46.718355 57.730838 68.500218 79.091482 89.571638 100.000000
3800 0.380000 0.000000 11.981594 23.822437 35.417904 46.719006 57.731489 68.500791 79.091907 89.571864 100.000000
3801 0.380100 0.000000 11.981820 23.822862 35.418476 46.719657 57.732140 68.501363 79.092332 89.572091 100.000000
3802 0.380200 0.000000 11.982045 23.823286 35.419048 46.720307 57.732790 68.501935 79.092757 89.572316 100.000000
3803 0.380300 0.000000 11.982271 23.823710 35.419619 46.720956 57.733440 68.502506 79.093180 89.572542 100.000000
3804 0.380400 0.000000 11.982496 23.824133 35.420189 46.721605 57.734088 68.503076 79.093604 89.572767 100.000000
3805 0.380500 0.000000 11.982721 23.824556 35.420759 46.722253 57.734736 68.503646 79.094027 89.572992 100.000000
3806 0.380600 0.000000 11.982946 23.824978 35.421328 46.722899 57.735383 68.504215 79.094449 89.573217 100.000000
3807 0.380700 0.000000 11.983170 23.825400 35.421896 46.723545 57.736029 68.504783 79.094871 89.573441 100.000000
3808 0.380800 0.000000 11.983394 23.825821 35.422463 46.724191 57.736674 68.505350 79.095292 89.573665 100.000000
3809 0.380900 0.000000 11.983618 23.826241 35.423030 46.724835 57.737319 68.505917 79.095712 89.573889 100.000000
3810 0.381000 0.000000 11.983842 23.826661 35.423596 46.725479 57.737962 68.506483 79.096133 89.574113 100.000000
3811 0.381100 0.000000 11.984065 23.827081 35.424161 46.726122 57.738605 68.507049 79.096552 89.574336 100.000000
3812 0.381200 0.000000 11.984288 23.827500 35.424726 46.726764 57.739247 68.507614 79.096972 89.574559 100.000000
3813 0.381300 0.000000 11.984511 23.827919 35.425290 46.727406 57.739889 68.508178 79.097390 89.574782 100.000000
3814 0.381400 0.000000 11.984733 23.828337 35.425853 46.728046 57.740530 68.508741 79.097808 89.575004 100.000000
3815 0.381500 0.000000 11.984955 23.828755 35.426416 46.728686 57.741169 68.509304 79.098226 89.575227 100.000000
3816 0.381600 0.000000 11.985177 23.829172 35.426978 46.729325 57.741808 68.509866 79.098643 89.575449 100.000000
3817 0.381700 0.000000 11.985399 23.829588 35.427539 46.729963 57.742447 68.510427 79.099060 89.575670 100.000000
3818 0.381800 0.000000 11.985620 23.830004 35.428100 46.730601 57.743084 68.510988 79.099476 89.575892 100.000000
3819 0.381900 0.000000 11.985841 23.830420 35.428660 46.731237 57.743721 68.511548 79.099892 89.576113 100.000000
3820 0.382000 0.000000 11.986062 23.830835 35.429219 46.731873 57.744357 68.512107 79.100307 89.576334 100.000000
3821 0.382100 0.000000 11.986283 23.831249 35.429778 46.732509 57.744992 68.512665 79.100721 89.576554 100.000000
3822 0.382200 0.000000 11.986503 23.831663 35.430335 46.733143 57.745626 68.513223 79.101135 89.576775 100.000000
3823 0.382300 0.000000 11.986723 23.832077 35.430893 46.733777 57.746260 68.513781 79.101549 89.576995 100.000000
3824 0.382400 0.000000 11.986943 23.832490 35.431449 46.734409 57.746893 68.514337 79.101962 89.577214 100.000000
3825 0.382500 0.000000 11.987162 23.832903 35.432005 46.735041 57.747525 68.514893 79.102375 89.577434 100.000000
3826 0.382600 0.000000 11.987382 23.833315 35.432560 46.735673 57.748156 68.515448 79.102787 89.577653 100.000000
3827 0.382700 0.000000 11.987600 23.833726 35.433114 46.736303 57.748787 68.516003 79.103198 89.577872 100.000000
3828 0.382800 0.000000 11.987819 23.834137 35.433668 46.736933 57.749417 68.516556 79.103609 89.578091 100.000000
3829 0.382900 0.000000 11.988038 23.834548 35.434221 46.737562 57.750046 68.517110 79.104020 89.578310 100.000000
3830 0.383000 0.000000 11.988256 23.834958 35.434774 46.738190 57.750674 68.517662 79.104430 89.578528 100.000000
3831 0.383100 0.000000 11.988474 23.835367 35.435326 46.738818 57.751301 68.518214 79.104840 89.578746 100.000000
3832 0.383200 0.000000 11.988691 23.835776 35.435877 46.739444 57.751928 68.518765 79.105249 89.578963 100.000000
3833 0.383300 0.000000 11.988909 23.836185 35.436427 46.740070 57.752554 68.519315 79.105657 89.579181 100.000000
3834 0.383400 0.000000 11.989126 23.836593 35.436977 46.740695 57.753179 68.519865 79.106065 89.579398 100.000000
3835 0.383500 0.000000 11.989343 23.837000 35.437526 46.741320 57.753804 68.520414 79.106473 89.579615 100.000000
3836 0.383600 0.000000 11.989559 23.837407 35.438074 46.741944 57.754427 68.520963 79.106880 89.579831 100.000000
3837 0.383700 0.000000 11.989776 23.837814 35.438622 46.742566 57.755050 68.521511 79.107287 89.580048 100.000000
3838 0.383800 0.000000 11.989992 23.838220 35.439169 46.743189 57.755672 68.522058 79.107693 89.580264 100.000000
3839 0.383900 0.000000 11.990207 23.838625 35.439715 46.743810 57.756294 68.522604 79.108098 89.580480 100.000000
3840 0.384000 0.000000 11.990423 23.839030 35.440261 46.744431 57.756914 68.523150 79.108503 89.580695 100.000000
3841 0.384100 0.000000 11.990638 23.839435 35.440806 46.745050 57.757534 68.523695 79.108908 89.580910 100.000000
3842 0.384200 0.000000 11.990853 23.839839 35.441351 46.745669 57.758153 68.524240 79.109312 89.581125 100.000000
3843 0.384300 0.000000 11.991068 23.840243 35.441894 46.746288 57.758772 68.524783 79.109716 89.581340 100.000000
3844 0.384400 0.000000 11.991282 23.840646 35.442438 46.746905 57.759389 68.525327 79.110119 89.581555 100.000000
3845 0.384500 0.000000 11.991497 23.841048 35.442980 46.747522 57.760006 68.525869 79.110522 89.581769 100.000000
3846 0.384600 0.000000 11.991710 23.841450 35.443522 46.748138 57.760622 68.526411 79.110924 89.581983 100.000000
3847 0.384700 0.000000 11.991924 23.841852 35.444063 46.748754 57.761238 68.526952 79.111325 89.582197 100.000000
3848 0.384800 0.000000 11.992138 23.842253 35.444603 46.749368 57.761852 68.527492 79.111727 89.582410 100.000000
3849 0.384900 0.000000 11.992351 23.842654 35.445143 46.749982 57.762466 68.528032 79.112127 89.582623 100.000000
3850 0.385000 0.000000 11.992564 23.843054 35.445682 46.750595 57.763079 68.528571 79.112527 89.582836 100.000000
3851 0.385100 0.000000 11.992776 23.843454 35.446221 46.751208 57.763692 68.529110 79.112927 89.583049 100.000000
3852 0.385200 0.000000 11.992989 23.843853 35.446758 46.751819 57.764303 68.529648 79.113326 89.583261 100.000000
3853 0.385300 0.000000 11.993201 23.844252 35.447296 46.752430 57.764914 68.530185 79.113725 89.583474 100.000000
3854 0.385400 0.000000 11.993413 23.844650 35.447832 46.753040 57.765524 68.530722 79.114123 89.583686 100.000000
3855 0.385500 0.000000 11.993624 23.845047 35.448368 46.753649 57.766134 68.531257 79.114521 89.583897 100.000000
3856 0.385600 0.000000 11.993836 23.845445 35.448903 46.754258 57.766742 68.531793 79.114918 89.584109 100.000000
3857 0.385700 0.000000 11.994047 23.845841 35.449438 46.754866 57.767350 68.532327 79.115315 89.584320 100.000000
3858 0.385800 0.000000 11.994258 23.846238 35.449972 46.755473 57.767957 68.532861 79.115712 89.584531 100.000000
3859 0.385900 0.000000 11.994468 23.846633 35.450505 46.756079 57.768564 68.533395 79.116107 89.584741 100.000000
3860 0.386000 0.000000 11.994679 23.847029 35.451037 46.756685 57.769169 68.533927 79.116503 89.584952 100.000000
3861 0.386100 0.000000 11.994889 23.847424 35.451569 46.757290 57.769774 68.534459 79.116898 89.585162 100.000000
3862 0.386200 0.000000 11.995098 23.847818 35.452101 46.757894 57.770379 68.534990 79.117292 89.585371 100.000000
3863 0.386300 0.000000 11.995308 23.848212 35.452631 46.758498 57.770982 68.535521 79.117686 89.585581 100.000000
3864 0.386400 0.000000 11.995517 23.848605 35.453161 46.759100 57.771585 68.536051 79.118079 89.585790 100.000000
3865 0.386500 0.000000 11.995726 23.848998 35.453691 46.759702 57.772187 68.536581 79.118472 89.586000 100.000000
3866 0.386600 0.000000 11.995935 23.849390 35.454219 46.760304 57.772788 68.537109 79.118865 89.586208 100.000000
3867 0.386700 0.000000 11.996144 23.849782 35.454747 46.760904 57.773388 68.537637 79.119257 89.586417 100.000000
3868 0.386800 0.000000 11.996352 23.850174 35.455275 46.761504 57.773988 68.538165 79.119648 89.586625 100.000000
3869 0.386900 0.000000 11.996560 23.850565 35.455802 46.762103 57.774587 68.538692 79.120039 89.586833 100.000000
3870 0.387000 0.000000 11.996768 23.850955 35.456328 46.762701 57.775186 68.539218 79.120430 89.587041 100.000000
3871 0.387100 0.000000 11.996975 23.851345 35.456853 46.763299 57.775783 68.539743 79.120820 89.587249 100.000000
3872 0.387200 0.000000 11.997183 23.851735 35.457378 46.763896 57.776380 68.540268 79.121209 89.587456 100.000000
3873 0.387300 0.000000 11.997390 23.852124 35.457902 46.764492 57.776976 68.540793 79.121599 89.587663 100.000000
3874 0.387400 0.000000 11.997596 23.852513 35.458426 46.765087 57.777572 68.541316 79.121987 89.587870 100.000000
3875 0.387500 0.000000 11.997803 23.852901 35.458949 46.765682 57.778166 68.541839 79.122375 89.588076 100.000000
3876 0.387600 0.000000 11.998009 23.853288 35.459471 46.766276 57.778760 68.542362 79.122763 89.588283 100.000000
3877 0.387700 0.000000 11.998215 23.853676 35.459993 46.766869 57.779354 68.542883 79.123150 89.588489 100.000000
3878 0.387800 0.000000 11.998421 23.854062 35.460514 46.767462 57.779946 68.543404 79.123537 89.588695 100.000000
3879 0.387900 0.000000 11.998626 23.854448 35.461034 46.768053 57.780538 68.543925 79.123923 89.588900 100.000000
3880 0.388000 0.000000 11.998832 23.854834 35.461554 46.768644 57.781129 68.544445 79.124309 89.589105 100.000000
3881 0.388100 0.000000 11.999037 23.855220 35.462073 46.769235 57.781719 68.544964 79.124695 89.589310 100.000000
3882 0.388200 0.000000 11.999242 23.855604 35.462592 46.769824 57.782309 68.545482 79.125079 89.589515 100.000000
3883 0.388300 0.000000 11.999446 23.855989 35.463110 46.770413 57.782898 68.546000 79.125464 89.589720 100.000000
3884 0.388400 0.000000 11.999650 23.856373 35.463627 46.771002 57.783486 68.546517 79.125848 89.589924 100.000000
3885 0.388500 0.000000 11.999854 23.856756 35.464143 46.771589 57.784074 68.547034 79.126231 89.590128 100.000000
3886 0.388600 0.000000 12.000058 23.857139 35.464659 46.772176 57.784660 68.547550 79.126614 89.590332 100.000000
3887 0.388700 0.000000 12.000262 23.857522 35.465175 46.772762 57.785247 68.548066 79.126997 89.590535 100.000000
3888 0.388800 0.000000 12.000465 23.857904 35.465689 46.773347 57.785832 68.548580 79.127379 89.590739 100.000000
3889 0.388900 0.000000 12.000668 23.858285 35.466203 46.773932 57.786416 68.549094 79.127760 89.590942 100.000000
3890 0.389000 0.000000 12.000871 23.858666 35.466717 46.774516 57.787000 68.549608 79.128142 89.591145 100.000000
3891 0.389100 0.000000 12.001073 23.859047 35.467230 46.775099 57.787584 68.550121 79.128522 89.591347 100.000000
3892 0.389200 0.000000 12.001275 23.859427 35.467742 46.775681 57.788166 68.550633 79.128903 89.591549 100.000000
3893 0.389300 0.000000 12.001478 23.859807 35.468254 46.776263 57.788748 68.551145 79.129282 89.591751 100.000000
3894 0.389400 0.000000 12.001679 23.860186 35.468765 46.776844 57.789329 68.551656 79.129662 89.591953 100.000000
3895 0.389500 0.000000 12.001881 23.860565 35.469275 46.777425 57.789909 68.552166 79.130040 89.592155 100.000000
3896 0.389600 0.000000 12.002082 23.860943 35.469785 46.778004 57.790489 68.552676 79.130419 89.592356 100.000000
3897 0.389700 0.000000 12.002283 23.861321 35.470294 46.778583 57.791068 68.553185 79.130797 89.592557 100.000000
3898 0.389800 0.000000 12.002484 23.861698 35.470802 46.779161 57.791646 68.553693 79.131174 89.592758 100.000000
3899 0.389900 0.000000 12.002685 23.862075 35.471310 46.779739 57.792224 68.554201 79.131551 89.592959 100.000000
3900 0.390000 0.000000 12.002885 23.862452 35.471817 46.780316 57.792801 68.554709 79.131928 89.593159 100.000000
3901 0.390100 0.000000 12.003085 23.862828 35.472324 46.780892 57.793377 68.555215 79.132304 89.593359 100.000000
3902 0.390200 0.000000 12.003285 23.863203 35.472830 46.781467 57.793952 68.555721 79.132679 89.593559 100.000000
3903 0.390300 0.000000 12.003484 23.863578 35.473335 46.782042 57.794527 68.556227 79.133054 89.593759 100.000000
3904 0.390400 0.000000 12.003684 23.863953 35.473840 46.782616 57.795101 68.556732 79.133429 89.593958 100.000000
3905 0.390500 0.000000 12.003883 23.864327 35.474344 46.783189 57.795674 68.557236 79.133803 89.594157 100.000000
3906 0.390600 0.000000 12.004082 23.864701 35.474848 46.783762 57.796247 68.557739 79.134177 89.594356 100.000000
3907 0.390700 0.000000 12.004280 23.865074 35.475351 46.784334 57.796819 68.558242 79.134550 89.594555 100.000000
3908 0.390800 0.000000 12.004479 23.865447 35.475853 46.784905 57.797390 68.558745 79.134923 89.594753 100.000000
3909 0.390900 0.000000 12.004677 23.865819 35.476355 46.785476 57.797961 68.559246 79.135296 89.594951 100.000000
3910 0.391000 0.000000 12.004875 23.866191 35.476856 46.786045 57.798530 68.559747 79.135668 89.595149 100.000000
3911 0.391100 0.000000 12.005072 23.866563 35.477356 46.786615 57.799100 68.560248 79.136039 89.595347 100.000000
3912 0.391200 0.000000 12.005270 23.866934 35.477856 46.787183 57.799668 68.560748 79.136410 89.595544 100.000000
3913 0.391300 0.000000 12.005467 23.867304 35.478355 46.787751 57.800236 68.561247 79.136781 89.595741 100.000000
3914 0.391400 0.000000 12.005664 23.867675 35.478854 46.788318 57.800803 68.561746 79.137151 89.595938 100.000000
3915 0.391500 0.000000 12.005861 23.868044 35.479352 46.788884 57.801369 68.562244 79.137521 89.596135 100.000000
3916 0.391600 0.000000 12.006057 23.868413 35.479850 46.789450 57.801935 68.562741 79.137890 89.596332 100.000000
3917 0.391700 0.000000 12.006253 23.868782 35.480346 46.790015 57.802500 68.563238 79.138259 89.596528 100.000000
3918 0.391800 0.000000 12.006449 23.869150 35.480843 46.790579 57.803064 68.563735 79.138627 89.596724 100.000000
3919 0.391900 0.000000 12.006645 23.869518 35.481338 46.791143 57.803628 68.564230 79.138995 89.596920 100.000000
3920 0.392000 0.000000 12.006840 23.869886 35.481833 46.791706 57.804191 68.564725 79.139362 89.597115 100.000000
3921 0.392100 0.000000 12.007036 23.870253 35.482328 46.792268 57.804753 68.565220 79.139729 89.597310 100.000000
3922 0.392200 0.000000 12.007231 23.870619 35.482821 46.792829 57.805315 68.565714 79.140096 89.597505 100.000000
3923 0.392300 0.000000 12.007425 23.870985 35.483315 46.793390 57.805876 68.566207 79.140462 89.597700 100.000000
3924 0.392400 0.000000 12.007620 23.871351 35.483807 46.793951 57.806436 68.566699 79.140828 89.597895 100.000000
3925 0.392500 0.000000 12.007814 23.871716 35.484299 46.794510 57.806995 68.567192 79.141193 89.598089 100.000000
3926 0.392600 0.000000 12.008008 23.872081 35.484791 46.795069 57.807554 68.567683 79.141558 89.598283 100.000000
3927 0.392700 0.000000 12.008202 23.872445 35.485281 46.795627 57.808112 68.568174 79.141922 89.598477 100.000000
3928 0.392800 0.000000 12.008396 23.872809 35.485772 46.796184 57.808670 68.568664 79.142286 89.598671 100.000000
3929 0.392900 0.000000 12.008589 23.873172 35.486261 46.796741 57.809227 68.569154 79.142649 89.598864 100.000000
3930 0.393000 0.000000 12.008782 23.873535 35.486750 46.797297 57.809783 68.569643 79.143012 89.599057 100.000000
3931 0.393100 0.000000 12.008975 23.873898 35.487239 46.797853 57.810338 68.570131 79.143375 89.599250 100.000000
3932 0.393200 0.000000 12.009168 23.874260 35.487727 46.798407 57.810893 68.570619 79.143737 89.599443 100.000000
3933 0.393300 0.000000 12.009360 23.874621 35.488214 46.798962 57.811447 68.571106 79.144099 89.599635 100.000000
3934 0.393400 0.000000 12.009552 23.874983 35.488700 46.799515 57.812000 68.571593 79.144460 89.599827 100.000000
3935 0.393500 0.000000 12.009744 23.875343 35.489186 46.800068 57.812553 68.572079 79.144821 89.600019 100.000000
3936 0.393600 0.000000 12.009936 23.875704 35.489672 46.800620 57.813105 68.572565 79.145181 89.600211 100.000000
3937 0.393700 0.000000 12.010128 23.876064 35.490157 46.801171 57.813656 68.573049 79.145541 89.600403 100.000000
3938 0.393800 0.000000 12.010319 23.876423 35.490641 46.801722 57.814207 68.573534 79.145900 89.600594 100.000000
3939 0.393900 0.000000 12.010510 23.876782 35.491125 46.802272 57.814757 68.574017 79.146259 89.600785 100.000000
3940 0.394000 0.000000 12.010701 23.877141 35.491608 46.802821 57.815307 68.574501 79.146618 89.600976 100.000000
3941 0.394100 0.000000 12.010891 23.877499 35.492090 46.803370 57.815855 68.574983 79.146976 89.601166 100.000000
3942 0.394200 0.000000 12.011081 23.877856 35.492572 46.803918 57.816403 68.575465 79.147334 89.601357 100.000000
3943 0.394300 0.000000 12.011271 23.878214 35.493054 46.804465 57.816951 68.575946 79.147691 89.601547 100.000000
3944 0.394400 0.000000 12.011461 23.878570 35.493534 46.805012 57.817497 68.576427 79.148048 89.601737 100.000000
3945 0.394500 0.000000 12.011651 23.878927 35.494014 46.805558 57.818043 68.576907 79.148404 89.601926 100.000000
3946 0.394600 0.000000 12.011840 23.879283 35.494494 46.806103 57.818589 68.577387 79.148760 89.602116 100.000000
3947 0.394700 0.000000 12.012030 23.879638 35.494973 46.806648 57.819134 68.577866 79.149116 89.602305 100.000000
3948 0.394800 0.000000 12.012218 23.879993 35.495451 46.807192 57.819678 68.578344 79.149471 89.602494 100.000000
3949 0.394900 0.000000 12.012407 23.880348 35.495929 46.807735 57.820221 68.578822 79.149826 89.602683 100.000000
3950 0.395000 0.000000 12.012596 23.880702 35.496406 46.808278 57.820764 68.579300 79.150180 89.602871 100.000000
3951 0.395100 0.000000 12.012784 23.881056 35.496883 46.808820 57.821306 68.579776 79.150534 89.603059 100.000000
3952 0.395200 0.000000 12.012972 23.881409 35.497359 46.809362 57.821847 68.580252 79.150887 89.603247 100.000000
3953 0.395300 0.000000 12.013160 23.881762 35.497835 46.809902 57.822388 68.580728 79.151240 89.603435 100.000000
3954 0.395400 0.000000 12.013347 23.882115 35.498310 46.810442 57.822928 68.581203 79.151593 89.603623 100.000000
3955 0.395500 0.000000 12.013535 23.882467 35.498784 46.810982 57.823467 68.581677 79.151945 89.603810 100.000000
3956 0.395600 0.000000 12.013722 23.882818 35.499258 46.811520 57.824006 68.582151 79.152296 89.603997 100.000000
3957 0.395700 0.000000 12.013908 23.883170 35.499731 46.812059 57.824544 68.582624 79.152648 89.604184 100.000000
3958 0.395800 0.000000 12.014095 23.883520 35.500203 46.812596 57.825082 68.583097 79.152998 89.604371 100.000000
3959 0.395900 0.000000 12.014282 23.883871 35.500675 46.813133 57.825618 68.583569 79.153349 89.604557 100.000000
3960 0.396000 0.000000 12.014468 23.884221 35.501147 46.813669 57.826155 68.584040 79.153699 89.604743 100.000000
3961 0.396100 0.000000 12.014654 23.884570 35.501618 46.814204 57.826690 68.584511 79.154048 89.604929 100.000000
3962 0.396200 0.000000 12.014839 23.884919 35.502088 46.814739 57.827225 68.584982 79.154397 89.605115 100.000000
3963 0.396300 0.000000 12.015025 23.885268 35.502558 46.815273 57.827759 68.585451 79.154746 89.605301 100.000000
3964 0.396400 0.000000 12.015210 23.885616 35.503027 46.815807 57.828293 68.585920 79.155094 89.605486 100.000000
3965 0.396500 0.000000 12.015395 23.885964 35.503496 46.816340 57.828825 68.586389 79.155442 89.605671 100.000000
3966 0.396600 0.000000 12.015580 23.886311 35.503964 46.816872 57.829358 68.586857 79.155789 89.605856 100.000000
3967 0.396700 0.000000 12.015765 23.886658 35.504431 46.817403 57.829889 68.587325 79.156136 89.606040 100.000000
3968 0.396800 0.000000 12.015949 23.887005 35.504898 46.817934 57.830420 68.587791 79.156483 89.606225 100.000000
3969 0.396900 0.000000 12.016133 23.887351 35.505364 46.818465 57.830950 68.588258 79.156829 89.606409 100.000000
3970 0.397000 0.000000 12.016317 23.887696 35.505830 46.818994 57.831480 68.588724 79.157175 89.606593 100.000000
3971 0.397100 0.000000 12.016501 23.888042 35.506295 46.819523 57.832009 68.589189 79.157520 89.606777 100.000000
3972 0.397200 0.000000 12.016684 23.888387 35.506760 46.820052 57.832537 68.589653 79.157865 89.606960 100.000000
3973 0.397300 0.000000 12.016868 23.888731 35.507224 46.820579 57.833065 68.590117 79.158209 89.607143 100.000000
3974 0.397400 0.000000 12.017051 23.889075 35.507687 46.821106 57.833592 68.590581 79.158553 89.607327 100.000000
3975 0.397500 0.000000 12.017233 23.889418 35.508150 46.821633 57.834119 68.591044 79.158897 89.607509 100.000000
3976 0.397600 0.000000 12.017416 23.889762 35.508612 46.822159 57.834644 68.591506 79.159240 89.607692 100.000000
3977 0.397700 0.000000 12.017598 23.890104 35.509074 46.822684 57.835169 68.591968 79.159583 89.607874 100.000000
3978 0.397800 0.000000 12.017781 23.890447 35.509535 46.823208 57.835694 68.592429 79.159925 89.608057 100.000000
3979 0.397900 0.000000 12.017962 23.890789 35.509996 46.823732 57.836218 68.592890 79.160267 89.608238 100.000000
3980 0.398000 0.000000 12.018144 23.891130 35.510456 46.824255 57.836741 68.593350 79.160609 89.608420 100.000000
3981 0.398100 0.000000 12.018326 23.891471 35.510916 46.824778 57.837264 68.593810 79.160950 89.608602 100.000000
3982 0.398200 0.000000 12.018507 23.891812 35.511375 46.825300 57.837786 68.594269 79.161291 89.608783 100.000000
3983 0.398300 0.000000 12.018688 23.892152 35.511833 46.825821 57.838307 68.594727 79.161631 89.608964 100.000000
3984 0.398400 0.000000 12.018869 23.892492 35.512291 46.826342 57.838828 68.595185 79.161971 89.609145 100.000000
3985 0.398500 0.000000 12.019049 23.892831 35.512748 46.826862 57.839348 68.595642 79.162310 89.609325 100.000000
3986 0.398600 0.000000 12.019230 23.893170 35.513205 46.827381 57.839867 68.596099 79.162649 89.609506 100.000000
3987 0.398700 0.000000 12.019410 23.893509 35.513661 46.827900 57.840386 68.596555 79.162988 89.609686 100.000000
3988 0.398800 0.000000 12.019590 23.893847 35.514117 46.828418 57.840904 68.597011 79.163326 89.609866 100.000000
3989 0.398900 0.000000 12.019769 23.894185 35.514572 46.828935 57.841421 68.597466 79.163664 89.610046 100.000000
3990 0.399000 0.000000 12.019949 23.894522 35.515026 46.829452 57.841938 68.597920 79.164001 89.610225 100.000000
3991 0.399100 0.000000 12.020128 23.894859 35.515480 46.829968 57.842454 68.598374 79.164338 89.610405 100.000000
3992 0.399200 0.000000 12.020307 23.895196 35.515934 46.830484 57.842970 68.598828 79.164675 89.610584 100.000000
3993 0.399300 0.000000 12.020486 23.895532 35.516387 46.830999 57.843485 68.599281 79.165011 89.610762 100.000000
3994 0.399400 0.000000 12.020665 23.895867 35.516839 46.831513 57.843999 68.599733 79.165347 89.610941 100.000000
3995 0.399500 0.000000 12.020843 23.896203 35.517291 46.832027 57.844513 68.600185 79.165682 89.611120 100.000000
3996 0.399600 0.000000 12.021021 23.896538 35.517742 46.832540 57.845026 68.600636 79.166017 89.611298 100.000000
3997 0.399700 0.000000 12.021199 23.896872 35.518192 46.833053 57.845539 68.601087 79.166351 89.611476 100.000000
3998 0.399800 0.000000 12.021377 23.897206 35.518643 46.833564 57.846051 68.601537 79.166685 89.611654 100.000000
3999 0.399900 0.000000 12.021555 23.897540 35.519092 46.834076 57.846562 68.601986 79.167019 89.611831 100.000000
4000 0.400000 0.000000 12.021732 23.897873 35.519541 46.834586 57.847072 68.602435 79.167352 89.612008 100.000000
4001 0.400100 0.000000 12.021909 23.898206 35.519990 46.835096 57.847582 68.602884 79.167685 89.612186 100.000000
4002 0.400200 0.000000 12.022086 23.898538 35.520437 46.835606 57.848092 68.603332 79.168018 89.612362 100.000000
4003 0.400300 0.000000 12.022263 23.898870 35.520885 46.836114 57.848600 68.603779 79.168350 89.612539 100.000000
4004 0.400400 0.000000 12.022439 23.899202 35.521332 46.836622 57.849109 68.604226 79.168681 89.612716 100.000000
4005 0.400500 0.000000 12.022615 23.899533 35.521778 46.837130 57.849616 68.604672 79.169013 89.612892 100.000000
4006 0.400600 0.000000 12.022791 23.899864 35.522224 46.837637 57.850123 68.605118 79.169344 89.613068 100.000000
4007 0.400700 0.000000 12.022967 23.900194 35.522669 46.838143 57.850629 68.605563 79.169674 89.613244 100.000000
4008 0.400800 0.000000 12.023143 23.900525 35.523113 46.838649 57.851135 68.606008 79.170004 89.613419 100.000000
4009 0.400900 0.000000 12.023318 23.900854 35.523558 46.839154 57.851640 68.606452 79.170334 89.613595 100.000000
4010 0.401000 0.000000 12.023493 23.901183 35.524001 46.839658 57.852144 68.606896 79.170663 89.613770 100.000000
4011 0.401100 0.000000 12.023668 23.901512 35.524444 46.840162 57.852648 68.607339 79.170992 89.613945 100.000000
4012 0.401200 0.000000 12.023843 23.901841 35.524887 46.840665 57.853151 68.607781 79.171320 89.614120 100.000000
4013 0.401300 0.000000 12.024018 23.902169 35.525329 46.841168 57.853654 68.608223 79.171648 89.614294 100.000000
4014 0.401400 0.000000 12.024192 23.902496 35.525770 46.841670 57.854156 68.608665 79.171976 89.614469 100.000000
4015 0.401500 0.000000 12.024366 23.902823 35.526211 46.842171 57.854657 68.609106 79.172303 89.614643 100.000000
4016 0.401600 0.000000 12.024540 23.903150 35.526651 46.842672 57.855158 68.609546 79.172630 89.614817 100.000000
4017 0.401700 0.000000 12.024714 23.903477 35.527091 46.843172 57.855658 68.609986 79.172956 89.614990 100.000000
4018 0.401800 0.000000 12.024887 23.903803 35.527530 46.843671 57.856158 68.610425 79.173282 89.615164 100.000000
4019 0.401900 0.000000 12.025060 23.904128 35.527969 46.844170 57.856656 68.610864 79.173608 89.615337 100.000000
4020 0.402000 0.000000 12.025233 23.904454 35.528407 46.844668 57.857155 68.611302 79.173933 89.615510 100.000000
4021 0.402100 0.000000 12.025406 23.904778 35.528845 46.845166 57.857652 68.611740 79.174258 89.615683 100.000000
4022 0.402200 0.000000 12.025579 23.905103 35.529282 46.845663 57.858150 68.612177 79.174583 89.615856 100.000000
4023 0.402300 0.000000 12.025751 23.905427 35.529718 46.846160 57.858646 68.612613 79.174907 89.616028 100.000000
4024 0.402400 0.000000 12.025923 23.905750 35.530154 46.846656 57.859142 68.613049 79.175230 89.616200 100.000000
4025 0.402500 0.000000 12.026095 23.906074 35.530590 46.847151 57.859637 68.613485 79.175554 89.616372 100.000000
4026 0.402600 0.000000 12.026267 23.906397 35.531025 46.847646 57.860132 68.613920 79.175877 89.616544 100.000000
4027 0.402700 0.000000 12.026439 23.906719 35.531459 46.848140 57.860626 68.614354 79.176199 89.616716 100.000000
4028 0.402800 0.000000 12.026610 23.907041 35.531893 46.848633 57.861119 68.614788 79.176521 89.616887 100.000000
4029 0.402900 0.000000 12.026781 23.907363 35.532327 46.849126 57.861612 68.615222 79.176843 89.617058 100.000000
4030 0.403000 0.000000 12.026952 23.907684 35.532760 46.849618 57.862104 68.615655 79.177164 89.617229 100.000000
4031 0.403100 0.000000 12.027123 23.908005 35.533192 46.850110 57.862596 68.616087 79.177485 89.617400 100.000000
4032 0.403200 0.000000 12.027293 23.908325 35.533624 46.850601 57.863087 68.616519 79.177806 89.617570 100.000000
4033 0.403300 0.000000 12.027464 23.908646 35.534055 46.851091 57.863578 68.616950 79.178126 89.617741 100.000000
4034 0.403400 0.000000 12.027634 23.908965 35.534486 46.851581 57.864068 68.617381 79.178445 89.617911 100.000000
4035 0.403500 0.000000 12.027804 23.909285 35.534916 46.852070 57.864557 68.617811 79.178765 89.618081 100.000000
4036 0.403600 0.000000 12.027974 23.909604 35.535346 46.852559 57.865045 68.618241 79.179084 89.618251 100.000000
4037 0.403700 0.000000 12.028143 23.909922 35.535775 46.853047 57.865534 68.618670 79.179402 89.618420 100.000000
4038 0.403800 0.000000 12.028312 23.910240 35.536204 46.853535 57.866021 68.619099 79.179721 89.618589 100.000000
4039 0.403900 0.000000 12.028481 23.910558 35.536632 46.854021 57.866508 68.619527 79.180038 89.618759 100.000000
4040 0.404000 0.000000 12.028650 23.910875 35.537059 46.854508 57.866994 68.619955 79.180356 89.618927 100.000000
4041 0.404100 0.000000 12.028819 23.911192 35.537486 46.854993 57.867480 68.620382 79.180673 89.619096 100.000000
4042 0.404200 0.000000 12.028987 23.911509 35.537913 46.855478 57.867965 68.620808 79.180989 89.619265 100.000000
4043 0.404300 0.000000 12.029156 23.911825 35.538339 46.855963 57.868449 68.621234 79.181306 89.619433 100.000000
4044 0.404400 0.000000 12.029324 23.912141 35.538765 46.856447 57.868933 68.621660 79.181622 89.619601 100.000000
4045 0.404500 0.000000 12.029492 23.912457 35.539190 46.856930 57.869417 68.622085 79.181937 89.619769 100.000000
4046 0.404600 0.000000 12.029659 23.912772 35.539614 46.857413 57.869899 68.622510 79.182252 89.619936 100.000000
4047 0.404700 0.000000 12.029827 23.913086 35.540038 46.857895 57.870382 68.622934 79.182567 89.620104 100.000000
4048 0.404800 0.000000 12.029994 23.913401 35.540462 46.858377 57.870863 68.623357 79.182881 89.620271 100.000000
4049 0.404900 0.000000 12.030161 23.913715 35.540885 46.858858 57.871344 68.623780 79.183195 89.620438 100.000000
4050 0.405000 0.000000 12.030328 23.914028 35.541307 46.859338 57.871825 68.624203 79.183509 89.620605 100.000000
4051 0.405100 0.000000 12.030494 23.914341 35.541729 46.859818 57.872304 68.624624 79.183822 89.620772 100.000000
4052 0.405200 0.000000 12.030661 23.914654 35.542150 46.860297 57.872784 68.625046 79.184135 89.620938 100.000000
4053 0.405300 0.000000 12.030827 23.914966 35.542571 46.860776 57.873262 68.625467 79.184447 89.621104 100.000000
4054 0.405400 0.000000 12.030993 23.915278 35.542992 46.861254 57.873740 68.625887 79.184759 89.621270 100.000000
4055 0.405500 0.000000 12.031159 23.915590 35.543411 46.861731 57.874218 68.626307 79.185071 89.621436 100.000000
4056 0.405600 0.000000 12.031324 23.915901 35.543831 46.862208 57.874695 68.626726 79.185382 89.621602 100.000000
4057 0.405700 0.000000 12.031490 23.916212 35.544250 46.862684 57.875171 68.627145 79.185693 89.621767 100.000000
4058 0.405800 0.000000 12.031655 23.916523 35.544668 46.863160 57.875647 68.627564 79.186003 89.621933 100.000000
4059 0.405900 0.000000 12.031820 23.916833 35.545086 46.863635 57.876122 68.627982 79.186314 89.622098 100.000000
4060 0.406000 0.000000 12.031985 23.917143 35.545503 46.864110 57.876596 68.628399 79.186623 89.622262 100.000000
4061 0.406100 0.000000 12.032150 23.917452 35.545920 46.864584 57.877070 68.628816 79.186933 89.622427 100.000000
4062 0.406200 0.000000 12.032314 23.917761 35.546336 46.865057 57.877544 68.629232 79.187242 89.622591 100.000000
4063 0.406300 0.000000 12.032478 23.918069 35.546752 46.865530 57.878017 68.629648 79.187550 89.622756 100.000000
4064 0.406400 0.000000 12.032642 23.918378 35.547167 46.866002 57.878489 68.630063 79.187859 89.622920 100.000000
4065 0.406500 0.000000 12.032806 23.918686 35.547582 46.866474 57.878961 68.630478 79.188167 89.623083 100.000000
4066 0.406600 0.000000 12.032970 23.918993 35.547996 46.866945 57.879432 68.630892 79.188474 89.623247 100.000000
4067 0.406700 0.000000 12.033133 23.919300 35.548410 46.867416 57.879902 68.631306 79.188781 89.623411 100.000000
4068 0.406800 0.000000 12.033296 23.919607 35.548823 46.867885 57.880372 68.631719 79.189088 89.623574 100.000000
4069 0.406900 0.000000 12.033459 23.919913 35.549236 46.868355 57.880842 68.632132 79.189394 89.623737 100.000000
4070 0.407000 0.000000 12.033622 23.920219 35.549648 46.868824 57.881310 68.632544 79.189700 89.623900 100.000000
4071 0.407100 0.000000 12.033785 23.920525 35.550060 46.869292 57.881779 68.632956 79.190006 89.624062 100.000000
4072 0.407200 0.000000 12.033947 23.920830 35.550471 46.869760 57.882246 68.633367 79.190311 89.624225 100.000000
4073 0.407300 0.000000 12.034109 23.921135 35.550882 46.870227 57.882713 68.633778 79.190616 89.624387 100.000000
4074 0.407400 0.000000 12.034271 23.921439 35.551292 46.870693 57.883180 68.634188 79.190921 89.624549 100.000000
4075 0.407500 0.000000 12.034433 23.921744 35.551702 46.871159 57.883646 68.634598 79.191225 89.624711 100.000000
4076 0.407600 0.000000 12.034595 23.922047 35.552111 46.871625 57.884111 68.635007 79.191528 89.624872 100.000000
4077 0.407700 0.000000 12.034756 23.922351 35.552520 46.872089 57.884576 68.635416 79.191832 89.625034 100.000000
4078 0.407800 0.000000 12.034917 23.922654 35.552928 46.872554 57.885040 68.635824 79.192135 89.625195 100.000000
4079 0.407900 0.000000 12.035078 23.922956 35.553336 46.873017 57.885504 68.636232 79.192438 89.625356 100.000000
4080 0.408000 0.000000 12.035239 23.923259 35.553743 46.873480 57.885967 68.636640 79.192740 89.625517 100.000000
4081 0.408100 0.000000 12.035400 23.923561 35.554150 46.873943 57.886430 68.637046 79.193042 89.625678 100.000000
4082 0.408200 0.000000 12.035560 23.923862 35.554556 46.874405 57.886892 68.637453 79.193343 89.625838 100.000000
4083 0.408300 0.000000 12.035721 23.924163 35.554962 46.874866 57.887353 68.637858 79.193645 89.625998 100.000000
4084 0.408400 0.000000 12.035881 23.924464 35.555367 46.875327 57.887814 68.638264 79.193945 89.626158 100.000000
4085 0.408500 0.000000 12.036040 23.924764 35.555772 46.875788 57.888274 68.638668 79.194246 89.626318 100.000000
4086 0.408600 0.000000 12.036200 23.925065 35.556177 46.876247 57.888734 68.639073 79.194546 89.626478 100.000000
4087 0.408700 0.000000 12.036360 23.925364 35.556580 46.876706 57.889193 68.639477 79.194846 89.626637 100.000000
4088 0.408800 0.000000 12.036519 23.925664 35.556984 46.877165 57.889652 68.639880 79.195145 89.626797 100.000000
4089 0.408900 0.000000 12.036678 23.925963 35.557386 46.877623 57.890110 68.640283 79.195444 89.626956 100.000000
4090 0.409000 0.000000 12.036837 23.926261 35.557789 46.878081 57.890568 68.640685 79.195743 89.627115 100.000000
4091 0.409100 0.000000 12.036996 23.926559 35.558191 46.878538 57.891024 68.641087 79.196041 89.627273 100.000000
4092 0.409200 0.000000 12.037154 23.926857 35.558592 46.878994 57.891481 68.641488 79.196339 89.627432 100.000000
4093 0.409300 0.000000 12.037312 23.927155 35.558993 46.879450 57.891937 68.641889 79.196636 89.627590 100.000000
4094 0.409400 0.000000 12.037470 23.927452 35.559393 46.879905 57.892392 68.642290 79.196933 89.627748 100.000000
4095 0.409500 0.000000 12.037628 23.927749 35.559793 46.880360 57.892847 68.642689 79.197230 89.627906 100.000000
4096 0.409600 0.000000 12.037786 23.928045 35.560192 46.880814 57.893301 68.643089 79.197527 89.628064 100.000000
4097 0.409700 0.000000 12.037944 23.928341 35.560591 46.881268 57.893755 68.643488 79.197823 89.628222 100.000000
4098 0.409800 0.000000 12.038101 23.928637 35.560990 46.881721 57.894208 68.643886 79.198119 89.628379 100.000000
4099 0.409900 0.000000 12.038258 23.928932 35.561388 46.882173 57.894660 68.644284 79.198414 89.628536 100.000000
4100 0.410000 0.000000 12.038415 23.929227 35.561785 46.882625 57.895112 68.644682 79.198709 89.628693 100.000000
4101 0.410100 0.000000 12.038572 23.929522 35.562182 46.883077 57.895564 68.645079 79.199004 89.628850 100.000000
4102 0.410200 0.000000 12.038728 23.929816 35.562579 46.883527 57.896014 68.645475 79.199298 89.629006 100.000000
4103 0.410300 0.000000 12.038885 23.930110 35.562974 46.883978 57.896465 68.645871 79.199592 89.629163 100.000000
4104 0.410400 0.000000 12.039041 23.930404 35.563370 46.884428 57.896914 68.646267 79.199885 89.629319 100.000000
4105 0.410500 0.000000 12.039197 23.930697 35.563765 46.884877 57.897364 68.646662 79.200179 89.629475 100.000000
4106 0.410600 0.000000 12.039353 23.930990 35.564160 46.885325 57.897812 68.647056 79.200471 89.629631 100.000000
4107 0.410700 0.000000 12.039508 23.931282 35.564554 46.885774 57.898260 68.647450 79.200764 89.629786 100.000000
4108 0.410800 0.000000 12.039664 23.931574 35.564947 46.886221 57.898708 68.647844 79.201056 89.629942 100.000000
4109 0.410900 0.000000 12.039819 23.931866 35.565340 46.886668 57.899155 68.648237 79.201348 89.630097 100.000000
4110 0.411000 0.000000 12.039974 23.932157 35.565733 46.887115 57.899602 68.648630 79.201639 89.630252 100.000000
4111 0.411100 0.000000 12.040129 23.932449 35.566125 46.887561 57.900048 68.649022 79.201930 89.630407 100.000000
4112 0.411200 0.000000 12.040284 23.932739 35.566517 46.888006 57.900493 68.649413 79.202221 89.630562 100.000000
4113 0.411300 0.000000 12.040438 23.933030 35.566908 46.888451 57.900938 68.649805 79.202511 89.630716 100.000000
4114 0.411400 0.000000 12.040592 23.933320 35.567299 46.888895 57.901382 68.650195 79.202801 89.630871 100.000000
4115 0.411500 0.000000 12.040747 23.933609 35.567689 46.889339 57.901826 68.650586 79.203091 89.631025 100.000000
4116 0.411600 0.000000 12.040901 23.933899 35.568079 46.889782 57.902269 68.650975 79.203380 89.631179 100.000000
4117 0.411700 0.000000 12.041054 23.934187 35.568468 46.890225 57.902712 68.651365 79.203669 89.631332 100.000000
4118 0.411800 0.000000 12.041208 23.934476 35.568857 46.890667 57.903154 68.651753 79.203958 89.631486 100.000000
4119 0.411900 0.000000 12.041361 23.934764 35.569245 46.891109 57.903596 68.652142 79.204246 89.631639 100.000000
4120 0.412000 0.000000 12.041514 23.935052 35.569633 46.891550 57.904037 68.652530 79.204534 89.631793 100.000000
4121 0.412100 0.000000 12.041667 23.935340 35.570020 46.891990 57.904477 68.652917 79.204822 89.631946 100.000000
4122 0.412200 0.000000 12.041820 23.935627 35.570407 46.892430 57.904917 68.653304 79.205109 89.632098 100.000000
4123 0.412300 0.000000 12.041973 23.935914 35.570794 46.892870 57.905357 68.653691 79.205396 89.632251 100.000000
4124 0.412400 0.000000 12.042125 23.936200 35.571180 46.893308 57.905796 68.654077 79.205682 89.632403 100.000000
4125 0.412500 0.000000 12.042277 23.936486 35.571565 46.893747 57.906234 68.654462 79.205968 89.632556 100.000000
4126 0.412600 0.000000 12.042429 23.936772 35.571950 46.894185 57.906672 68.654847 79.206254 89.632708 100.000000
4127 0.412700 0.000000 12.042581 23.937057 35.572335 46.894622 57.907109 68.655232 79.206540 89.632860 100.000000
4128 0.412800 0.000000 12.042733 23.937343 35.572719 46.895059 57.907546 68.655616 79.206825 89.633011 100.000000
4129 0.412900 0.000000 12.042885 23.937627 35.573102 46.895495 57.907982 68.655999 79.207109 89.633163 100.000000
4130 0.413000 0.000000 12.043036 23.937912 35.573486 46.895931 57.908418 68.656383 79.207394 89.633314 100.000000
4131 0.413100 0.000000 12.043187 23.938196 35.573868 46.896366 57.908853 68.656765 79.207678 89.633465 100.000000
4132 0.413200 0.000000 12.043338 23.938479 35.574251 46.896801 57.909288 68.657148 79.207962 89.633616 100.000000
4133 0.413300 0.000000 12.043489 23.938763 35.574632 46.897235 57.909722 68.657529 79.208245 89.633767 100.000000
4134 0.413400 0.000000 12.043639 23.939046 35.575014 46.897668 57.910155 68.657911 79.208528 89.633918 100.000000
4135 0.413500 0.000000 12.043790 23.939328 35.575394 46.898101 57.910589 68.658291 79.208811 89.634068 100.000000
4136 0.413600 0.000000 12.043940 23.939611 35.575775 46.898534 57.911021 68.658672 79.209093 89.634218 100.000000
4137 0.413700 0.000000 12.044090 23.939893 35.576155 46.898966 57.911453 68.659052 79.209375 89.634368 100.000000
4138 0.413800 0.000000 12.044240 23.940174 35.576534 46.899397 57.911885 68.659431 79.209657 89.634518 100.000000
4139 0.413900 0.000000 12.044389 23.940456 35.576913 46.899828 57.912316 68.659810 79.209938 89.634668 100.000000
4140 0.414000 0.000000 12.044539 23.940737 35.577292 46.900259 57.912746 68.660189 79.210219 89.634817 100.000000
4141 0.414100 0.000000 12.044688 23.941017 35.577670 46.900689 57.913176 68.660567 79.210500 89.634967 100.000000
4142 0.414200 0.000000 12.044837 23.941297 35.578047 46.901118 57.913605 68.660944 79.210780 89.635116 100.000000
4143 0.414300 0.000000 12.044986 23.941577 35.578424 46.901547 57.914034 68.661322 79.211060 89.635265 100.000000
4144 0.414400 0.000000 12.045135 23.941857 35.578801 46.901975 57.914463 68.661698 79.211339 89.635414 100.000000
4145 0.414500 0.000000 12.045284 23.942136 35.579177 46.902403 57.914890 68.662074 79.211619 89.635562 100.000000
4146 0.414600 0.000000 12.045432 23.942415 35.579553 46.902830 57.915318 68.662450 79.211897 89.635711 100.000000
4147 0.414700 0.000000 12.045580 23.942694 35.579928 46.903257 57.915744 68.662826 79.212176 89.635859 100.000000
4148 0.414800 0.000000 12.045728 23.942972 35.580303 46.903683 57.916171 68.663200 79.212454 89.636007 100.000000
4149 0.414900 0.000000 12.045876 23.943250 35.580678 46.904109 57.916596 68.663575 79.212732 89.636155 100.000000
4150 0.415000 0.000000 12.046024 23.943527 35.581051 46.904534 57.917022 68.663949 79.213010 89.636302 100.000000
4151 0.415100 0.000000 12.046171 23.943804 35.581425 46.904959 57.917446 68.664322 79.213287 89.636450 100.000000
4152 0.415200 0.000000 12.046319 23.944081 35.581798 46.905383 57.917871 68.664695 79.213564 89.636597 100.000000
4153 0.415300 0.000000 12.046466 23.944358 35.582171 46.905807 57.918294 68.665068 79.213840 89.636744 100.000000
4154 0.415400 0.000000 12.046613 23.944634 35.582543 46.906230 57.918717 68.665440 79.214117 89.636891 100.000000
4155 0.415500 0.000000 12.046759 23.944910 35.582914 46.906653 57.919140 68.665812 79.214392 89.637038 100.000000
4156 0.415600 0.000000 12.046906 23.945185 35.583285 46.907075 57.919562 68.666183 79.214668 89.637185 100.000000
4157 0.415700 0.000000 12.047052 23.945460 35.583656 46.907496 57.919984 68.666554 79.214943 89.637331 100.000000
4158 0.415800 0.000000 12.047199 23.945735 35.584027 46.907918 57.920405 68.666924 79.215218 89.637477 100.000000
4159 0.415900 0.000000 12.047345 23.946010 35.584396 46.908338 57.920825 68.667294 79.215492 89.637623 100.000000
4160 0.416000 0.000000 12.047491 23.946284 35.584766 46.908758 57.921245 68.667663 79.215767 89.637769 100.000000
4161 0.416100 0.000000 12.047636 23.946558 35.585135 46.909178 57.921665 68.668032 79.216041 89.637915 100.000000
4162 0.416200 0.000000 12.047782 23.946831 35.585503 46.909597 57.922084 68.668401 79.216314 89.638061 100.000000
4163 0.416300 0.000000 12.047927 23.947104 35.585871 46.910015 57.922503 68.668769 79.216587 89.638206 100.000000
4164 0.416400 0.000000 12.048072 23.947377 35.586239 46.910433 57.922921 68.669136 79.216860 89.638351 100.000000
4165 0.416500 0.000000 12.048217 23.947650 35.586606 46.910851 57.923338 68.669503 79.217133 89.638496 100.000000
4166 0.416600 0.000000 12.048362 23.947922 35.586973 46.911268 57.923755 68.669870 79.217405 89.638641 100.000000
4167 0.416700 0.000000 12.048507 23.948194 35.587339 46.911684 57.924172 68.670236 79.217677 89.638786 100.000000
4168 0.416800 0.000000 12.048651 23.948465 35.587705 46.912100 57.924588 68.670602 79.217948 89.638930 100.000000
4169 0.416900 0.000000 12.048796 23.948737 35.588070 46.912516 57.925003 68.670968 79.218219 89.639074 100.000000
4170 0.417000 0.000000 12.048940 23.949007 35.588435 46.912931 57.925418 68.671332 79.218490 89.639218 100.000000
4171 0.417100 0.000000 12.049084 23.949278 35.588799 46.913345 57.925832 68.671697 79.218761 89.639362 100.000000
4172 0.417200 0.000000 12.049227 23.949548 35.589163 46.913759 57.926246 68.672061 79.219031 89.639506 100.000000
4173 0.417300 0.000000 12.049371 23.949818 35.589527 46.914173 57.926660 68.672425 79.219301 89.639650 100.000000
4174 0.417400 0.000000 12.049514 23.950087 35.589890 46.914585 57.927073 68.672788 79.219570 89.639793 100.000000
4175 0.417500 0.000000 12.049658 23.950357 35.590253 46.914998 57.927485 68.673150 79.219840 89.639936 100.000000
4176 0.417600 0.000000 12.049801 23.950625 35.590615 46.915410 57.927897 68.673513 79.220108 89.640080 100.000000
4177 0.417700 0.000000 12.049944 23.950894 35.590977 46.915821 57.928309 68.673874 79.220377 89.640222 100.000000
4178 0.417800 0.000000 12.050086 23.951162 35.591338 46.916232 57.928720 68.674236 79.220645 89.640365 100.000000
4179 0.417900 0.000000 12.050229 23.951430 35.591699 46.916643 57.929130 68.674597 79.220913 89.640508 100.000000
4180 0.418000 0.000000 12.050371 23.951698 35.592060 46.917053 57.929540 68.674957 79.221181 89.640650 100.000000
4181 0.418100 0.000000 12.050513 23.951965 35.592420 46.917462 57.929949 68.675317 79.221448 89.640792 100.000000
4182 0.418200 0.000000 12.050655 23.952232 35.592779 46.917871 57.930358 68.675677 79.221715 89.640934 100.000000
4183 0.418300 0.000000 12.050797 23.952498 35.593138 46.918279 57.930767 68.676036 79.221981 89.641076 100.000000
4184 0.418400 0.000000 12.050939 23.952765 35.593497 46.918687 57.931175 68.676395 79.222248 89.641218 100.000000
4185 0.418500 0.000000 12.051080 23.953031 35.593856 46.919095 57.931582 68.676753 79.222514 89.641359 100.000000
4186 0.418600 0.000000 12.051222 23.953296 35.594213 46.919502 57.931989 68.677111 79.222779 89.641501 100.000000
4187 0.418700 0.000000 12.051363 23.953562 35.594571 46.919908 57.932396 68.677468 79.223045 89.641642 100.000000
4188 0.418800 0.000000 12.051504 23.953826 35.594928 46.920314 57.932802 68.677825 79.223310 89.641783 100.000000
4189 0.418900 0.000000 12.051645 23.954091 35.595284 46.920720 57.933207 68.678182 79.223574 89.641924 100.000000
4190 0.419000 0.000000 12.051785 23.954355 35.595640 46.921125 57.933612 68.678538 79.223839 89.642064 100.000000
4191 0.419100 0.000000 12.051926 23.954619 35.595996 46.921529 57.934016 68.678894 79.224103 89.642205 100.000000
4192 0.419200 0.000000 12.052066 23.954883 35.596351 46.921933 57.934420 68.679249 79.224366 89.642345 100.000000
4193 0.419300 0.000000 12.052206 23.955146 35.596706 46.922336 57.934824 68.679604 79.224630 89.642485 100.000000
4194 0.419400 0.000000 12.052346 23.955409 35.597061 46.922739 57.935227 68.679958 79.224893 89.642625 100.000000
4195 0.419500 0.000000 12.052486 23.955672 35.597415 46.923142 57.935629 68.680312 79.225155 89.642765 100.000000
4196 0.419600 0.000000 12.052626 23.955935 35.597768 46.923544 57.936031 68.680666 79.225418 89.642905 100.000000
4197 0.419700 0.000000 12.052765 23.956197 35.598121 46.923946 57.936433 68.681019 79.225680 89.643044 100.000000
4198 0.419800 0.000000 12.052904 23.956458 35.598474 46.924347 57.936834 68.681372 79.225942 89.643183 100.000000
4199 0.419900 0.000000 12.053043 23.956720 35.598826 46.924747 57.937235 68.681724 79.226203 89.643322 100.000000
4200 0.420000 0.000000 12.053182 23.956981 35.599178 46.925147 57.937635 68.682076 79.226464 89.643461 100.000000
4201 0.420100 0.000000 12.053321 23.957242 35.599529 46.925547 57.938034 68.682427 79.226725 89.643600 100.000000
4202 0.420200 0.000000 12.053460 23.957502 35.599880 46.925946 57.938433 68.682778 79.226985 89.643739 100.000000
4203 0.420300 0.000000 12.053598 23.957762 35.600231 46.926344 57.938832 68.683128 79.227246 89.643877 100.000000
4204 0.420400 0.000000 12.053736 23.958022 35.600581 46.926742 57.939230 68.683479 79.227505 89.644015 100.000000
4205 0.420500 0.000000 12.053874 23.958282 35.600930 46.927140 57.939628 68.683828 79.227765 89.644154 100.000000
4206 0.420600 0.000000 12.054012 23.958541 35.601280 46.927537 57.940025 68.684177 79.228024 89.644291 100.000000
4207 0.420700 0.000000 12.054150 23.958800 35.601628 46.927934 57.940421 68.684526 79.228283 89.644429 100.000000
4208 0.420800 0.000000 12.054288 23.959058 35.601977 46.928330 57.940818 68.684875 79.228542 89.644567 100.000000
4209 0.420900 0.000000 12.054425 23.959317 35.602325 46.928726 57.941213 68.685223 79.228800 89.644704 100.000000
4210 0.421000 0.000000 12.054562 23.959575 35.602672 46.929121 57.941608 68.685570 79.229058 89.644841 100.000000
4211 0.421100 0.000000 12.054699 23.959832 35.603019 46.929516 57.942003 68.685917 79.229316 89.644979 100.000000
4212 0.421200 0.000000 12.054836 23.960090 35.603366 46.929910 57.942397 68.686264 79.229573 89.645115 100.000000
4213 0.421300 0.000000 12.054973 23.960347 35.603712 46.930304 57.942791 68.686610 79.229830 89.645252 100.000000
4214 0.421400 0.000000 12.055110 23.960603 35.604058 46.930697 57.943184 68.686956 79.230087 89.645389 100.000000
4215 0.421500 0.000000 12.055246 23.960860 35.604404 46.931090 57.943577 68.687302 79.230343 89.645525 100.000000
4216 0.421600 0.000000 12.055382 23.961116 35.604749 46.931482 57.943970 68.687647 79.230599 89.645662 100.000000
4217 0.421700 0.000000 12.055518 23.961371 35.605093 46.931874 57.944361 68.687991 79.230855 89.645798 100.000000
4218 0.421800 0.000000 12.055654 23.961627 35.605437 46.932265 57.944753 68.688335 79.231110 89.645934 100.000000
4219 0.421900 0.000000 12.055790 23.961882 35.605781 46.932656 57.945144 68.688679 79.231365 89.646069 100.000000
4220 0.422000 0.000000 12.055926 23.962137 35.606124 46.933047 57.945534 68.689022 79.231620 89.646205 100.000000
4221 0.422100 0.000000 12.056061 23.962391 35.606467 46.933436 57.945924 68.689365 79.231875 89.646340 100.000000
4222 0.422200 0.000000 12.056196 23.962645 35.606810 46.933826 57.946313 68.689708 79.232129 89.646476 100.000000
4223 0.422300 0.000000 12.056331 23.962899 35.607152 46.934215 57.946702 68.690050 79.232383 89.646611 100.000000
4224 0.422400 0.000000 12.056466 23.963153 35.607493 46.934603 57.947091 68.690392 79.232636 89.646746 100.000000
4225 0.422500 0.000000 12.056601 23.963406 35.607835 46.934991 57.947479 68.690733 79.232890 89.646880 100.000000
4226 0.422600 0.000000 12.056736 23.963659 35.608175 46.935379 57.947867 68.691074 79.233143 89.647015 100.000000
4227 0.422700 0.000000 12.056870 23.963912 35.608516 46.935766 57.948254 68.691414 79.233395 89.647149 100.000000
4228 0.422800 0.000000 12.057004 23.964164 35.608856 46.936153 57.948640 68.691754 79.233648 89.647284 100.000000
4229 0.422900 0.000000 12.057139 23.964416 35.609195 46.936539 57.949026 68.692094 79.233900 89.647418 100.000000
4230 0.423000 0.000000 12.057273 23.964668 35.609535 46.936925 57.949412 68.692433 79.234152 89.647552 100.000000
4231 0.423100 0.000000 12.057406 23.964919 35.609873 46.937310 57.949797 68.692771 79.234403 89.647686 100.000000
4232 0.423200 0.000000 12.057540 23.965170 35.610212 46.937694 57.950182 68.693110 79.234654 89.647819 100.000000
4233 0.423300 0.000000 12.057673 23.965421 35.610550 46.938079 57.950566 68.693448 79.234905 89.647953 100.000000
4234 0.423400 0.000000 12.057807 23.965672 35.610887 46.938463 57.950950 68.693785 79.235155 89.648086 100.000000
4235 0.423500 0.000000 12.057940 23.965922 35.611224 46.938846 57.951333 68.694122 79.235406 89.648219 100.000000
4236 0.423600 0.000000 12.058073 23.966172 35.611561 46.939229 57.951716 68.694459 79.235655 89.648352 100.000000
4237 0.423700 0.000000 12.058206 23.966421 35.611897 46.939611 57.952099 68.694795 79.235905 89.648485 100.000000
4238 0.423800 0.000000 12.058338 23.966671 35.612233 46.939993 57.952481 68.695131 79.236154 89.648617 100.000000
4239 0.423900 0.000000 12.058471 23.966920 35.612568 46.940375 57.952862 68.695467 79.236403 89.648750 100.000000
4240 0.424000 0.000000 12.058603 23.967168 35.612903 46.940755 57.953243 68.695802 79.236652 89.648882 100.000000
4241 0.424100 0.000000 12.058735 23.967417 35.613238 46.941136 57.953624 68.696136 79.236900 89.649014 100.000000
4242 0.424200 0.000000 12.058867 23.967665 35.613572 46.941516 57.954004 68.696471 79.237149 89.649146 100.000000
4243 0.424300 0.000000 12.058999 23.967913 35.613906 46.941896 57.954383 68.696804 79.237396 89.649278 100.000000
4244 0.424400 0.000000 12.059131 23.968160 35.614240 46.942275 57.954762 68.697138 79.237644 89.649410 100.000000
4245 0.424500 0.000000 12.059262 23.968407 35.614573 46.942654 57.955141 68.697471 79.237891 89.649541 100.000000
4246 0.424600 0.000000 12.059393 23.968654 35.614905 46.943032 57.955519 68.697803 79.238138 89.649673 100.000000
4247 0.424700 0.000000 12.059525 23.968901 35.615237 46.943409 57.955897 68.698136 79.238384 89.649804 100.000000
4248 0.424800 0.000000 12.059656 23.969147 35.615569 46.943787 57.956274 68.698467 79.238631 89.649935 100.000000
4249 0.424900 0.000000 12.059787 23.969393 35.615900 46.944164 57.956651 68.698799 79.238877 89.650066 100.000000
4250 0.425000 0.000000 12.059917 23.969638 35.616231 46.944540 57.957028 68.699130 79.239122 89.650197 100.000000
4251 0.425100 0.000000 12.060048 23.969884 35.616562 46.944916 57.957404 68.699460 79.239368 89.650327 100.000000
4252 0.425200 0.000000 12.060178 23.970129 35.616892 46.945291 57.957779 68.699791 79.239613 89.650458 100.000000
4253 0.425300 0.000000 12.060308 23.970374 35.617222 46.945666 57.958154 68.700120 79.239857 89.650588 100.000000
4254 0.425400 0.000000 12.060439 23.970618 35.617551 46.946041 57.958529 68.700450 79.240102 89.650718 100.000000
4255 0.425500 0.000000 12.060568 23.970862 35.617880 46.946415 57.958903 68.700779 79.240346 89.650848 100.000000
4256 0.425600 0.000000 12.060698 23.971106 35.618209 46.946789 57.959276 68.701107 79.240590 89.650978 100.000000
4257 0.425700 0.000000 12.060828 23.971350 35.618537 46.947162 57.959650 68.701435 79.240834 89.651107 100.000000
4258 0.425800 0.000000 12.060957 23.971593 35.618865 46.947535 57.960022 68.701763 79.241077 89.651237 100.000000
4259 0.425900 0.000000 12.061087 23.971836 35.619192 46.947907 57.960394 68.702091 79.241320 89.651366 100.000000
4260 0.426000 0.000000 12.061216 23.972079 35.619519 46.948279 57.960766 68.702418 79.241563 89.651495 100.000000
4261 0.426100 0.000000 12.061345 23.972321 35.619846 46.948650 57.961138 68.702744 79.241805 89.651624 100.000000
4262 0.426200 0.000000 12.061473 23.972563 35.620172 46.949021 57.961509 68.703070 79.242047 89.651753 100.000000
4263 0.426300 0.000000 12.061602 23.972805 35.620498 46.949391 57.961879 68.703396 79.242289 89.651882 100.000000
4264 0.426400 0.000000 12.061731 23.973046 35.620823 46.949761 57.962249 68.703721 79.242530 89.652010 100.000000
4265 0.426500 0.000000 12.061859 23.973288 35.621148 46.950131 57.962619 68.704046 79.242772 89.652138 100.000000
4266 0.426600 0.000000 12.061987 23.973529 35.621473 46.950500 57.962988 68.704371 79.243012 89.652267 100.000000
4267 0.426700 0.000000 12.062115 23.973769 35.621797 46.950869 57.963356 68.704695 79.243253 89.652395 100.000000
4268 0.426800 0.000000 12.062243 23.974009 35.622120 46.951237 57.963725 68.705019 79.243493 89.652523 100.000000
4269 0.426900 0.000000 12.062371 23.974250 35.622444 46.951605 57.964092 68.705342 79.243733 89.652650 100.000000
4270 0.427000 0.000000 12.062498 23.974489 35.622767 46.951972 57.964460 68.705665 79.243973 89.652778 100.000000
4271 0.427100 0.000000 12.062626 23.974729 35.623089 46.952339 57.964826 68.705988 79.244213 89.652905 100.000000
4272 0.427200 0.000000 12.062753 23.974968 35.623412 46.952705 57.965193 68.706310 79.244452 89.653032 100.000000
4273 0.427300 0.000000 12.062880 23.975207 35.623734 46.953071 57.965559 68.706632 79.244691 89.653160 100.000000
4274 0.427400 0.000000 12.063007 23.975445 35.624055 46.953437 57.965924 68.706953 79.244929 89.653287 100.000000
4275 0.427500 0.000000 12.063134 23.975684 35.624376 46.953802 57.966289 68.707275 79.245168 89.653413 100.000000
4276 0.427600 0.000000 12.063260 23.975922 35.624697 46.954166 57.966654 68.707595 79.245406 89.653540 100.000000
4277 0.427700 0.000000 12.063387 23.976159 35.625017 46.954531 57.967018 68.707915 79.245643 89.653666 100.000000
4278 0.427800 0.000000 12.063513 23.976397 35.625337 46.954894 57.967382 68.708235 79.245881 89.653793 100.000000
4279 0.427900 0.000000 12.063639 23.976634 35.625656 46.955258 57.967745 68.708555 79.246118 89.653919 100.000000
4280 0.428000 0.000000 12.063765 23.976871 35.625975 46.955620 57.968108 68.708874 79.246355 89.654045 100.000000
4281 0.428100 0.000000 12.063891 23.977107 35.626294 46.955983 57.968471 68.709193 79.246591 89.654171 100.000000
4282 0.428200 0.000000 12.064017 23.977343 35.626612 46.956345 57.968833 68.709511 79.246827 89.654297 100.000000
4283 0.428300 0.000000 12.064142 23.977579 35.626930 46.956706 57.969194 68.709829 79.247063 89.654422 100.000000
4284 0.428400 0.000000 12.064268 23.977815 35.627248 46.957067 57.969555 68.710146 79.247299 89.654547 100.000000
4285 0.428500 0.000000 12.064393 23.978050 35.627565 46.957428 57.969916 68.710464 79.247535 89.654673 100.000000
4286 0.428600 0.000000 12.064518 23.978286 35.627882 46.957788 57.970276 68.710780 79.247770 89.654798 100.000000
4287 0.428700 0.000000 12.064643 23.978520 35.628198 46.958148 57.970636 68.711097 79.248004 89.654923 100.000000
4288 0.428800 0.000000 12.064768 23.978755 35.628514 46.958507 57.970995 68.711413 79.248239 89.655048 100.000000
4289 0.428900 0.000000 12.064893 23.978989 35.628830 46.958866 57.971354 68.711728 79.248473 89.655172 100.000000
4290 0.429000 0.000000 12.065017 23.979223 35.629145 46.959225 57.971712 68.712043 79.248707 89.655297 100.000000
4291 0.429100 0.000000 12.065141 23.979457 35.629460 46.959583 57.972070 68.712358 79.248941 89.655421 100.000000
4292 0.429200 0.000000 12.065266 23.979690 35.629774 46.959940 57.972428 68.712673 79.249174 89.655545 100.000000
4293 0.429300 0.000000 12.065390 23.979923 35.630088 46.960297 57.972785 68.712987 79.249407 89.655669 100.000000
4294 0.429400 0.000000 12.065514 23.980156 35.630402 46.960654 57.973142 68.713300 79.249640 89.655793 100.000000
4295 0.429500 0.000000 12.065637 23.980389 35.630715 46.961010 57.973498 68.713614 79.249873 89.655917 100.000000
4296 0.429600 0.000000 12.065761 23.980621 35.631028 46.961366 57.973854 68.713927 79.250105 89.656040 100.000000
4297 0.429700 0.000000 12.065884 23.980853 35.631341 46.961722 57.974209 68.714239 79.250337 89.656164 100.000000
4298 0.429800 0.000000 12.066008 23.981084 35.631653 46.962077 57.974564 68.714551 79.250569 89.656287 100.000000
4299 0.429900 0.000000 12.066131 23.981316 35.631964 46.962431 57.974919 68.714863 79.250800 89.656410 100.000000
4300 0.430000 0.000000 12.066254 23.981547 35.632276 46.962785 57.975273 68.715175 79.251031 89.656533 100.000000
4301 0.430100 0.000000 12.066376 23.981778 35.632587 46.963139 57.975627 68.715486 79.251262 89.656656 100.000000
4302 0.430200 0.000000 12.066499 23.982008 35.632897 46.963492 57.975980 68.715796 79.251493 89.656779 100.000000
4303 0.430300 0.000000 12.066622 23.982239 35.633208 46.963845 57.976333 68.716106 79.251723 89.656901 100.000000
4304 0.430400 0.000000 12.066744 23.982469 35.633518 46.964197 57.976685 68.716416 79.251953 89.657024 100.000000
4305 0.430500 0.000000 12.066866 23.982698 35.633827 46.964549 57.977037 68.716726 79.252183 89.657146 100.000000
4306 0.430600 0.000000 12.066988 23.982928 35.634136 46.964901 57.977389 68.717035 79.252412 89.657268 100.000000
4307 0.430700 0.000000 12.067110 23.983157 35.634445 46.965252 57.977740 68.717344 79.252641 89.657390 100.000000
4308 0.430800 0.000000 12.067232 23.983386 35.634753 46.965602 57.978090 68.717652 79.252870 89.657512 100.000000
4309 0.430900 0.000000 12.067354 23.983614 35.635061 46.965953 57.978441 68.717960 79.253099 89.657633 100.000000
4310 0.431000 0.000000 12.067475 23.983843 35.635369 46.966303 57.978790 68.718268 79.253327 89.657755 100.000000
4311 0.431100 0.000000 12.067597 23.984071 35.635676 46.966652 57.979140 68.718575 79.253555 89.657876 100.000000
4312 0.431200 0.000000 12.067718 23.984299 35.635983 46.967001 57.979489 68.718882 79.253783 89.657997 100.000000
4313 0.431300 0.000000 12.067839 23.984526 35.636289 46.967349 57.979837 68.719188 79.254010 89.658118 100.000000
4314 0.431400 0.000000 12.067960 23.984753 35.636596 46.967697 57.980185 68.719494 79.254238 89.658239 100.000000
4315 0.431500 0.000000 12.068080 23.984980 35.636901 46.968045 57.980533 68.719800 79.254465 89.658360 100.000000
4316 0.431600 0.000000 12.068201 23.985207 35.637207 46.968392 57.980880 68.720106 79.254691 89.658481 100.000000
4317 0.431700 0.000000 12.068321 23.985433 35.637512 46.968739 57.981227 68.720411 79.254918 89.658601 100.000000
4318 0.431800 0.000000 12.068442 23.985659 35.637816 46.969086 57.981574 68.720715 79.255144 89.658721 100.000000
4319 0.431900 0.000000 12.068562 23.985885 35.638121 46.969432 57.981920 68.721019 79.255370 89.658842 100.000000
4320 0.432000 0.000000 12.068682 23.986111 35.638424 46.969777 57.982265 68.721323 79.255595 89.658962 100.000000
4321 0.432100 0.000000 12.068802 23.986336 35.638728 46.970122 57.982610 68.721627 79.255820 89.659082 100.000000
4322 0.432200 0.000000 12.068921 23.986561 35.639031 46.970467 57.982955 68.721930 79.256045 89.659201 100.000000
4323 0.432300 0.000000 12.069041 23.986786 35.639334 46.970811 57.983299 68.722233 79.256270 89.659321 100.000000
4324 0.432400 0.000000 12.069160 23.987010 35.639636 46.971155 57.983643 68.722535 79.256495 89.659440 100.000000
4325 0.432500 0.000000 12.069280 23.987234 35.639938 46.971499 57.983987 68.722837 79.256719 89.659560 100.000000
4326 0.432600 0.000000 12.069399 23.987458 35.640240 46.971842 57.984330 68.723139 79.256943 89.659679 100.000000
4327 0.432700 0.000000 12.069518 23.987682 35.640541 46.972184 57.984672 68.723440 79.257166 89.659798 100.000000
4328 0.432800 0.000000 12.069637 23.987905 35.640842 46.972527 57.985014 68.723741 79.257390 89.659917 100.000000
4329 0.432900 0.000000 12.069755 23.988128 35.641143 46.972868 57.985356 68.724042 79.257613 89.660035 100.000000
4330 0.433000 0.000000 12.069874 23.988351 35.641443 46.973210 57.985698 68.724342 79.257836 89.660154 100.000000
4331 0.433100 0.000000 12.069992 23.988574 35.641743 46.973551 57.986039 68.724642 79.258058 89.660272 100.000000
4332 0.433200 0.000000 12.070111 23.988796 35.642042 46.973891 57.986379 68.724941 79.258280 89.660391 100.000000
4333 0.433300 0.000000 12.070229 23.989018 35.642341 46.974231 57.986719 68.725240 79.258502 89.660509 100.000000
4334 0.433400 0.000000 12.070347 23.989240 35.642640 46.974571 57.987059 68.725539 79.258724 89.660627 100.000000
4335 0.433500 0.000000 12.070465 23.989461 35.642938 46.974910 57.987398 68.725837 79.258946 89.660744 100.000000
4336 0.433600 0.000000 12.070582 23.989682 35.643236 46.975249 57.987737 68.726136 79.259167 89.660862 100.000000
4337 0.433700 0.000000 12.070700 23.989903 35.643534 46.975588 57.988076 68.726433 79.259388 89.660980 100.000000
4338 0.433800 0.000000 12.070817 23.990124 35.643831 46.975926 57.988414 68.726730 79.259608 89.661097 100.000000
4339 0.433900 0.000000 12.070934 23.990344 35.644128 46.976263 57.988751 68.727027 79.259829 89.661214 100.000000
4340 0.434000 0.000000 12.071052 23.990564 35.644425 46.976601 57.989089 68.727324 79.260049 89.661331 100.000000
4341 0.434100 0.000000 12.071169 23.990784 35.644721 46.976937 57.989425 68.727620 79.260269 89.661448 100.000000
4342 0.434200 0.000000 12.071285 23.991004 35.645017 46.977274 57.989762 68.727916 79.260488 89.661565 100.000000
4343 0.434300 0.000000 12.071402 23.991223 35.645312 46.977610 57.990098 68.728211 79.260708 89.661682 100.000000
4344 0.434400 0.000000 12.071519 23.991442 35.645607 46.977945 57.990433 68.728507 79.260927 89.661799 100.000000
4345 0.434500 0.000000 12.071635 23.991661 35.645902 46.978281 57.990769 68.728801 79.261145 89.661915 100.000000
4346 0.434600 0.000000 12.071751 23.991879 35.646197 46.978615 57.991103 68.729096 79.261364 89.662031 100.000000
4347 0.434700 0.000000 12.071867 23.992098 35.646491 46.978950 57.991438 68.729390 79.261582 89.662147 100.000000
4348 0.434800 0.000000 12.071983 23.992316 35.646784 46.979284 57.991772 68.729683 79.261800 89.662263 100.000000
4349 0.434900 0.000000 12.072099 23.992533 35.647078 46.979617 57.992105 68.729977 79.262018 89.662379 100.000000
4350 0.435000 0.000000 12.072215 23.992751 35.647371 46.979950 57.992438 68.730270 79.262235 89.662495 100.000000
4351 0.435100 0.000000 12.072331 23.992968 35.647663 46.980283 57.992771 68.730562 79.262453 89.662610 100.000000
4352 0.435200 0.000000 12.072446 23.993185 35.647955 46.980616 57.993103 68.730855 79.262669 89.662726 100.000000
4353 0.435300 0.000000 12.072561 23.993401 35.648247 46.980947 57.993435 68.731146 79.262886 89.662841 100.000000
4354 0.435400 0.000000 12.072676 23.993618 35.648539 46.981279 57.993767 68.731438 79.263102 89.662956 100.000000
4355 0.435500 0.000000 12.072791 23.993834 35.648830 46.981610 57.994098 68.731729 79.263319 89.663071 100.000000
4356 0.435600 0.000000 12.072906 23.994050 35.649121 46.981941 57.994429 68.732020 79.263534 89.663186 100.000000
4357 0.435700 0.000000 12.073021 23.994265 35.649411 46.982271 57.994759 68.732311 79.263750 89.663301 100.000000
4358 0.435800 0.000000 12.073135 23.994481 35.649701 46.982601 57.995089 68.732601 79.263965 89.663415 100.000000
4359 0.435900 0.000000 12.073250 23.994696 35.649991 46.982931 57.995419 68.732890 79.264180 89.663530 100.000000
4360 0.436000 0.000000 12.073364 23.994911 35.650281 46.983260 57.995748 68.733180 79.264395 89.663644 100.000000
4361 0.436100 0.000000 12.073478 23.995125 35.650570 46.983588 57.996076 68.733469 79.264610 89.663758 100.000000
4362 0.436200 0.000000 12.073592 23.995339 35.650858 46.983917 57.996405 68.733758 79.264824 89.663872 100.000000
4363 0.436300 0.000000 12.073706 23.995553 35.651147 46.984245 57.996733 68.734046 79.265038 89.663986 100.000000
4364 0.436400 0.000000 12.073820 23.995767 35.651435 46.984572 57.997060 68.734334 79.265252 89.664100 100.000000
4365 0.436500 0.000000 12.073934 23.995981 35.651722 46.984899 57.997387 68.734622 79.265465 89.664214 100.000000
4366 0.436600 0.000000 12.074047 23.996194 35.652010 46.985226 57.997714 68.734909 79.265679 89.664327 100.000000
4367 0.436700 0.000000 12.074160 23.996407 35.652297 46.985552 57.998040 68.735196 79.265892 89.664440 100.000000
4368 0.436800 0.000000 12.074274 23.996620 35.652583 46.985878 57.998366 68.735482 79.266104 89.664554 100.000000
4369 0.436900 0.000000 12.074387 23.996832 35.652869 46.986204 57.998692 68.735769 79.266317 89.664667 100.000000
4370 0.437000 0.000000 12.074500 23.997044 35.653155 46.986529 57.999017 68.736055 79.266529 89.664780 100.000000
4371 0.437100 0.000000 12.074612 23.997256 35.653441 46.986853 57.999341 68.736340 79.266741 89.664892 100.000000
4372 0.437200 0.000000 12.074725 23.997468 35.653726 46.987178 57.999666 68.736625 79.266953 89.665005 100.000000
4373 0.437300 0.000000 12.074837 23.997679 35.654011 46.987502 57.999990 68.736910 79.267164 89.665117 100.000000
4374 0.437400 0.000000 12.074950 23.997890 35.654295 46.987825 58.000313 68.737195 79.267375 89.665230 100.000000
4375 0.437500 0.000000 12.075062 23.998101 35.654580 46.988148 58.000636 68.737479 79.267586 89.665342 100.000000
4376 0.437600 0.000000 12.075174 23.998312 35.654863 46.988471 58.000959 68.737763 79.267797 89.665454 100.000000
4377 0.437700 0.000000 12.075286 23.998522 35.655147 46.988793 58.001281 68.738046 79.268007 89.665566 100.000000
4378 0.437800 0.000000 12.075398 23.998733 35.655430 46.989115 58.001603 68.738329 79.268217 89.665678 100.000000
4379 0.437900 0.000000 12.075510 23.998942 35.655713 46.989437 58.001925 68.738612 79.268427 89.665790 100.000000
4380 0.438000 0.000000 12.075621 23.999152 35.655995 46.989758 58.002246 68.738894 79.268637 89.665901 100.000000
4381 0.438100 0.000000 12.075732 23.999361 35.656277 46.990079 58.002567 68.739177 79.268846 89.666013 100.000000
4382 0.438200 0.000000 12.075844 23.999571 35.656559 46.990399 58.002887 68.739458 79.269055 89.666124 100.000000
4383 0.438300 0.000000 12.075955 23.999779 35.656840 46.990719 58.003207 68.739740 79.269264 89.666235 100.000000
4384 0.438400 0.000000 12.076066 23.999988 35.657121 46.991039 58.003527 68.740021 79.269473 89.666346 100.000000
4385 0.438500 0.000000 12.076177 24.000196 35.657402 46.991358 58.003846 68.740302 79.269681 89.666457 100.000000
4386 0.438600 0.000000 12.076287 24.000404 35.657683 46.991677 58.004165 68.740582 79.269889 89.666568 100.000000
4387 0.438700 0.000000 12.076398 24.000612 35.657963 46.991995 58.004483 68.740862 79.270097 89.666678 100.000000
4388 0.438800 0.000000 12.076508 24.000820 35.658242 46.992313 58.004801 68.741142 79.270305 89.666789 100.000000
4389 0.438900 0.000000 12.076619 24.001027 35.658522 46.992631 58.005119 68.741421 79.270512 89.666899 100.000000
4390 0.439000 0.000000 12.076729 24.001234 35.658801 46.992948 58.005436 68.741700 79.270719 89.667009 100.000000
4391 0.439100 0.000000 12.076839 24.001441 35.659079 46.993265 58.005753 68.741979 79.270926 89.667119 100.000000
4392 0.439200 0.000000 12.076949 24.001648 35.659358 46.993582 58.006070 68.742257 79.271133 89.667229 100.000000
4393 0.439300 0.000000 12.077059 24.001854 35.659636 46.993898 58.006386 68.742535 79.271339 89.667339 100.000000
4394 0.439400 0.000000 12.077168 24.002060 35.659913 46.994214 58.006702 68.742813 79.271545 89.667449 100.000000
4395 0.439500 0.000000 12.077278 24.002266 35.660191 46.994529 58.007017 68.743090 79.271751 89.667558 100.000000
4396 0.439600 0.000000 12.077387 24.002472 35.660468 46.994844 58.007332 68.743367 79.271956 89.667667 100.000000
4397 0.439700 0.000000 12.077497 24.002677 35.660744 46.995158 58.007646 68.743644 79.272162 89.667777 100.000000
4398 0.439800 0.000000 12.077606 24.002882 35.661020 46.995473 58.007961 68.743920 79.272367 89.667886 100.000000
4399 0.439900 0.000000 12.077715 24.003087 35.661296 46.995786 58.008274 68.744196 79.272572 89.667995 100.000000
4400 0.440000 0.000000 12.077823 24.003291 35.661572 46.996100 58.008588 68.744471 79.272776 89.668104 100.000000
4401 0.440100 0.000000 12.077932 24.003496 35.661847 46.996413 58.008901 68.744747 79.272981 89.668212 100.000000
4402 0.440200 0.000000 12.078041 24.003700 35.662122 46.996726 58.009214 68.745022 79.273185 89.668321 100.000000
4403 0.440300 0.000000 12.078149 24.003904 35.662397 46.997038 58.009526 68.745296 79.273389 89.668429 100.000000
4404 0.440400 0.000000 12.078258 24.004107 35.662671 46.997350 58.009838 68.745571 79.273592 89.668538 100.000000
4405 0.440500 0.000000 12.078366 24.004310 35.662945 46.997661 58.010149 68.745844 79.273795 89.668646 100.000000
4406 0.440600 0.000000 12.078474 24.004514 35.663219 46.997972 58.010460 68.746118 79.273999 89.668754 100.000000
4407 0.440700 0.000000 12.078582 24.004716 35.663492 46.998283 58.010771 68.746391 79.274201 89.668862 100.000000
4408 0.440800 0.000000 12.078690 24.004919 35.663765 46.998593 58.011082 68.746664 79.274404 89.668970 100.000000
4409 0.440900 0.000000 12.078797 24.005121 35.664038 46.998903 58.011392 68.746937 79.274606 89.669077 100.000000
4410 0.441000 0.000000 12.078905 24.005323 35.664310 46.999213 58.011701 68.747209 79.274808 89.669185 100.000000
4411 0.441100 0.000000 12.079012 24.005525 35.664582 46.999522 58.012010 68.747481 79.275010 89.669292 100.000000
4412 0.441200 0.000000 12.079119 24.005727 35.664853 46.999831 58.012319 68.747753 79.275212 89.669400 100.000000
4413 0.441300 0.000000 12.079227 24.005928 35.665125 47.000140 58.012628 68.748024 79.275413 89.669507 100.000000
4414 0.441400 0.000000 12.079334 24.006129 35.665396 47.000448 58.012936 68.748295 79.275614 89.669614 100.000000
4415 0.441500 0.000000 12.079440 24.006330 35.665666 47.000756 58.013244 68.748566 79.275815 89.669721 100.000000
4416 0.441600 0.000000 12.079547 24.006531 35.665937 47.001063 58.013551 68.748836 79.276016 89.669827 100.000000
4417 0.441700 0.000000 12.079654 24.006731 35.666206 47.001370 58.013858 68.749106 79.276216 89.669934 100.000000
4418 0.441800 0.000000 12.079760 24.006931 35.666476 47.001677 58.014165 68.749376 79.276416 89.670040 100.000000
4419 0.441900 0.000000 12.079867 24.007131 35.666745 47.001983 58.014471 68.749645 79.276616 89.670147 100.000000
4420 0.442000 0.000000 12.079973 24.007331 35.667014 47.002289 58.014777 68.749914 79.276816 89.670253 100.000000
4421 0.442100 0.000000 12.080079 24.007530 35.667283 47.002594 58.015082 68.750182 79.277015 89.670359 100.000000
4422 0.442200 0.000000 12.080185 24.007729 35.667551 47.002899 58.015387 68.750451 79.277214 89.670465 100.000000
4423 0.442300 0.000000 12.080291 24.007928 35.667819 47.003204 58.015692 68.750719 79.277413 89.670571 100.000000
4424 0.442400 0.000000 12.080396 24.008127 35.668087 47.003508 58.015996 68.750986 79.277612 89.670677 100.000000
4425 0.442500 0.000000 12.080502 24.008325 35.668354 47.003812 58.016301 68.751254 79.277810 89.670782 100.000000
4426 0.442600 0.000000 12.080607 24.008523 35.668621 47.004116 58.016604 68.751521 79.278009 89.670888 100.000000
4427 0.442700 0.000000 12.080713 24.008721 35.668888 47.004419 58.016907 68.751788 79.278207 89.670993 100.000000
4428 0.442800 0.000000 12.080818 24.008919 35.669154 47.004722 58.017210 68.752054 79.278404 89.671098 100.000000
4429 0.442900 0.000000 12.080923 24.009117 35.669420 47.005025 58.017513 68.752320 79.278602 89.671203 100.000000
4430 0.443000 0.000000 12.081028 24.009314 35.669686 47.005327 58.017815 68.752586 79.278799 89.671308 100.000000
4431 0.443100 0.000000 12.081133 24.009511 35.669952 47.005629 58.018117 68.752851 79.278996 89.671413 100.000000
4432 0.443200 0.000000 12.081237 24.009708 35.670217 47.005930 58.018418 68.753116 79.279193 89.671518 100.000000
4433 0.443300 0.000000 12.081342 24.009904 35.670481 47.006231 58.018719 68.753381 79.279389 89.671622 100.000000
4434 0.443400 0.000000 12.081446 24.010100 35.670746 47.006532 58.019020 68.753645 79.279585 89.671727 100.000000
4435 0.443500 0.000000 12.081551 24.010296 35.671010 47.006832 58.019320 68.753909 79.279781 89.671831 100.000000
4436 0.443600 0.000000 12.081655 24.010492 35.671274 47.007132 58.019620 68.754173 79.279977 89.671935 100.000000
4437 0.443700 0.000000 12.081759 24.010688 35.671537 47.007432 58.019920 68.754437 79.280173 89.672039 100.000000
4438 0.443800 0.000000 12.081863 24.010883 35.671800 47.007731 58.020219 68.754700 79.280368 89.672143 100.000000
4439 0.443900 0.000000 12.081967 24.011078 35.672063 47.008030 58.020518 68.754963 79.280563 89.672247 100.000000
4440 0.444000 0.000000 12.082070 24.011273 35.672326 47.008328 58.020816 68.755225 79.280758 89.672351 100.000000
4441 0.444100 0.000000 12.082174 24.011467 35.672588 47.008626 58.021115 68.755487 79.280953 89.672454 100.000000
4442 0.444200 0.000000 12.082277 24.011662 35.672850 47.008924 58.021412 68.755749 79.281147 89.672558 100.000000
4443 0.444300 0.000000 12.082381 24.011856 35.673111 47.009222 58.021710 68.756011 79.281341 89.672661 100.000000
4444 0.444400 0.000000 12.082484 24.012050 35.673372 47.009519 58.022007 68.756272 79.281535 89.672764 100.000000
4445 0.444500 0.000000 12.082587 24.012243 35.673633 47.009815 58.022303 68.756533 79.281729 89.672867 100.000000
4446 0.444600 0.000000 12.082690 24.012437 35.673894 47.010112 58.022600 68.756793 79.281922 89.672970 100.000000
4447 0.444700 0.000000 12.082792 24.012630 35.674154 47.010408 58.022896 68.757054 79.282115 89.673073 100.000000
4448 0.444800 0.000000 12.082895 24.012823 35.674414 47.010703 58.023191 68.757314 79.282308 89.673175 100.000000
4449 0.444900 0.000000 12.082998 24.013016 35.674674 47.010998 58.023487 68.757573 79.282501 89.673278 100.000000
4450 0.445000 0.000000 12.083100 24.013208 35.674933 47.011293 58.023781 68.757832 79.282693 89.673380 100.000000
4451 0.445100 0.000000 12.083202 24.013400 35.675192 47.011588 58.024076 68.758091 79.282885 89.673483 100.000000
4452 0.445200 0.000000 12.083304 24.013592 35.675451 47.011882 58.024370 68.758350 79.283077 89.673585 100.000000
4453 0.445300 0.000000 12.083407 24.013784 35.675709 47.012176 58.024664 68.758608 79.283269 89.673687 100.000000
4454 0.445400 0.000000 12.083508 24.013976 35.675967 47.012469 58.024957 68.758867 79.283461 89.673789 100.000000
4455 0.445500 0.000000 12.083610 24.014167 35.676225 47.012762 58.025250 68.759124 79.283652 89.673891 100.000000
4456 0.445600 0.000000 12.083712 24.014358 35.676482 47.013055 58.025543 68.759382 79.283843 89.673992 100.000000
4457 0.445700 0.000000 12.083813 24.014549 35.676739 47.013347 58.025835 68.759639 79.284034 89.674094 100.000000
4458 0.445800 0.000000 12.083915 24.014739 35.676996 47.013639 58.026127 68.759896 79.284225 89.674195 100.000000
4459 0.445900 0.000000 12.084016 24.014930 35.677252 47.013931 58.026419 68.760152 79.284415 89.674296 100.000000
4460 0.446000 0.000000 12.084117 24.015120 35.677509 47.014222 58.026710 68.760408 79.284605 89.674398 100.000000
4461 0.446100 0.000000 12.084218 24.015310 35.677764 47.014513 58.027001 68.760664 79.284795 89.674499 100.000000
4462 0.446200 0.000000 12.084319 24.015499 35.678020 47.014804 58.027292 68.760920 79.284985 89.674600 100.000000
4463 0.446300 0.000000 12.084420 24.015689 35.678275 47.015094 58.027582 68.761175 79.285174 89.674700 100.000000
4464 0.446400 0.000000 12.084521 24.015878 35.678530 47.015384 58.027872 68.761430 79.285363 89.674801 100.000000
4465 0.446500 0.000000 12.084621 24.016067 35.678785 47.015673 58.028162 68.761684 79.285552 89.674902 100.000000
4466 0.446600 0.000000 12.084722 24.016256 35.679039 47.015963 58.028451 68.761939 79.285741 89.675002 100.000000
4467 0.446700 0.000000 12.084822 24.016444 35.679293 47.016251 58.028740 68.762193 79.285930 89.675102 100.000000
4468 0.446800 0.000000 12.084922 24.016633 35.679547 47.016540 58.029028 68.762446 79.286118 89.675203 100.000000
4469 0.446900 0.000000 12.085022 24.016821 35.679800 47.016828 58.029316 68.762700 79.286306 89.675303 100.000000
4470 0.447000 0.000000 12.085122 24.017008 35.680053 47.017116 58.029604 68.762953 79.286494 89.675403 100.000000
4471 0.447100 0.000000 12.085222 24.017196 35.680306 47.017403 58.029891 68.763205 79.286681 89.675502 100.000000
4472 0.447200 0.000000 12.085322 24.017383 35.680558 47.017690 58.030178 68.763458 79.286869 89.675602 100.000000
4473 0.447300 0.000000 12.085421 24.017570 35.680810 47.017977 58.030465 68.763710 79.287056 89.675702 100.000000
4474 0.447400 0.000000 12.085521 24.017757 35.681062 47.018263 58.030752 68.763962 79.287243 89.675801 100.000000
4475 0.447500 0.000000 12.085620 24.017944 35.681314 47.018549 58.031038 68.764213 79.287429 89.675900 100.000000
4476 0.447600 0.000000 12.085719 24.018131 35.681565 47.018835 58.031323 68.764465 79.287616 89.676000 100.000000
4477 0.447700 0.000000 12.085818 24.018317 35.681816 47.019120 58.031609 68.764716 79.287802 89.676099 100.000000
4478 0.447800 0.000000 12.085917 24.018503 35.682066 47.019405 58.031893 68.764966 79.287988 89.676198 100.000000
4479 0.447900 0.000000 12.086016 24.018689 35.682317 47.019690 58.032178 68.765216 79.288174 89.676297 100.000000
4480 0.448000 0.000000 12.086115 24.018874 35.682567 47.019974 58.032462 68.765466 79.288359 89.676395 100.000000
4481 0.448100 0.000000 12.086213 24.019059 35.682816 47.020258 58.032746 68.765716 79.288545 89.676494 100.000000
4482 0.448200 0.000000 12.086312 24.019244 35.683066 47.020542 58.033030 68.765965 79.288730 89.676592 100.000000
4483 0.448300 0.000000 12.086410 24.019429 35.683315 47.020825 58.033313 68.766215 79.288915 89.676691 100.000000
4484 0.448400 0.000000 12.086509 24.019614 35.683564 47.021108 58.033596 68.766463 79.289099 89.676789 100.000000
4485 0.448500 0.000000 12.086607 24.019798 35.683812 47.021390 58.033879 68.766712 79.289284 89.676887 100.000000
4486 0.448600 0.000000 12.086705 24.019983 35.684060 47.021673 58.034161 68.766960 79.289468 89.676985 100.000000
4487 0.448700 0.000000 12.086803 24.020167 35.684308 47.021954 58.034443 68.767208 79.289652 89.677083 100.000000
4488 0.448800 0.000000 12.086900 24.020350 35.684556 47.022236 58.034724 68.767455 79.289836 89.677181 100.000000
4489 0.448900 0.000000 12.086998 24.020534 35.684803 47.022517 58.035005 68.767703 79.290019 89.677278 100.000000
4490 0.449000 0.000000 12.087096 24.020717 35.685050 47.022798 58.035286 68.767950 79.290202 89.677376 100.000000
4491 0.449100 0.000000 12.087193 24.020900 35.685296 47.023078 58.035567 68.768196 79.290386 89.677473 100.000000
4492 0.449200 0.000000 12.087290 24.021083 35.685543 47.023359 58.035847 68.768443 79.290568 89.677571 100.000000
4493 0.449300 0.000000 12.087387 24.021266 35.685789 47.023638 58.036127 68.768689 79.290751 89.677668 100.000000
4494 0.449400 0.000000 12.087484 24.021448 35.686035 47.023918 58.036406 68.768934 79.290933 89.677765 100.000000
4495 0.449500 0.000000 12.087581 24.021630 35.686280 47.024197 58.036685 68.769180 79.291116 89.677862 100.000000
4496 0.449600 0.000000 12.087678 24.021812 35.686525 47.024476 58.036964 68.769425 79.291298 89.677959 100.000000
4497 0.449700 0.000000 12.087775 24.021994 35.686770 47.024754 58.037242 68.769670 79.291479 89.678055 100.000000
4498 0.449800 0.000000 12.087871 24.022175 35.687015 47.025032 58.037520 68.769914 79.291661 89.678152 100.000000
4499 0.449900 0.000000 12.087968 24.022357 35.687259 47.025310 58.037798 68.770159 79.291842 89.678248 100.000000
4500 0.450000 0.000000 12.088064 24.022538 35.687503 47.025587 58.038076 68.770403 79.292023 89.678345 100.000000
4501 0.450100 0.000000 12.088161 24.022719 35.687746 47.025864 58.038353 68.770646 79.292204 89.678441 100.000000
4502 0.450200 0.000000 12.088257 24.022899 35.687990 47.026141 58.038629 68.770890 79.292385 89.678537 100.000000
4503 0.450300 0.000000 12.088353 24.023080 35.688233 47.026418 58.038906 68.771133 79.292565 89.678633 100.000000
4504 0.450400 0.000000 12.088449 24.023260 35.688476 47.026694 58.039182 68.771375 79.292745 89.678729 100.000000
4505 0.450500 0.000000 12.088544 24.023440 35.688718 47.026969 58.039458 68.771618 79.292925 89.678825 100.000000
4506 0.450600 0.000000 12.088640 24.023620 35.688960 47.027245 58.039733 68.771860 79.293105 89.678920 100.000000
4507 0.450700 0.000000 12.088735 24.023799 35.689202 47.027520 58.040008 68.772102 79.293285 89.679016 100.000000
4508 0.450800 0.000000 12.088831 24.023978 35.689444 47.027795 58.040283 68.772344 79.293464 89.679111 100.000000
4509 0.450900 0.000000 12.088926 24.024158 35.689685 47.028069 58.040557 68.772585 79.293643 89.679207 100.000000
4510 0.451000 0.000000 12.089021 24.024336 35.689926 47.028343 58.040831 68.772826 79.293822 89.679302 100.000000
4511 0.451100 0.000000 12.089116 24.024515 35.690167 47.028617 58.041105 68.773067 79.294001 89.679397 100.000000
4512 0.451200 0.000000 12.089211 24.024693 35.690407 47.028890 58.041378 68.773307 79.294179 89.679492 100.000000
4513 0.451300 0.000000 12.089306 24.024872 35.690647 47.029163 58.041651 68.773547 79.294357 89.679587 100.000000
4514 0.451400 0.000000 12.089401 24.025050 35.690887 47.029436 58.041924 68.773787 79.294535 89.679681 100.000000
4515 0.451500 0.000000 12.089495 24.025227 35.691127 47.029708 58.042197 68.774027 79.294713 89.679776 100.000000
4516 0.451600 0.000000 12.089590 24.025405 35.691366 47.029980 58.042469 68.774266 79.294891 89.679870 100.000000
4517 0.451700 0.000000 12.089684 24.025582 35.691605 47.030252 58.042740 68.774505 79.295068 89.679965 100.000000
4518 0.451800 0.000000 12.089779 24.025760 35.691844 47.030523 58.043012 68.774743 79.295245 89.680059 100.000000
4519 0.451900 0.000000 12.089873 24.025936 35.692082 47.030795 58.043283 68.774982 79.295422 89.680153 100.000000
4520 0.452000 0.000000 12.089967 24.026113 35.692320 47.031065 58.043553 68.775220 79.295599 89.680247 100.000000
4521 0.452100 0.000000 12.090061 24.026290 35.692558 47.031336 58.043824 68.775458 79.295775 89.680341 100.000000
4522 0.452200 0.000000 12.090154 24.026466 35.692795 47.031606 58.044094 68.775695 79.295951 89.680435 100.000000
4523 0.452300 0.000000 12.090248 24.026642 35.693032 47.031875 58.044364 68.775932 79.296128 89.680529 100.000000
4524 0.452400 0.000000 12.090342 24.026818 35.693269 47.032145 58.044633 68.776169 79.296303 89.680622 100.000000
4525 0.452500 0.000000 12.090435 24.026993 35.693506 47.032414 58.044902 68.776406 79.296479 89.680716 100.000000
4526 0.452600 0.000000 12.090528 24.027169 35.693742 47.032683 58.045171 68.776642 79.296654 89.680809 100.000000
4527 0.452700 0.000000 12.090622 24.027344 35.693978 47.032951 58.045439 68.776878 79.296830 89.680902 100.000000
4528 0.452800 0.000000 12.090715 24.027519 35.694214 47.033219 58.045707 68.777114 79.297005 89.680995 100.000000
4529 0.452900 0.000000 12.090808 24.027694 35.694450 47.033487 58.045975 68.777349 79.297179 89.681088 100.000000
4530 0.453000 0.000000 12.090901 24.027868 35.694685 47.033754 58.046243 68.777585 79.297354 89.681181 100.000000
4531 0.453100 0.000000 12.090993 24.028043 35.694920 47.034022 58.046510 68.777820 79.297528 89.681274 100.000000
4532 0.453200 0.000000 12.091086 24.028217 35.695154 47.034288 58.046777 68.778054 79.297702 89.681367 100.000000
4533 0.453300 0.000000 12.091179 24.028391 35.695389 47.034555 58.047043 68.778289 79.297876 89.681459 100.000000
4534 0.453400 0.000000 12.091271 24.028565 35.695623 47.034821 58.047309 68.778523 79.298050 89.681552 100.000000
4535 0.453500 0.000000 12.091363 24.028738 35.695856 47.035087 58.047575 68.778756 79.298224 89.681644 100.000000
4536 0.453600 0.000000 12.091456 24.028911 35.696090 47.035352 58.047841 68.778990 79.298397 89.681736 100.000000
4537 0.453700 0.000000 12.091548 24.029084 35.696323 47.035617 58.048106 68.779223 79.298570 89.681828 100.000000
4538 0.453800 0.000000 12.091640 24.029257 35.696556 47.035882 58.048371 68.779456 79.298743 89.681920 100.000000
4539 0.453900 0.000000 12.091732 24.029430 35.696789 47.036147 58.048635 68.779689 79.298915 89.682012 100.000000
4540 0.454000 0.000000 12.091823 24.029602 35.697021 47.036411 58.048899 68.779921 79.299088 89.682104 100.000000
4541 0.454100 0.000000 12.091915 24.029775 35.697253 47.036675 58.049163 68.780153 79.299260 89.682195 100.000000
4542 0.454200 0.000000 12.092006 24.029947 35.697485 47.036938 58.049427 68.780385 79.299432 89.682287 100.000000
4543 0.454300 0.000000 12.092098 24.030118 35.697716 47.037202 58.049690 68.780616 79.299604 89.682378 100.000000
4544 0.454400 0.000000 12.092189 24.030290 35.697947 47.037465 58.049953 68.780847 79.299776 89.682470 100.000000
4545 0.454500 0.000000 12.092280 24.030461 35.698178 47.037727 58.050215 68.781078 79.299947 89.682561 100.000000
4546 0.454600 0.000000 12.092371 24.030633 35.698409 47.037989 58.050478 68.781309 79.300118 89.682652 100.000000
4547 0.454700 0.000000 12.092462 24.030804 35.698639 47.038251 58.050740 68.781539 79.300289 89.682743 100.000000
4548 0.454800 0.000000 12.092553 24.030974 35.698869 47.038513 58.051001 68.781769 79.300460 89.682834 100.000000
4549 0.454900 0.000000 12.092644 24.031145 35.699099 47.038774 58.051263 68.781999 79.300631 89.682925 100.000000
4550 0.455000 0.000000 12.092735 24.031315 35.699329 47.039035 58.051524 68.782229 79.300801 89.683015 100.000000
4551 0.455100 0.000000 12.092825 24.031485 35.699558 47.039296 58.051784 68.782458 79.300971 89.683106 100.000000
4552 0.455200 0.000000 12.092916 24.031655 35.699787 47.039556 58.052045 68.782687 79.301141 89.683196 100.000000
4553 0.455300 0.000000 12.093006 24.031825 35.700016 47.039816 58.052305 68.782916 79.301311 89.683287 100.000000
4554 0.455400 0.000000 12.093096 24.031995 35.700244 47.040076 58.052564 68.783144 79.301480 89.683377 100.000000
4555 0.455500 0.000000 12.093186 24.032164 35.700472 47.040336 58.052824 68.783372 79.301650 89.683467 100.000000
4556 0.455600 0.000000 12.093276 24.032333 35.700700 47.040595 58.053083 68.783600 79.301819 89.683557 100.000000
4557 0.455700 0.000000 12.093366 24.032502 35.700928 47.040853 58.053342 68.783828 79.301988 89.683647 100.000000
4558 0.455800 0.000000 12.093456 24.032671 35.701155 47.041112 58.053600 68.784055 79.302156 89.683736 100.000000
4559 0.455900 0.000000 12.093546 24.032839 35.701382 47.041370 58.053858 68.784282 79.302325 89.683826 100.000000
4560 0.456000 0.000000 12.093635 24.033007 35.701609 47.041628 58.054116 68.784509 79.302493 89.683916 100.000000
4561 0.456100 0.000000 12.093724 24.033175 35.701835 47.041885 58.054374 68.784735 79.302661 89.684005 100.000000
4562 0.456200 0.000000 12.093814 24.033343 35.702061 47.042143 58.054631 68.784961 79.302829 89.684094 100.000000
4563 0.456300 0.000000 12.093903 24.033511 35.702287 47.042400 58.054888 68.785187 79.302997 89.684184 100.000000
4564 0.456400 0.000000 12.093992 24.033679 35.702513 47.042656 58.055144 68.785413 79.303164 89.684273 100.000000
4565 0.456500 0.000000 12.094081 24.033846 35.702738 47.042912 58.055401 68.785638 79.303331 89.684362 100.000000
4566 0.456600 0.000000 12.094170 24.034013 35.702963 47.043168 58.055657 68.785863 79.303498 89.684451 100.000000
4567 0.456700 0.000000 12.094259 24.034180 35.703188 47.043424 58.055912 68.786088 79.303665 89.684539 100.000000
4568 0.456800 0.000000 12.094347 24.034346 35.703413 47.043679 58.056168 68.786312 79.303832 89.684628 100.000000
4569 0.456900 0.000000 12.094436 24.034513 35.703637 47.043934 58.056423 68.786537 79.303998 89.684717 100.000000
4570 0.457000 0.000000 12.094525 24.034679 35.703861 47.044189 58.056677 68.786761 79.304165 89.684805 100.000000
4571 0.457100 0.000000 12.094613 24.034845 35.704084 47.044443 58.056932 68.786984 79.304331 89.684893 100.000000
4572 0.457200 0.000000 12.094701 24.035011 35.704308 47.044697 58.057186 68.787208 79.304497 89.684982 100.000000
4573 0.457300 0.000000 12.094789 24.035177 35.704531 47.044951 58.057440 68.787431 79.304662 89.685070 100.000000
4574 0.457400 0.000000 12.094877 24.035342 35.704754 47.045205 58.057693 68.787654 79.304828 89.685158 100.000000
4575 0.457500 0.000000 12.094965 24.035507 35.704977 47.045458 58.057946 68.787877 79.304993 89.685246 100.000000
4576 0.457600 0.000000 12.095053 24.035672 35.705199 47.045711 58.058199 68.788099 79.305158 89.685334 100.000000
4577 0.457700 0.000000 12.095141 24.035837 35.705421 47.045963 58.058452 68.788321 79.305323 89.685421 100.000000
4578 0.457800 0.000000 12.095228 24.036002 35.705643 47.046215 58.058704 68.788543 79.305487 89.685509 100.000000
4579 0.457900 0.000000 12.095316 24.036166 35.705864 47.046467 58.058956 68.788764 79.305652 89.685596 100.000000
4580 0.458000 0.000000 12.095403 24.036330 35.706086 47.046719 58.059207 68.788986 79.305816 89.685684 100.000000
4581 0.458100 0.000000 12.095490 24.036494 35.706307 47.046970 58.059459 68.789207 79.305980 89.685771 100.000000
4582 0.458200 0.000000 12.095578 24.036658 35.706527 47.047221 58.059710 68.789427 79.306144 89.685858 100.000000
4583 0.458300 0.000000 12.095665 24.036822 35.706748 47.047472 58.059960 68.789648 79.306308 89.685945 100.000000
4584 0.458400 0.000000 12.095752 24.036985 35.706968 47.047722 58.060211 68.789868 79.306471 89.686032 100.000000
4585 0.458500 0.000000 12.095838 24.037149 35.707188 47.047972 58.060461 68.790088 79.306634 89.686119 100.000000
4586 0.458600 0.000000 12.095925 24.037312 35.707408 47.048222 58.060711 68.790308 79.306797 89.686206 100.000000
4587 0.458700 0.000000 12.096012 24.037474 35.707627 47.048472 58.060960 68.790527 79.306960 89.686292 100.000000
4588 0.458800 0.000000 12.096098 24.037637 35.707846 47.048721 58.061209 68.790746 79.307123 89.686379 100.000000
4589 0.458900 0.000000 12.096185 24.037799 35.708065 47.048970 58.061458 68.790965 79.307285 89.686465 100.000000
4590 0.459000 0.000000 12.096271 24.037962 35.708283 47.049218 58.061707 68.791183 79.307447 89.686552 100.000000
4591 0.459100 0.000000 12.096357 24.038124 35.708502 47.049467 58.061955 68.791402 79.307609 89.686638 100.000000
4592 0.459200 0.000000 12.096443 24.038286 35.708720 47.049715 58.062203 68.791620 79.307771 89.686724 100.000000
4593 0.459300 0.000000 12.096529 24.038447 35.708938 47.049962 58.062451 68.791838 79.307933 89.686810 100.000000
4594 0.459400 0.000000 12.096615 24.038609 35.709155 47.050210 58.062698 68.792055 79.308094 89.686896 100.000000
4595 0.459500 0.000000 12.096701 24.038770 35.709372 47.050457 58.062945 68.792272 79.308256 89.686982 100.000000
4596 0.459600 0.000000 12.096787 24.038931 35.709589 47.050703 58.063192 68.792489 79.308417 89.687068 100.000000
4597 0.459700 0.000000 12.096872 24.039092 35.709806 47.050950 58.063438 68.792706 79.308578 89.687153 100.000000
4598 0.459800 0.000000 12.096958 24.039252 35.710023 47.051196 58.063684 68.792923 79.308738 89.687239 100.000000
4599 0.459900 0.000000 12.097043 24.039413 35.710239 47.051442 58.063930 68.793139 79.308899 89.687324 100.000000
4600 0.460000 0.000000 12.097129 24.039573 35.710455 47.051687 58.064176 68.793355 79.309059 89.687409 100.000000
4601 0.460100 0.000000 12.097214 24.039733 35.710670 47.051933 58.064421 68.793570 79.309219 89.687494 100.000000
4602 0.460200 0.000000 12.097299 24.039893 35.710886 47.052178 58.064666 68.793786 79.309379 89.687580 100.000000
4603 0.460300 0.000000 12.097384 24.040053 35.711101 47.052422 58.064910 68.794001 79.309539 89.687664 100.000000
4604 0.460400 0.000000 12.097469 24.040212 35.711316 47.052667 58.065155 68.794216 79.309698 89.687749 100.000000
4605 0.460500 0.000000 12.097553 24.040372 35.711530 47.052911 58.065399 68.794430 79.309857 89.687834 100.000000
4606 0.460600 0.000000 12.097638 24.040531 35.711745 47.053154 58.065643 68.794645 79.310016 89.687919 100.000000
4607 0.460700 0.000000 12.097723 24.040690 35.711959 47.053398 58.065886 68.794859 79.310175 89.688003 100.000000
4608 0.460800 0.000000 12.097807 24.040848 35.712173 47.053641 58.066129 68.795073 79.310334 89.688088 100.000000
4609 0.460900 0.000000 12.097891 24.041007 35.712386 47.053884 58.066372 68.795286 79.310493 89.688172 100.000000
4610 0.461000 0.000000 12.097976 24.041165 35.712600 47.054126 58.066615 68.795500 79.310651 89.688256 100.000000
4611 0.461100 0.000000 12.098060 24.041323 35.712813 47.054369 58.066857 68.795713 79.310809 89.688340 100.000000
4612 0.461200 0.000000 12.098144 24.041481 35.713025 47.054611 58.067099 68.795925 79.310967 89.688425 100.000000
4613 0.461300 0.000000 12.098228 24.041639 35.713238 47.054852 58.067341 68.796138 79.311125 89.688508 100.000000
4614 0.461400 0.000000 12.098312 24.041797 35.713450 47.055094 58.067582 68.796350 79.311282 89.688592 100.000000
4615 0.461500 0.000000 12.098395 24.041954 35.713662 47.055335 58.067823 68.796562 79.311440 89.688676 100.000000
4616 0.461600 0.000000 12.098479 24.042111 35.713874 47.055576 58.068064 68.796774 79.311597 89.688760 100.000000
4617 0.461700 0.000000 12.098563 24.042268 35.714085 47.055816 58.068304 68.796986 79.311754 89.688843 100.000000
4618 0.461800 0.000000 12.098646 24.042425 35.714297 47.056056 58.068545 68.797197 79.311911 89.688927 100.000000
4619 0.461900 0.000000 12.098729 24.042581 35.714508 47.056296 58.068785 68.797408 79.312067 89.689010 100.000000
4620 0.462000 0.000000 12.098812 24.042738 35.714718 47.056536 58.069024 68.797618 79.312224 89.689093 100.000000
4621 0.462100 0.000000 12.098896 24.042894 35.714929 47.056775 58.069264 68.797829 79.312380 89.689176 100.000000
4622 0.462200 0.000000 12.098979 24.043050 35.715139 47.057014 58.069503 68.798039 79.312536 89.689259 100.000000
4623 0.462300 0.000000 12.099062 24.043206 35.715349 47.057253 58.069741 68.798249 79.312692 89.689342 100.000000
4624 0.462400 0.000000 12.099144 24.043362 35.715559 47.057491 58.069980 68.798459 79.312847 89.689425 100.000000
4625 0.462500 0.000000 12.099227 24.043517 35.715768 47.057730 58.070218 68.798668 79.313003 89.689508 100.000000
4626 0.462600 0.000000 12.099310 24.043672 35.715977 47.057967 58.070456 68.798877 79.313158 89.689590 100.000000
4627 0.462700 0.000000 12.099392 24.043827 35.716186 47.058205 58.070693 68.799086 79.313313 89.689673 100.000000
4628 0.462800 0.000000 12.099475 24.043982 35.716395 47.058442 58.070931 68.799295 79.313468 89.689755 100.000000
4629 0.462900 0.000000 12.099557 24.044137 35.716603 47.058679 58.071168 68.799503 79.313623 89.689838 100.000000
4630 0.463000 0.000000 12.099639 24.044291 35.716811 47.058916 58.071404 68.799712 79.313777 89.689920 100.000000
4631 0.463100 0.000000 12.099721 24.044446 35.717019 47.059153 58.071641 68.799920 79.313932 89.690002 100.000000
4632 0.463200 0.000000 12.099803 24.044600 35.717227 47.059389 58.071877 68.800127 79.314086 89.690084 100.000000
4633 0.463300 0.000000 12.099885 24.044754 35.717434 47.059625 58.072113 68.800335 79.314240 89.690166 100.000000
4634 0.463400 0.000000 12.099967 24.044908 35.717642 47.059860 58.072348 68.800542 79.314393 89.690248 100.000000
4635 0.463500 0.000000 12.100049 24.045061 35.717849 47.060095 58.072584 68.800749 79.314547 89.690329 100.000000
4636 0.463600 0.000000 12.100130 24.045214 35.718055 47.060330 58.072819 68.800955 79.314700 89.690411 100.000000
4637 0.463700 0.000000 12.100212 24.045368 35.718262 47.060565 58.073053 68.801162 79.314854 89.690493 100.000000
4638 0.463800 0.000000 12.100293 24.045521 35.718468 47.060799 58.073288 68.801368 79.315007 89.690574 100.000000
4639 0.463900 0.000000 12.100375 24.045674 35.718674 47.061034 58.073522 68.801574 79.315159 89.690655 100.000000
4640 0.464000 0.000000 12.100456 24.045826 35.718879 47.061267 58.073756 68.801779 79.315312 89.690736 100.000000
4641 0.464100 0.000000 12.100537 24.045979 35.719085 47.061501 58.073989 68.801985 79.315464 89.690818 100.000000
4642 0.464200 0.000000 12.100618 24.046131 35.719290 47.061734 58.074223 68.802190 79.315617 89.690899 100.000000
4643 0.464300 0.000000 12.100699 24.046283 35.719495 47.061967 58.074456 68.802395 79.315769 89.690980 100.000000
4644 0.464400 0.000000 12.100780 24.046435 35.719699 47.062200 58.074688 68.802599 79.315921 89.691060 100.000000
4645 0.464500 0.000000 12.100860 24.046587 35.719904 47.062432 58.074921 68.802804 79.316072 89.691141 100.000000
4646 0.464600 0.000000 12.100941 24.046738 35.720108 47.062665 58.075153 68.803008 79.316224 89.691222 100.000000
4647 0.464700 0.000000 12.101021 24.046889 35.720312 47.062896 58.075385 68.803212 79.316375 89.691302 100.000000
4648 0.464800 0.000000 12.101102 24.047041 35.720515 47.063128 58.075616 68.803416 79.316526 89.691383 100.000000
4649 0.464900 0.000000 12.101182 24.047191 35.720719 47.063359 58.075848 68.803619 79.316677 89.691463 100.000000
4650 0.465000 0.000000 12.101262 24.047342 35.720922 47.063590 58.076079 68.803822 79.316828 89.691543 100.000000
4651 0.465100 0.000000 12.101343 24.047493 35.721125 47.063821 58.076309 68.804025 79.316979 89.691623 100.000000
4652 0.465200 0.000000 12.101423 24.047643 35.721327 47.064051 58.076540 68.804228 79.317129 89.691703 100.000000
4653 0.465300 0.000000 12.101503 24.047794 35.721530 47.064282 58.076770 68.804430 79.317279 89.691783 100.000000
4654 0.465400 0.000000 12.101582 24.047944 35.721732 47.064512 58.077000 68.804632 79.317429 89.691863 100.000000
4655 0.465500 0.000000 12.101662 24.048093 35.721934 47.064741 58.077230 68.804834 79.317579 89.691943 100.000000
4656 0.465600 0.000000 12.101742 24.048243 35.722136 47.064970 58.077459 68.805036 79.317729 89.692023 100.000000
4657 0.465700 0.000000 12.101821 24.048393 35.722337 47.065200 58.077688 68.805237 79.317878 89.692102 100.000000
4658 0.465800 0.000000 12.101901 24.048542 35.722538 47.065428 58.077917 68.805438 79.318028 89.692181 100.000000
4659 0.465900 0.000000 12.101980 24.048691 35.722739 47.065657 58.078145 68.805639 79.318177 89.692261 100.000000
4660 0.466000 0.000000 12.102059 24.048840 35.722940 47.065885 58.078373 68.805840 79.318326 89.692340 100.000000
4661 0.466100 0.000000 12.102139 24.048989 35.723140 47.066113 58.078601 68.806040 79.318475 89.692419 100.000000
4662 0.466200 0.000000 12.102218 24.049137 35.723340 47.066341 58.078829 68.806241 79.318623 89.692498 100.000000
4663 0.466300 0.000000 12.102297 24.049286 35.723540 47.066568 58.079056 68.806441 79.318772 89.692577 100.000000
4664 0.466400 0.000000 12.102375 24.049434 35.723740 47.066795 58.079283 68.806640 79.318920 89.692656 100.000000
4665 0.466500 0.000000 12.102454 24.049582 35.723940 47.067022 58.079510 68.806840 79.319068 89.692735 100.000000
4666 0.466600 0.000000 12.102533 24.049730 35.724139 47.067248 58.079737 68.807039 79.319216 89.692814 100.000000
4667 0.466700 0.000000 12.102611 24.049878 35.724338 47.067475 58.079963 68.807238 79.319363 89.692892 100.000000
4668 0.466800 0.000000 12.102690 24.050025 35.724536 47.067701 58.080189 68.807437 79.319511 89.692971 100.000000
4669 0.466900 0.000000 12.102768 24.050172 35.724735 47.067926 58.080415 68.807635 79.319658 89.693049 100.000000
4670 0.467000 0.000000 12.102847 24.050320 35.724933 47.068152 58.080640 68.807833 79.319805 89.693127 100.000000
4671 0.467100 0.000000 12.102925 24.050467 35.725131 47.068377 58.080865 68.808031 79.319952 89.693206 100.000000
4672 0.467200 0.000000 12.103003 24.050613 35.725329 47.068602 58.081090 68.808229 79.320099 89.693284 100.000000
4673 0.467300 0.000000 12.103081 24.050760 35.725527 47.068826 58.081315 68.808427 79.320246 89.693362 100.000000
4674 0.467400 0.000000 12.103159 24.050906 35.725724 47.069051 58.081539 68.808624 79.320392 89.693440 100.000000
4675 0.467500 0.000000 12.103237 24.051053 35.725921 47.069275 58.081763 68.808821 79.320538 89.693517 100.000000
4676 0.467600 0.000000 12.103314 24.051199 35.726118 47.069499 58.081987 68.809018 79.320685 89.693595 100.000000
4677 0.467700 0.000000 12.103392 24.051345 35.726314 47.069722 58.082211 68.809214 79.320830 89.693673 100.000000
4678 0.467800 0.000000 12.103470 24.051490 35.726511 47.069945 58.082434 68.809411 79.320976 89.693750 100.000000
4679 0.467900 0.000000 12.103547 24.051636 35.726707 47.070168 58.082657 68.809607 79.321122 89.693828 100.000000
4680 0.468000 0.000000 12.103624 24.051781 35.726902 47.070391 58.082880 68.809803 79.321267 89.693905 100.000000
4681 0.468100 0.000000 12.103702 24.051926 35.727098 47.070614 58.083102 68.809998 79.321412 89.693982 100.000000
4682 0.468200 0.000000 12.103779 24.052071 35.727293 47.070836 58.083324 68.810194 79.321557 89.694060 100.000000
4683 0.468300 0.000000 12.103856 24.052216 35.727489 47.071058 58.083546 68.810389 79.321702 89.694137 100.000000
4684 0.468400 0.000000 12.103933 24.052361 35.727683 47.071279 58.083768 68.810584 79.321847 89.694214 100.000000
4685 0.468500 0.000000 12.104010 24.052505 35.727878 47.071501 58.083989 68.810778 79.321991 89.694290 100.000000
4686 0.468600 0.000000 12.104086 24.052650 35.728073 47.071722 58.084210 68.810973 79.322136 89.694367 100.000000
4687 0.468700 0.000000 12.104163 24.052794 35.728267 47.071942 58.084431 68.811167 79.322280 89.694444 100.000000
4688 0.468800 0.000000 12.104240 24.052938 35.728461 47.072163 58.084651 68.811361 79.322424 89.694520 100.000000
4689 0.468900 0.000000 12.104316 24.053081 35.728654 47.072383 58.084872 68.811555 79.322567 89.694597 100.000000
4690 0.469000 0.000000 12.104393 24.053225 35.728848 47.072603 58.085092 68.811748 79.322711 89.694673 100.000000
4691 0.469100 0.000000 12.104469 24.053368 35.729041 47.072823 58.085311 68.811941 79.322854 89.694750 100.000000
4692 0.469200 0.000000 12.104545 24.053512 35.729234 47.073043 58.085531 68.812134 79.322998 89.694826 100.000000
4693 0.469300 0.000000 12.104621 24.053655 35.729427 47.073262 58.085750 68.812327 79.323141 89.694902 100.000000
4694 0.469400 0.000000 12.104697 24.053798 35.729619 47.073481 58.085969 68.812520 79.323284 89.694978 100.000000
4695 0.469500 0.000000 12.104773 24.053940 35.729812 47.073699 58.086188 68.812712 79.323426 89.695054 100.000000
4696 0.469600 0.000000 12.104849 24.054083 35.730004 47.073918 58.086406 68.812904 79.323569 89.695130 100.000000
4697 0.469700 0.000000 12.104925 24.054225 35.730195 47.074136 58.086624 68.813096 79.323711 89.695206 100.000000
4698 0.469800 0.000000 12.105001 24.054368 35.730387 47.074354 58.086842 68.813287 79.323853 89.695281 100.000000
4699 0.469900 0.000000 12.105076 24.054510 35.730578 47.074571 58.087060 68.813479 79.323996 89.695357 100.000000
4700 0.470000 0.000000 12.105152 24.054651 35.730770 47.074789 58.087277 68.813670 79.324137 89.695432 100.000000
4701 0.470100 0.000000 12.105227 24.054793 35.730960 47.075006 58.087494 68.813861 79.324279 89.695508 100.000000
4702 0.470200 0.000000 12.105302 24.054935 35.731151 47.075223 58.087711 68.814051 79.324421 89.695583 100.000000
4703 0.470300 0.000000 12.105377 24.055076 35.731342 47.075439 58.087927 68.814242 79.324562 89.695658 100.000000
4704 0.470400 0.000000 12.105453 24.055217 35.731532 47.075655 58.088144 68.814432 79.324703 89.695733 100.000000
4705 0.470500 0.000000 12.105528 24.055358 35.731722 47.075871 58.088360 68.814622 79.324844 89.695808 100.000000
4706 0.470600 0.000000 12.105603 24.055499 35.731911 47.076087 58.088576 68.814812 79.324985 89.695883 100.000000
4707 0.470700 0.000000 12.105677 24.055640 35.732101 47.076303 58.088791 68.815001 79.325126 89.695958 100.000000
4708 0.470800 0.000000 12.105752 24.055780 35.732290 47.076518 58.089006 68.815190 79.325266 89.696033 100.000000
4709 0.470900 0.000000 12.105827 24.055920 35.732479 47.076733 58.089221 68.815379 79.325406 89.696108 100.000000
4710 0.471000 0.000000 12.105901 24.056060 35.732668 47.076947 58.089436 68.815568 79.325546 89.696182 100.000000
4711 0.471100 0.000000 12.105976 24.056200 35.732857 47.077162 58.089650 68.815757 79.325686 89.696257 100.000000
4712 0.471200 0.000000 12.106050 24.056340 35.733045 47.077376 58.089864 68.815945 79.325826 89.696331 100.000000
4713 0.471300 0.000000 12.106124 24.056480 35.733233 47.077590 58.090078 68.816133 79.325966 89.696405 100.000000
4714 0.471400 0.000000 12.106199 24.056619 35.733421 47.077804 58.090292 68.816321 79.326105 89.696479 100.000000
4715 0.471500 0.000000 12.106273 24.056759 35.733609 47.078017 58.090505 68.816509 79.326245 89.696554 100.000000
4716 0.471600 0.000000 12.106347 24.056898 35.733796 47.078230 58.090719 68.816696 79.326384 89.696628 100.000000
4717 0.471700 0.000000 12.106421 24.057037 35.733983 47.078443 58.090931 68.816883 79.326523 89.696702 100.000000
4718 0.471800 0.000000 12.106495 24.057175 35.734170 47.078656 58.091144 68.817070 79.326661 89.696775 100.000000
4719 0.471900 0.000000 12.106568 24.057314 35.734357 47.078868 58.091356 68.817257 79.326800 89.696849 100.000000
4720 0.472000 0.000000 12.106642 24.057452 35.734543 47.079080 58.091569 68.817444 79.326938 89.696923 100.000000
4721 0.472100 0.000000 12.106716 24.057591 35.734730 47.079292 58.091780 68.817630 79.327077 89.696996 100.000000
4722 0.472200 0.000000 12.106789 24.057729 35.734916 47.079504 58.091992 68.817816 79.327215 89.697070 100.000000
4723 0.472300 0.000000 12.106862 24.057867 35.735102 47.079715 58.092203 68.818002 79.327353 89.697143 100.000000
4724 0.472400 0.000000 12.106936 24.058005 35.735287 47.079926 58.092414 68.818187 79.327490 89.697217 100.000000
4725 0.472500 0.000000 12.107009 24.058142 35.735473 47.080137 58.092625 68.818373 79.327628 89.697290 100.000000
4726 0.472600 0.000000 12.107082 24.058280 35.735658 47.080347 58.092836 68.818558 79.327766 89.697363 100.000000
4727 0.472700 0.000000 12.107155 24.058417 35.735843 47.080558 58.093046 68.818743 79.327903 89.697436 100.000000
4728 0.472800 0.000000 12.107228 24.058554 35.736027 47.080768 58.093256 68.818928 79.328040 89.697509 100.000000
4729 0.472900 0.000000 12.107301 24.058691 35.736212 47.080977 58.093466 68.819112 79.328177 89.697582 100.000000
4730 0.473000 0.000000 12.107374 24.058828 35.736396 47.081187 58.093675 68.819296 79.328314 89.697654 100.000000
4731 0.473100 0.000000 12.107446 24.058964 35.736580 47.081396 58.093885 68.819480 79.328450 89.697727 100.000000
4732 0.473200 0.000000 12.107519 24.059101 35.736764 47.081605 58.094094 68.819664 79.328587 89.697800 100.000000
4733 0.473300 0.000000 12.107591 24.059237 35.736947 47.081814 58.094302 68.819848 79.328723 89.697872 100.000000
4734 0.473400 0.000000 12.107664 24.059373 35.737131 47.082022 58.094511 68.820031 79.328859 89.697945 100.000000
4735 0.473500 0.000000 12.107736 24.059509 35.737314 47.082231 58.094719 68.820214 79.328995 89.698017 100.000000
4736 0.473600 0.000000 12.107808 24.059645 35.737497 47.082439 58.094927 68.820397 79.329131 89.698089 100.000000
4737 0.473700 0.000000 12.107881 24.059780 35.737680 47.082646 58.095135 68.820580 79.329266 89.698161 100.000000
4738 0.473800 0.000000 12.107953 24.059916 35.737862 47.082854 58.095342 68.820762 79.329402 89.698233 100.000000
4739 0.473900 0.000000 12.108025 24.060051 35.738044 47.083061 58.095550 68.820945 79.329537 89.698305 100.000000
4740 0.474000 0.000000 12.108096 24.060186 35.738226 47.083268 58.095757 68.821127 79.329672 89.698377 100.000000
4741 0.474100 0.000000 12.108168 24.060321 35.738408 47.083475 58.095963 68.821308 79.329807 89.698449 100.000000
4742 0.474200 0.000000 12.108240 24.060456 35.738590 47.083681 58.096170 68.821490 79.329942 89.698521 100.000000
4743 0.474300 0.000000 12.108312 24.060590 35.738771 47.083888 58.096376 68.821671 79.330076 89.698592 100.000000
4744 0.474400 0.000000 12.108383 24.060725 35.738952 47.084093 58.096582 68.821852 79.330211 89.698664 100.000000
4745 0.474500 0.000000 12.108455 24.060859 35.739133 47.084299 58.096788 68.822033 79.330345 89.698735 100.000000
4746 0.474600 0.000000 12.108526 24.060993 35.739314 47.084505 58.096993 68.822214 79.330479 89.698807 100.000000
4747 0.474700 0.000000 12.108597 24.061127 35.739494 47.084710 58.097198 68.822394 79.330613 89.698878 100.000000
4748 0.474800 0.000000 12.108668 24.061261 35.739674 47.084915 58.097403 68.822575 79.330747 89.698949 100.000000
4749 0.474900 0.000000 12.108739 24.061394 35.739854 47.085120 58.097608 68.822755 79.330880 89.699020 100.000000
4750 0.475000 0.000000 12.108810 24.061528 35.740034 47.085324 58.097812 68.822935 79.331014 89.699091 100.000000
4751 0.475100 0.000000 12.108881 24.061661 35.740214 47.085528 58.098017 68.823114 79.331147 89.699162 100.000000
4752 0.475200 0.000000 12.108952 24.061794 35.740393 47.085732 58.098221 68.823293 79.331280 89.699233 100.000000
4753 0.475300 0.000000 12.109023 24.061927 35.740572 47.085936 58.098424 68.823473 79.331413 89.699304 100.000000
4754 0.475400 0.000000 12.109094 24.062060 35.740751 47.086139 58.098628 68.823652 79.331546 89.699374 100.000000
4755 0.475500 0.000000 12.109164 24.062193 35.740930 47.086343 58.098831 68.823830 79.331679 89.699445 100.000000
4756 0.475600 0.000000 12.109235 24.062325 35.741108 47.086546 58.099034 68.824009 79.331811 89.699516 100.000000
4757 0.475700 0.000000 12.109305 24.062458 35.741287 47.086748 58.099237 68.824187 79.331944 89.699586 100.000000
4758 0.475800 0.000000 12.109375 24.062590 35.741465 47.086951 58.099439 68.824365 79.332076 89.699656 100.000000
4759 0.475900 0.000000 12.109446 24.062722 35.741643 47.087153 58.099642 68.824543 79.332208 89.699727 100.000000
4760 0.476000 0.000000 12.109516 24.062854 35.741820 47.087355 58.099844 68.824721 79.332340 89.699797 100.000000
4761 0.476100 0.000000 12.109586 24.062985 35.741998 47.087557 58.100045 68.824898 79.332471 89.699867 100.000000
4762 0.476200 0.000000 12.109656 24.063117 35.742175 47.087758 58.100247 68.825075 79.332603 89.699937 100.000000
4763 0.476300 0.000000 12.109726 24.063248 35.742352 47.087960 58.100448 68.825252 79.332734 89.700007 100.000000
4764 0.476400 0.000000 12.109796 24.063379 35.742529 47.088161 58.100649 68.825429 79.332865 89.700076 100.000000
4765 0.476500 0.000000 12.109865 24.063510 35.742705 47.088361 58.100850 68.825605 79.332996 89.700146 100.000000
4766 0.476600 0.000000 12.109935 24.063641 35.742881 47.088562 58.101050 68.825782 79.333127 89.700216 100.000000
4767 0.476700 0.000000 12.110004 24.063772 35.743058 47.088762 58.101251 68.825958 79.333258 89.700285 100.000000
4768 0.476800 0.000000 12.110074 24.063902 35.743233 47.088962 58.101451 68.826134 79.333389 89.700355 100.000000
4769 0.476900 0.000000 12.110143 24.064033 35.743409 47.089162 58.101650 68.826309 79.333519 89.700424 100.000000
4770 0.477000 0.000000 12.110213 24.064163 35.743585 47.089361 58.101850 68.826485 79.333649 89.700493 100.000000
4771 0.477100 0.000000 12.110282 24.064293 35.743760 47.089561 58.102049 68.826660 79.333779 89.700563 100.000000
4772 0.477200 0.000000 12.110351 24.064423 35.743935 47.089760 58.102248 68.826835 79.333909 89.700632 100.000000
4773 0.477300 0.000000 12.110420 24.064553 35.744110 47.089959 58.102447 68.827010 79.334039 89.700701 100.000000
4774 0.477400 0.000000 12.110489 24.064682 35.744284 47.090157 58.102646 68.827185 79.334169 89.700770 100.000000
4775 0.477500 0.000000 12.110558 24.064812 35.744459 47.090356 58.102844 68.827359 79.334298 89.700839 100.000000
4776 0.477600 0.000000 12.110627 24.064941 35.744633 47.090554 58.103042 68.827533 79.334427 89.700908 100.000000
4777 0.477700 0.000000 12.110695 24.065070 35.744807 47.090751 58.103240 68.827707 79.334556 89.700976 100.000000
4778 0.477800 0.000000 12.110764 24.065199 35.744981 47.090949 58.103437 68.827881 79.334685 89.701045 100.000000
4779 0.477900 0.000000 12.110833 24.065328 35.745154 47.091146 58.103635 68.828055 79.334814 89.701113 100.000000
4780 0.478000 0.000000 12.110901 24.065457 35.745328 47.091344 58.103832 68.828228 79.334943 89.701182 100.000000
4781 0.478100 0.000000 12.110969 24.065585 35.745501 47.091540 58.104029 68.828401 79.335071 89.701250 100.000000
4782 0.478200 0.000000 12.111038 24.065714 35.745674 47.091737 58.104225 68.828574 79.335200 89.701319 100.000000
4783 0.478300 0.000000 12.111106 24.065842 35.745846 47.091933 58.104422 68.828747 79.335328 89.701387 100.000000
4784 0.478400 0.000000 12.111174 24.065970 35.746019 47.092130 58.104618 68.828919 79.335456 89.701455 100.000000
4785 0.478500 0.000000 12.111242 24.066098 35.746191 47.092325 58.104814 68.829092 79.335584 89.701523 100.000000
4786 0.478600 0.000000 12.111310 24.066225 35.746363 47.092521 58.105010 68.829264 79.335712 89.701591 100.000000
4787 0.478700 0.000000 12.111378 24.066353 35.746535 47.092717 58.105205 68.829435 79.335839 89.701659 100.000000
4788 0.478800 0.000000 12.111446 24.066480 35.746707 47.092912 58.105400 68.829607 79.335966 89.701727 100.000000
4789 0.478900 0.000000 12.111513 24.066608 35.746878 47.093107 58.105595 68.829779 79.336094 89.701794 100.000000
4790 0.479000 0.000000 12.111581 24.066735 35.747049 47.093302 58.105790 68.829950 79.336221 89.701862 100.000000
4791 0.479100 0.000000 12.111649 24.066862 35.747220 47.093496 58.105984 68.830121 79.336348 89.701929 100.000000
4792 0.479200 0.000000 12.111716 24.066989 35.747391 47.093690 58.106179 68.830292 79.336475 89.701997 100.000000
4793 0.479300 0.000000 12.111783 24.067115 35.747562 47.093884 58.106373 68.830462 79.336601 89.702064 100.000000
4794 0.479400 0.000000 12.111851 24.067242 35.747732 47.094078 58.106566 68.830633 79.336728 89.702132 100.000000
4795 0.479500 0.000000 12.111918 24.067368 35.747903 47.094272 58.106760 68.830803 79.336854 89.702199 100.000000
4796 0.479600 0.000000 12.111985 24.067494 35.748073 47.094465 58.106953 68.830973 79.336980 89.702266 100.000000
4797 0.479700 0.000000 12.112052 24.067620 35.748242 47.094658 58.107146 68.831143 79.337106 89.702333 100.000000
4798 0.479800 0.000000 12.112119 24.067746 35.748412 47.094851 58.107339 68.831312 79.337232 89.702400 100.000000
4799 0.479900 0.000000 12.112186 24.067872 35.748581 47.095043 58.107532 68.831482 79.337358 89.702467 100.000000
4800 0.480000 0.000000 12.112253 24.067997 35.748750 47.095236 58.107724 68.831651 79.337483 89.702534 100.000000
4801 0.480100 0.000000 12.112319 24.068123 35.748919 47.095428 58.107916 68.831820 79.337609 89.702600 100.000000
4802 0.480200 0.000000 12.112386 24.068248 35.749088 47.095620 58.108108 68.831988 79.337734 89.702667 100.000000
4803 0.480300 0.000000 12.112453 24.068373 35.749257 47.095811 58.108300 68.832157 79.337859 89.702734 100.000000
4804 0.480400 0.000000 12.112519 24.068498 35.749425 47.096003 58.108491 68.832325 79.337984 89.702800 100.000000
4805 0.480500 0.000000 12.112586 24.068623 35.749593 47.096194 58.108683 68.832493 79.338109 89.702866 100.000000
4806 0.480600 0.000000 12.112652 24.068747 35.749761 47.096385 58.108873 68.832661 79.338233 89.702933 100.000000
4807 0.480700 0.000000 12.112718 24.068872 35.749929 47.096576 58.109064 68.832829 79.338358 89.702999 100.000000
4808 0.480800 0.000000 12.112784 24.068996 35.750096 47.096766 58.109255 68.832997 79.338482 89.703065 100.000000
4809 0.480900 0.000000 12.112850 24.069120 35.750264 47.096957 58.109445 68.833164 79.338606 89.703131 100.000000
4810 0.481000 0.000000 12.112916 24.069244 35.750431 47.097147 58.109635 68.833331 79.338731 89.703197 100.000000
4811 0.481100 0.000000 12.112982 24.069368 35.750598 47.097336 58.109825 68.833498 79.338854 89.703263 100.000000
4812 0.481200 0.000000 12.113048 24.069492 35.750764 47.097526 58.110014 68.833665 79.338978 89.703329 100.000000
4813 0.481300 0.000000 12.113114 24.069616 35.750931 47.097715 58.110204 68.833831 79.339102 89.703395 100.000000
4814 0.481400 0.000000 12.113180 24.069739 35.751097 47.097904 58.110393 68.833997 79.339225 89.703460 100.000000
4815 0.481500 0.000000 12.113245 24.069862 35.751263 47.098093 58.110582 68.834164 79.339348 89.703526 100.000000
4816 0.481600 0.000000 12.113311 24.069985 35.751429 47.098282 58.110770 68.834329 79.339472 89.703592 100.000000
4817 0.481700 0.000000 12.113376 24.070108 35.751595 47.098470 58.110959 68.834495 79.339595 89.703657 100.000000
4818 0.481800 0.000000 12.113441 24.070231 35.751760 47.098658 58.111147 68.834661 79.339717 89.703722 100.000000
4819 0.481900 0.000000 12.113507 24.070354 35.751926 47.098846 58.111335 68.834826 79.339840 89.703788 100.000000
4820 0.482000 0.000000 12.113572 24.070476 35.752091 47.099034 58.111523 68.834991 79.339963 89.703853 100.000000
4821 0.482100 0.000000 12.113637 24.070599 35.752256 47.099222 58.111710 68.835156 79.340085 89.703918 100.000000
4822 0.482200 0.000000 12.113702 24.070721 35.752420 47.099409 58.111897 68.835321 79.340207 89.703983 100.000000
4823 0.482300 0.000000 12.113767 24.070843 35.752585 47.099596 58.112084 68.835485 79.340329 89.704048 100.000000
4824 0.482400 0.000000 12.113832 24.070965 35.752749 47.099783 58.112271 68.835649 79.340451 89.704113 100.000000
4825 0.482500 0.000000 12.113897 24.071087 35.752913 47.099969 58.112458 68.835813 79.340573 89.704178 100.000000
4826 0.482600 0.000000 12.113961 24.071209 35.753077 47.100156 58.112644 68.835977 79.340695 89.704242 100.000000
4827 0.482700 0.000000 12.114026 24.071330 35.753241 47.100342 58.112830 68.836141 79.340816 89.704307 100.000000
4828 0.482800 0.000000 12.114091 24.071451 35.753404 47.100528 58.113016 68.836304 79.340937 89.704372 100.000000
4829 0.482900 0.000000 12.114155 24.071573 35.753567 47.100713 58.113202 68.836468 79.341059 89.704436 100.000000
4830 0.483000 0.000000 12.114220 24.071694 35.753730 47.100899 58.113387 68.836631 79.341180 89.704500 100.000000
4831 0.483100 0.000000 12.114284 24.071814 35.753893 47.101084 58.113573 68.836794 79.341301 89.704565 100.000000
4832 0.483200 0.000000 12.114348 24.071935 35.754056 47.101269 58.113758 68.836956 79.341421 89.704629 100.000000
4833 0.483300 0.000000 12.114412 24.072056 35.754218 47.101454 58.113942 68.837119 79.341542 89.704693 100.000000
4834 0.483400 0.000000 12.114476 24.072176 35.754381 47.101638 58.114127 68.837281 79.341662 89.704757 100.000000
4835 0.483500 0.000000 12.114540 24.072297 35.754543 47.101823 58.114311 68.837443 79.341783 89.704821 100.000000
4836 0.483600 0.000000 12.114604 24.072417 35.754705 47.102007 58.114495 68.837605 79.341903 89.704885 100.000000
4837 0.483700 0.000000 12.114668 24.072537 35.754866 47.102191 58.114679 68.837767 79.342023 89.704949 100.000000
4838 0.483800 0.000000 12.114732 24.072657 35.755028 47.102374 58.114863 68.837928 79.342143 89.705013 100.000000
4839 0.483900 0.000000 12.114796 24.072776 35.755189 47.102558 58.115046 68.838090 79.342262 89.705077 100.000000
4840 0.484000 0.000000 12.114859 24.072896 35.755350 47.102741 58.115229 68.838251 79.342382 89.705140 100.000000
4841 0.484100 0.000000 12.114923 24.073015 35.755511 47.102924 58.115412 68.838412 79.342501 89.705204 100.000000
4842 0.484200 0.000000 12.114986 24.073135 35.755672 47.103107 58.115595 68.838572 79.342621 89.705267 100.000000
4843 0.484300 0.000000 12.115050 24.073254 35.755832 47.103289 58.115778 68.838733 79.342740 89.705331 100.000000
4844 0.484400 0.000000 12.115113 24.073373 35.755993 47.103471 58.115960 68.838893 79.342859 89.705394 100.000000
4845 0.484500 0.000000 12.115176 24.073492 35.756153 47.103654 58.116142 68.839053 79.342978 89.705457 100.000000
4846 0.484600 0.000000 12.115239 24.073610 35.756313 47.103835 58.116324 68.839213 79.343096 89.705520 100.000000
4847 0.484700 0.000000 12.115302 24.073729 35.756473 47.104017 58.116506 68.839373 79.343215 89.705583 100.000000
4848 0.484800 0.000000 12.115365 24.073847 35.756632 47.104198 58.116687 68.839532 79.343333 89.705646 100.000000
4849 0.484900 0.000000 12.115428 24.073966 35.756791 47.104380 58.116868 68.839692 79.343452 89.705709 100.000000
4850 0.485000 0.000000 12.115491 24.074084 35.756951 47.104561 58.117049 68.839851 79.343570 89.705772 100.000000
4851 0.485100 0.000000 12.115554 24.074202 35.757110 47.104741 58.117230 68.840010 79.343688 89.705835 100.000000
4852 0.485200 0.000000 12.115617 24.074319 35.757268 47.104922 58.117410 68.840169 79.343806 89.705898 100.000000
4853 0.485300 0.000000 12.115679 24.074437 35.757427 47.105102 58.117591 68.840327 79.343923 89.705960 100.000000
4854 0.485400 0.000000 12.115742 24.074555 35.757585 47.105282 58.117771 68.840486 79.344041 89.706023 100.000000
4855 0.485500 0.000000 12.115804 24.074672 35.757743 47.105462 58.117951 68.840644 79.344158 89.706085 100.000000
4856 0.485600 0.000000 12.115867 24.074789 35.757901 47.105642 58.118130 68.840802 79.344276 89.706148 100.000000
4857 0.485700 0.000000 12.115929 24.074906 35.758059 47.105821 58.118310 68.840960 79.344393 89.706210 100.000000
4858 0.485800 0.000000 12.115991 24.075023 35.758217 47.106001 58.118489 68.841117 79.344510 89.706272 100.000000
4859 0.485900 0.000000 12.116053 24.075140 35.758374 47.106180 58.118668 68.841275 79.344626 89.706334 100.000000
4860 0.486000 0.000000 12.116116 24.075257 35.758531 47.106358 58.118847 68.841432 79.344743 89.706396 100.000000
4861 0.486100 0.000000 12.116178 24.075374 35.758688 47.106537 58.119025 68.841589 79.344860 89.706458 100.000000
4862 0.486200 0.000000 12.116240 24.075490 35.758845 47.106715 58.119204 68.841746 79.344976 89.706520 100.000000
4863 0.486300 0.000000 12.116301 24.075606 35.759002 47.106893 58.119382 68.841902 79.345092 89.706582 100.000000
4864 0.486400 0.000000 12.116363 24.075722 35.759158 47.107071 58.119560 68.842059 79.345208 89.706644 100.000000
4865 0.486500 0.000000 12.116425 24.075838 35.759315 47.107249 58.119737 68.842215 79.345324 89.706706 100.000000
4866 0.486600 0.000000 12.116487 24.075954 35.759471 47.107426 58.119915 68.842371 79.345440 89.706767 100.000000
4867 0.486700 0.000000 12.116548 24.076070 35.759627 47.107604 58.120092 68.842527 79.345556 89.706829 100.000000
4868 0.486800 0.000000 12.116610 24.076185 35.759782 47.107781 58.120269 68.842683 79.345672 89.706890 100.000000
4869 0.486900 0.000000 12.116671 24.076301 35.759938 47.107958 58.120446 68.842838 79.345787 89.706952 100.000000
4870 0.487000 0.000000 12.116732 24.076416 35.760093 47.108134 58.120623 68.842993 79.345902 89.707013 100.000000
4871 0.487100 0.000000 12.116794 24.076531 35.760248 47.108311 58.120799 68.843149 79.346017 89.707074 100.000000
4872 0.487200 0.000000 12.116855 24.076646 35.760403 47.108487 58.120975 68.843304 79.346132 89.707136 100.000000
4873 0.487300 0.000000 12.116916 24.076761 35.760558 47.108663 58.121151 68.843458 79.346247 89.707197 100.000000
4874 0.487400 0.000000 12.116977 24.076876 35.760712 47.108838 58.121327 68.843613 79.346362 89.707258 100.000000
4875 0.487500 0.000000 12.117038 24.076990 35.760867 47.109014 58.121502 68.843767 79.346477 89.707319 100.000000
4876 0.487600 0.000000 12.117099 24.077105 35.761021 47.109189 58.121678 68.843921 79.346591 89.707380 100.000000
4877 0.487700 0.000000 12.117160 24.077219 35.761175 47.109364 58.121853 68.844075 79.346705 89.707440 100.000000
4878 0.487800 0.000000 12.117220 24.077333 35.761329 47.109539 58.122028 68.844229 79.346819 89.707501 100.000000
4879 0.487900 0.000000 12.117281 24.077447 35.761482 47.109714 58.122202 68.844383 79.346933 89.707562 100.000000
4880 0.488000 0.000000 12.117342 24.077561 35.761636 47.109888 58.122377 68.844536 79.347047 89.707622 100.000000
4881 0.488100 0.000000 12.117402 24.077675 35.761789 47.110063 58.122551 68.844689 79.347161 89.707683 100.000000
4882 0.488200 0.000000 12.117463 24.077788 35.761942 47.110237 58.122725 68.844842 79.347275 89.707743 100.000000
4883 0.488300 0.000000 12.117523 24.077902 35.762095 47.110411 58.122899 68.844995 79.347388 89.707804 100.000000
4884 0.488400 0.000000 12.117583 24.078015 35.762248 47.110584 58.123073 68.845148 79.347501 89.707864 100.000000
4885 0.488500 0.000000 12.117643 24.078128 35.762400 47.110758 58.123246 68.845301 79.347615 89.707924 100.000000
4886 0.488600 0.000000 12.117704 24.078241 35.762552 47.110931 58.123419 68.845453 79.347728 89.707984 100.000000
4887 0.488700 0.000000 12.117764 24.078354 35.762705 47.111104 58.123592 68.845605 79.347841 89.708045 100.000000
4888 0.488800 0.000000 12.117824 24.078467 35.762856 47.111277 58.123765 68.845757 79.347953 89.708105 100.000000
4889 0.488900 0.000000 12.117884 24.078580 35.763008 47.111449 58.123938 68.845909 79.348066 89.708164 100.000000
4890 0.489000 0.000000 12.117943 24.078692 35.763160 47.111622 58.124110 68.846060 79.348178 89.708224 100.000000
4891 0.489100 0.000000 12.118003 24.078805 35.763311 47.111794 58.124282 68.846212 79.348291 89.708284 100.000000
4892 0.489200 0.000000 12.118063 24.078917 35.763462 47.111966 58.124454 68.846363 79.348403 89.708344 100.000000
4893 0.489300 0.000000 12.118123 24.079029 35.763613 47.112137 58.124626 68.846514 79.348515 89.708403 100.000000
4894 0.489400 0.000000 12.118182 24.079141 35.763764 47.112309 58.124797 68.846665 79.348627 89.708463 100.000000
4895 0.489500 0.000000 12.118242 24.079253 35.763915 47.112480 58.124969 68.846815 79.348739 89.708523 100.000000
4896 0.489600 0.000000 12.118301 24.079364 35.764065 47.112651 58.125140 68.846966 79.348851 89.708582 100.000000
4897 0.489700 0.000000 12.118360 24.079476 35.764216 47.112822 58.125311 68.847116 79.348962 89.708641 100.000000
4898 0.489800 0.000000 12.118420 24.079587 35.764366 47.112993 58.125481 68.847266 79.349073 89.708701 100.000000
4899 0.489900 0.000000 12.118479 24.079699 35.764516 47.113163 58.125652 68.847416 79.349185 89.708760 100.000000
4900 0.490000 0.000000 12.118538 24.079810 35.764665 47.113334 58.125822 68.847566 79.349296 89.708819 100.000000
4901 0.490100 0.000000 12.118597 24.079921 35.764815 47.113504 58.125992 68.847715 79.349407 89.708878 100.000000
4902 0.490200 0.000000 12.118656 24.080032 35.764964 47.113673 58.126162 68.847865 79.349518 89.708937 100.000000
4903 0.490300 0.000000 12.118715 24.080142 35.765113 47.113843 58.126332 68.848014 79.349628 89.708996 100.000000
4904 0.490400 0.000000 12.118774 24.080253 35.765262 47.114012 58.126501 68.848163 79.349739 89.709055 100.000000
4905 0.490500 0.000000 12.118833 24.080363 35.765411 47.114182 58.126670 68.848312 79.349850 89.709114 100.000000
4906 0.490600 0.000000 12.118891 24.080474 35.765560 47.114351 58.126839 68.848460 79.349960 89.709172 100.000000
4907 0.490700 0.000000 12.118950 24.080584 35.765708 47.114520 58.127008 68.848609 79.350070 89.709231 100.000000
4908 0.490800 0.000000 12.119008 24.080694 35.765857 47.114688 58.127177 68.848757 79.350180 89.709289 100.000000
4909 0.490900 0.000000 12.119067 24.080804 35.766005 47.114857 58.127345 68.848905 79.350290 89.709348 100.000000
4910 0.491000 0.000000 12.119125 24.080914 35.766153 47.115025 58.127513 68.849053 79.350400 89.709406 100.000000
4911 0.491100 0.000000 12.119184 24.081023 35.766300 47.115193 58.127681 68.849201 79.350509 89.709465 100.000000
4912 0.491200 0.000000 12.119242 24.081133 35.766448 47.115361 58.127849 68.849348 79.350619 89.709523 100.000000
4913 0.491300 0.000000 12.119300 24.081242 35.766595 47.115528 58.128017 68.849496 79.350728 89.709581 100.000000
4914 0.491400 0.000000 12.119358 24.081351 35.766742 47.115695 58.128184 68.849643 79.350838 89.709639 100.000000
4915 0.491500 0.000000 12.119416 24.081460 35.766889 47.115863 58.128351 68.849790 79.350947 89.709697 100.000000
4916 0.491600 0.000000 12.119474 24.081569 35.767036 47.116030 58.128518 68.849937 79.351056 89.709755 100.000000
4917 0.491700 0.000000 12.119532 24.081678 35.767183 47.116196 58.128685 68.850083 79.351164 89.709813 100.000000
4918 0.491800 0.000000 12.119590 24.081787 35.767329 47.116363 58.128851 68.850230 79.351273 89.709871 100.000000
4919 0.491900 0.000000 12.119648 24.081896 35.767476 47.116529 58.129018 68.850376 79.351382 89.709929 100.000000
4920 0.492000 0.000000 12.119706 24.082004 35.767622 47.116695 58.129184 68.850522 79.351490 89.709987 100.000000
4921 0.492100 0.000000 12.119763 24.082112 35.767768 47.116861 58.129350 68.850668 79.351599 89.710044 100.000000
4922 0.492200 0.000000 12.119821 24.082221 35.767913 47.117027 58.129516 68.850814 79.351707 89.710102 100.000000
4923 0.492300 0.000000 12.119878 24.082329 35.768059 47.117193 58.129681 68.850959 79.351815 89.710159 100.000000
4924 0.492400 0.000000 12.119936 24.082437 35.768204 47.117358 58.129847 68.851105 79.351923 89.710217 100.000000
4925 0.492500 0.000000 12.119993 24.082544 35.768350 47.117523 58.130012 68.851250 79.352031 89.710274 100.000000
4926 0.492600 0.000000 12.120050 24.082652 35.768495 47.117688 58.130177 68.851395 79.352138 89.710331 100.000000
4927 0.492700 0.000000 12.120108 24.082760 35.768640 47.117853 58.130341 68.851540 79.352246 89.710389 100.000000
4928 0.492800 0.000000 12.120165 24.082867 35.768784 47.118017 58.130506 68.851685 79.352353 89.710446 100.000000
4929 0.492900 0.000000 12.120222 24.082974 35.768929 47.118182 58.130670 68.851829 79.352460 89.710503 100.000000
4930 0.493000 0.000000 12.120279 24.083081 35.769073 47.118346 58.130834 68.851974 79.352568 89.710560 100.000000
4931 0.493100 0.000000 12.120336 24.083188 35.769217 47.118510 58.130998 68.852118 79.352675 89.710617 100.000000
4932 0.493200 0.000000 12.120393 24.083295 35.769361 47.118674 58.131162 68.852262 79.352781 89.710674 100.000000
4933 0.493300 0.000000 12.120449 24.083402 35.769505 47.118837 58.131326 68.852406 79.352888 89.710730 100.000000
4934 0.493400 0.000000 12.120506 24.083509 35.769649 47.119000 58.131489 68.852549 79.352995 89.710787 100.000000
4935 0.493500 0.000000 12.120563 24.083615 35.769792 47.119164 58.131652 68.852693 79.353101 89.710844 100.000000
4936 0.493600 0.000000 12.120619 24.083721 35.769935 47.119327 58.131815 68.852836 79.353208 89.710900 100.000000
4937 0.493700 0.000000 12.120676 24.083828 35.770079 47.119489 58.131978 68.852979 79.353314 89.710957 100.000000
4938 0.493800 0.000000 12.120732 24.083934 35.770222 47.119652 58.132140 68.853122 79.353420 89.711013 100.000000
4939 0.493900 0.000000 12.120789 24.084040 35.770364 47.119814 58.132303 68.853265 79.353526 89.711070 100.000000
4940 0.494000 0.000000 12.120845 24.084145 35.770507 47.119976 58.132465 68.853407 79.353632 89.711126 100.000000
4941 0.494100 0.000000 12.120901 24.084251 35.770649 47.120138 58.132627 68.853550 79.353737 89.711182 100.000000
4942 0.494200 0.000000 12.120957 24.084357 35.770792 47.120300 58.132789 68.853692 79.353843 89.711238 100.000000
4943 0.494300 0.000000 12.121014 24.084462 35.770934 47.120462 58.132950 68.853834 79.353948 89.711294 100.000000
4944 0.494400 0.000000 12.121070 24.084568 35.771075 47.120623 58.133111 68.853976 79.354054 89.711351 100.000000
4945 0.494500 0.000000 12.121126 24.084673 35.771217 47.120784 58.133273 68.854118 79.354159 89.711407 100.000000
4946 0.494600 0.000000 12.121181 24.084778 35.771359 47.120945 58.133434 68.854259 79.354264 89.711462 100.000000
4947 0.494700 0.000000 12.121237 24.084883 35.771500 47.121106 58.133594 68.854401 79.354369 89.711518 100.000000
4948 0.494800 0.000000 12.121293 24.084988 35.771641 47.121266 58.133755 68.854542 79.354474 89.711574 100.000000
4949 0.494900 0.000000 12.121349 24.085092 35.771782 47.121427 58.133915 68.854683 79.354578 89.711630 100.000000
4950 0.495000 0.000000 12.121404 24.085197 35.771923 47.121587 58.134075 68.854824 79.354683 89.711685 100.000000
4951 0.495100 0.000000 12.121460 24.085301 35.772064 47.121747 58.134235 68.854964 79.354787 89.711741 100.000000
4952 0.495200 0.000000 12.121515 24.085405 35.772204 47.121907 58.134395 68.855105 79.354892 89.711796 100.000000
4953 0.495300 0.000000 12.121571 24.085510 35.772345 47.122066 58.134555 68.855245 79.354996 89.711852 100.000000
4954 0.495400 0.000000 12.121626 24.085614 35.772485 47.122226 58.134714 68.855385 79.355100 89.711907 100.000000
4955 0.495500 0.000000 12.121682 24.085718 35.772625 47.122385 58.134873 68.855525 79.355204 89.711962 100.000000
4956 0.495600 0.000000 12.121737 24.085821 35.772765 47.122544 58.135032 68.855665 79.355308 89.712018 100.000000
4957 0.495700 0.000000 12.121792 24.085925 35.772904 47.122703 58.135191 68.855805 79.355411 89.712073 100.000000
4958 0.495800 0.000000 12.121847 24.086029 35.773044 47.122861 58.135350 68.855944 79.355515 89.712128 100.000000
4959 0.495900 0.000000 12.121902 24.086132 35.773183 47.123020 58.135508 68.856084 79.355618 89.712183 100.000000
4960 0.496000 0.000000 12.121957 24.086235 35.773322 47.123178 58.135667 68.856223 79.355721 89.712238 100.000000
4961 0.496100 0.000000 12.122012 24.086338 35.773461 47.123336 58.135825 68.856362 79.355825 89.712293 100.000000
4962 0.496200 0.000000 12.122067 24.086441 35.773600 47.123494 58.135982 68.856501 79.355928 89.712348 100.000000
4963 0.496300 0.000000 12.122121 24.086544 35.773739 47.123652 58.136140 68.856639 79.356031 89.712402 100.000000
4964 0.496400 0.000000 12.122176 24.086647 35.773877 47.123809 58.136298 68.856778 79.356133 89.712457 100.000000
4965 0.496500 0.000000 12.122231 24.086750 35.774016 47.123966 58.136455 68.856916 79.356236 89.712512 100.000000
4966 0.496600 0.000000 12.122285 24.086852 35.774154 47.124123 58.136612 68.857054 79.356339 89.712566 100.000000
4967 0.496700 0.000000 12.122340 24.086955 35.774292 47.124280 58.136769 68.857192 79.356441 89.712621 100.000000
4968 0.496800 0.000000 12.122394 24.087057 35.774430 47.124437 58.136926 68.857330 79.356543 89.712675 100.000000
4969 0.496900 0.000000 12.122449 24.087159 35.774567 47.124594 58.137082 68.857468 79.356645 89.712730 100.000000
4970 0.497000 0.000000 12.122503 24.087261 35.774705 47.124750 58.137238 68.857605 79.356747 89.712784 100.000000
4971 0.497100 0.000000 12.122557 24.087363 35.774842 47.124906 58.137395 68.857742 79.356849 89.712838 100.000000
4972 0.497200 0.000000 12.122611 24.087465 35.774979 47.125062 58.137550 68.857880 79.356951 89.712892 100.000000
4973 0.497300 0.000000 12.122665 24.087567 35.775116 47.125218 58.137706 68.858017 79.357053 89.712946 100.000000
4974 0.497400 0.000000 12.122719 24.087668 35.775253 47.125373 58.137862 68.858153 79.357154 89.713000 100.000000
4975 0.497500 0.000000 12.122773 24.087769 35.775389 47.125529 58.138017 68.858290 79.357256 89.713054 100.000000
4976 0.497600 0.000000 12.122827 24.087871 35.775526 47.125684 58.138172 68.858426 79.357357 89.713108 100.000000
4977 0.497700 0.000000 12.122881 24.087972 35.775662 47.125839 58.138327 68.858563 79.357458 89.713162 100.000000
4978 0.497800 0.000000 12.122935 24.088073 35.775798 47.125994 58.138482 68.858699 79.357559 89.713216 100.000000
4979 0.497900 0.000000 12.122988 24.088174 35.775934 47.126148 58.138637 68.858835 79.357660 89.713269 100.000000
4980 0.498000 0.000000 12.123042 24.088275 35.776070 47.126303 58.138791 68.858971 79.357761 89.713323 100.000000
4981 0.498100 0.000000 12.123096 24.088375 35.776206 47.126457 58.138945 68.859106 79.357862 89.713377 100.000000
4982 0.498200 0.000000 12.123149 24.088476 35.776341 47.126611 58.139099 68.859242 79.357962 89.713430 100.000000
4983 0.498300 0.000000 12.123203 24.088576 35.776476 47.126765 58.139253 68.859377 79.358063 89.713484 100.000000
4984 0.498400 0.000000 12.123256 24.088677 35.776612 47.126918 58.139407 68.859512 79.358163 89.713537 100.000000
4985 0.498500 0.000000 12.123309 24.088777 35.776747 47.127072 58.139560 68.859647 79.358263 89.713590 100.000000
4986 0.498600 0.000000 12.123363 24.088877 35.776881 47.127225 58.139714 68.859782 79.358363 89.713643 100.000000
4987 0.498700 0.000000 12.123416 24.088977 35.777016 47.127378 58.139867 68.859917 79.358463 89.713697 100.000000
4988 0.498800 0.000000 12.123469 24.089077 35.777151 47.127531 58.140020 68.860051 79.358563 89.713750 100.000000
4989 0.498900 0.000000 12.123522 24.089176 35.777285 47.127684 58.140172 68.860185 79.358663 89.713803 100.000000
4990 0.499000 0.000000 12.123575 24.089276 35.777419 47.127837 58.140325 68.860319 79.358762 89.713856 100.000000
4991 0.499100 0.000000 12.123628 24.089375 35.777553 47.127989 58.140477 68.860453 79.358862 89.713909 100.000000
4992 0.499200 0.000000 12.123681 24.089475 35.777687 47.128141 58.140630 68.860587 79.358961 89.713962 100.000000
4993 0.499300 0.000000 12.123733 24.089574 35.777820 47.128293 58.140782 68.860721 79.359060 89.714014 100.000000
4994 0.499400 0.000000 12.123786 24.089673 35.777954 47.128445 58.140933 68.860854 79.359159 89.714067 100.000000
4995 0.499500 0.000000 12.123839 24.089772 35.778087 47.128596 58.141085 68.860988 79.359258 89.714120 100.000000
4996 0.499600 0.000000 12.123891 24.089871 35.778220 47.128748 58.141236 68.861121 79.359357 89.714172 100.000000
4997 0.499700 0.000000 12.123944 24.089969 35.778353 47.128899 58.141388 68.861254 79.359456 89.714225 100.000000
4998 0.499800 0.000000 12.123996 24.090068 35.778486 47.129050 58.141539 68.861387 79.359554 89.714277 100.000000
4999 0.499900 0.000000 12.124049 24.090167 35.778619 47.129201 58.141690 68.861519 79.359653 89.714330 100.000000
5000 0.500000 0.000000 12.124101 24.090265 35.778751 47.129352 58.141840 68.861652 79.359751 89.714382 100.000000
